"sim_id","model","parameter","true","median","q025","q975","width","covered"
1,"oracle","mu",0.1,0.0941748735777203,0.070374179920152,0.119439915607502,0.0490657356873497,TRUE
1,"oracle","K",0.21,0.189805866981947,0.138137533210708,0.263319594226542,0.125182061015834,TRUE
1,"oracle","alpha",0.7,0.753450419315481,0.693884385044097,0.808772704081504,0.114888319037407,TRUE
1,"oracle","c",0.01,0.00742171085139925,0.00377745003867159,0.0139968221953659,0.0102193721566943,TRUE
1,"oracle","p",1.2,1.17212850898256,1.10854589993589,1.24894214012218,0.140396240186294,TRUE
1,"complete","mu",0.1,0.0916796443104602,0.0661048287558495,0.117112085910559,0.0510072571547093,TRUE
1,"complete","K",0.21,0.209059656418095,0.159721168149105,0.280500185730505,0.1207790175814,TRUE
1,"complete","alpha",0.7,0.72340897452635,0.674443003858768,0.768223248705218,0.0937802448464499,TRUE
1,"complete","c",0.01,0.00764698777392253,0.00436182150455707,0.0131186275432336,0.00875680603867653,TRUE
1,"complete","p",1.2,1.16637469380532,1.10584788826628,1.23776921030989,0.13192132204361,TRUE
2,"oracle","mu",0.1,0.084607633794539,0.0594457283170422,0.112551524157976,0.0531057958409342,TRUE
2,"oracle","K",0.21,0.214052025312408,0.167110823197692,0.272307971031112,0.105197147833419,TRUE
2,"oracle","alpha",0.7,0.698356941040899,0.651514272300595,0.743416554495749,0.0919022821951542,TRUE
2,"oracle","c",0.01,0.0135574563099117,0.00790678426164921,0.0221003939727182,0.014193609711069,TRUE
2,"oracle","p",1.2,1.20835236283826,1.14452903990385,1.28417055337186,0.139641513468014,TRUE
2,"complete","mu",0.1,0.0861343870545175,0.0609752724852585,0.113826518068324,0.0528512455830653,TRUE
2,"complete","K",0.21,0.202615671354092,0.162399516107096,0.258533323779596,0.0961338076724998,TRUE
2,"complete","alpha",0.7,0.706530090527266,0.663759482222866,0.746114792099753,0.0823553098768872,TRUE
2,"complete","c",0.01,0.0129010832548442,0.00783433952052646,0.0204033725070654,0.0125690329865389,TRUE
2,"complete","p",1.2,1.21712617788287,1.15621604597518,1.29127864001555,0.135062594040373,TRUE
3,"oracle","mu",0.1,0.110032008352305,0.0806396776068826,0.138220675339361,0.0575809977324785,TRUE
3,"oracle","K",0.21,0.196812534801645,0.141265366715987,0.283528902314173,0.142263535598186,TRUE
3,"oracle","alpha",0.7,0.716688694526613,0.655730589785993,0.775665433723021,0.119934843937028,TRUE
3,"oracle","c",0.01,0.00986681331920791,0.0050679046973717,0.0187720104902065,0.0137041057928348,TRUE
3,"oracle","p",1.2,1.21745922952284,1.13159554898589,1.33010919547371,0.198513646487818,TRUE
3,"complete","mu",0.1,0.104458872941985,0.076656777516906,0.134006979697177,0.0573502021802709,TRUE
3,"complete","K",0.21,0.221865914176466,0.164456863398868,0.311803827608729,0.147346964209861,TRUE
3,"complete","alpha",0.7,0.686689386342351,0.638501681023472,0.732164515971139,0.0936628349476677,TRUE
3,"complete","c",0.01,0.0084420671022065,0.00468565260940648,0.0147307286763537,0.0100450760669472,TRUE
3,"complete","p",1.2,1.18793392493056,1.11025489893688,1.28063816842234,0.170383269485457,TRUE
4,"oracle","mu",0.1,0.123108203801483,0.0963377343584934,0.148997561644311,0.0526598272858176,TRUE
4,"oracle","K",0.21,0.155118692529939,0.110789818255486,0.219879764766933,0.109089946511446,TRUE
4,"oracle","alpha",0.7,0.754140659440063,0.69168269605646,0.81054650614601,0.11886381008955,TRUE
4,"oracle","c",0.01,0.0147351779188566,0.00674537378946604,0.0296091756552321,0.022863801865766,TRUE
4,"oracle","p",1.2,1.25614110914189,1.15847869071334,1.37209941499845,0.213620724285107,TRUE
4,"complete","mu",0.1,0.11984171456031,0.0941422635410942,0.147032986651384,0.0528907231102901,TRUE
4,"complete","K",0.21,0.171043314192787,0.124757603772295,0.235453614467584,0.110696010695289,TRUE
4,"complete","alpha",0.7,0.725386570027468,0.674358320509497,0.774165496589803,0.0998071760803061,TRUE
4,"complete","c",0.01,0.0154801310489222,0.0082333245406182,0.0277794039185469,0.0195460793779287,TRUE
4,"complete","p",1.2,1.24505469856284,1.15367251461305,1.3620182067913,0.208345692178249,TRUE
5,"oracle","mu",0.1,0.116540580889139,0.0868656763217146,0.148274988279124,0.0614093119574091,TRUE
5,"oracle","K",0.21,0.213016409576122,0.16446721886014,0.276539561705075,0.112072342844935,TRUE
5,"oracle","alpha",0.7,0.71093853904826,0.658276411974915,0.761374884243096,0.103098472268181,TRUE
5,"oracle","c",0.01,0.0134190829064913,0.00803303038367421,0.0219776494961357,0.0139446191124615,TRUE
5,"oracle","p",1.2,1.21726329379773,1.14944548978225,1.30159060995821,0.152145120175954,TRUE
5,"complete","mu",0.1,0.116917138038912,0.0885164494802602,0.146929314983421,0.0584128655031603,TRUE
5,"complete","K",0.21,0.210786962668398,0.170445504578783,0.261839844818745,0.0913943402399615,TRUE
5,"complete","alpha",0.7,0.709668259968619,0.668125075038565,0.748864638951158,0.0807395639125931,TRUE
5,"complete","c",0.01,0.0124179981337991,0.00779002655784526,0.0192276059268359,0.0114375793689906,TRUE
5,"complete","p",1.2,1.21352432686506,1.15173171666807,1.29022806329192,0.138496346623848,TRUE
6,"oracle","mu",0.1,0.115137712820392,0.0906058077109947,0.140255671972708,0.0496498642617138,TRUE
6,"oracle","K",0.21,0.15760188755462,0.111776397384895,0.221360068508827,0.109583671123932,TRUE
6,"oracle","alpha",0.7,0.720514710872864,0.657369061849469,0.778294413967622,0.120925352118153,TRUE
6,"oracle","c",0.01,0.0241278893237026,0.0115942242139133,0.0495931604164066,0.0379989362024933,FALSE
6,"oracle","p",1.2,1.32934802007561,1.1983738458125,1.50064470809466,0.30227086228216,TRUE
6,"complete","mu",0.1,0.116630736570708,0.0935240360116991,0.141520758382295,0.0479967223705958,TRUE
6,"complete","K",0.21,0.149576469896003,0.111840878842761,0.203687380244013,0.0918465014012515,FALSE
6,"complete","alpha",0.7,0.726895751440142,0.678087805088746,0.773101968841897,0.0950141637531516,TRUE
6,"complete","c",0.01,0.0188335669820565,0.0100815857929686,0.0338713055192779,0.0237897197263093,FALSE
6,"complete","p",1.2,1.31708534934795,1.2036835844597,1.47725099159567,0.273567407135965,FALSE
7,"oracle","mu",0.1,0.092718671977241,0.0681188256494428,0.118066918521733,0.0499480928722899,TRUE
7,"oracle","K",0.21,0.229589408054886,0.17230457364411,0.30544470390174,0.13314013025763,TRUE
7,"oracle","alpha",0.7,0.685194705648427,0.623012155621957,0.7434641539397,0.120451998317743,TRUE
7,"oracle","c",0.01,0.0135602619095262,0.00695822694864658,0.0248483773862853,0.0178901504376387,TRUE
7,"oracle","p",1.2,1.2644188348891,1.16826921747862,1.38096232303686,0.212693105558234,TRUE
7,"complete","mu",0.1,0.0908458826962919,0.066545754228964,0.115008404745707,0.0484626505167433,TRUE
7,"complete","K",0.21,0.250004068814568,0.193535717677527,0.325393692331122,0.131857974653595,TRUE
7,"complete","alpha",0.7,0.648929459452807,0.5965021607596,0.69721844279684,0.10071628203724,FALSE
7,"complete","c",0.01,0.0149740239113233,0.00800022419316207,0.0266963102760218,0.0186960860828598,TRUE
7,"complete","p",1.2,1.26420757528099,1.17095237358777,1.38275862982044,0.211806256232663,TRUE
8,"oracle","mu",0.1,0.09637011930525,0.0727137650348232,0.121946387778731,0.0492326227439081,TRUE
8,"oracle","K",0.21,0.2278419486341,0.17323430704173,0.307075488206506,0.133841181164775,TRUE
8,"oracle","alpha",0.7,0.694152188399646,0.638788375546904,0.746370194938461,0.107581819391557,TRUE
8,"oracle","c",0.01,0.0202009242459961,0.00966623904444074,0.0397112112705523,0.0300449722261115,TRUE
8,"oracle","p",1.2,1.2385376093184,1.14502879887514,1.36539810952376,0.220369310648623,TRUE
8,"complete","mu",0.1,0.0966491963973836,0.0722502002816076,0.121612044109248,0.0493618438276407,TRUE
8,"complete","K",0.21,0.226724252798097,0.174102385960745,0.299985260197363,0.125882874236618,TRUE
8,"complete","alpha",0.7,0.689921144945435,0.641268519962844,0.735314622820726,0.0940461028578816,TRUE
8,"complete","c",0.01,0.0173522227357701,0.00941627480006357,0.030707682405291,0.0212914076052275,TRUE
8,"complete","p",1.2,1.22976496511627,1.14211312992485,1.33691684397276,0.194803714047916,TRUE
9,"oracle","mu",0.1,0.0979603509923426,0.0730186432076011,0.124608077842273,0.051589434634672,TRUE
9,"oracle","K",0.21,0.230616586576238,0.162876097300918,0.343749837732523,0.180873740431604,TRUE
9,"oracle","alpha",0.7,0.701962662008803,0.63841710484411,0.757122161445164,0.118705056601054,TRUE
9,"oracle","c",0.01,0.0091360338533048,0.00437514697776062,0.0179422028872842,0.0135670559095236,TRUE
9,"oracle","p",1.2,1.1589964168583,1.0871489307451,1.2557706993836,0.1686217686385,TRUE
9,"complete","mu",0.1,0.103333299301893,0.0791086130504823,0.130133709745624,0.0510250966951422,TRUE
9,"complete","K",0.21,0.202434154402775,0.149454796361174,0.285562748519235,0.136107952158061,TRUE
9,"complete","alpha",0.7,0.715769183374961,0.668595602674595,0.760112449920528,0.0915168472459333,TRUE
9,"complete","c",0.01,0.00869630342158369,0.00491073188714279,0.0150062668992027,0.0100955350120599,TRUE
9,"complete","p",1.2,1.17877324468183,1.10351796675888,1.26943133549137,0.165913368732497,TRUE
10,"oracle","mu",0.1,0.108522474544842,0.0843249095901565,0.134602588082526,0.0502776784923697,TRUE
10,"oracle","K",0.21,0.162730228817847,0.120799378299352,0.216169343521211,0.0953699652218592,TRUE
10,"oracle","alpha",0.7,0.724813945004358,0.667836745379092,0.778588710983912,0.11075196560482,TRUE
10,"oracle","c",0.01,0.0216344599999654,0.0113063220318894,0.0397762561599942,0.0284699341281048,FALSE
10,"oracle","p",1.2,1.33729636927662,1.23203210457879,1.47852422139862,0.246492116819834,FALSE
10,"complete","mu",0.1,0.108689035636963,0.084286367162051,0.134572852242331,0.0502864850802802,TRUE
10,"complete","K",0.21,0.163443557117038,0.124435866752346,0.210840087610679,0.0864042208583327,TRUE
10,"complete","alpha",0.7,0.718476086515888,0.672128474662685,0.76568921081166,0.0935607361489748,TRUE
10,"complete","c",0.01,0.0185541663947959,0.0107888399072674,0.0326331897511822,0.0218443498439148,FALSE
10,"complete","p",1.2,1.32077466570346,1.22373346984584,1.44722822336576,0.223494753519921,FALSE
11,"oracle","mu",0.1,0.134859503812444,0.104151194350544,0.165757954868268,0.0616067605177233,FALSE
11,"oracle","K",0.21,0.198076590544348,0.156814255003213,0.252638087607211,0.0958238326039978,TRUE
11,"oracle","alpha",0.7,0.704757086402488,0.654853526280279,0.752193330364881,0.0973398040846019,TRUE
11,"oracle","c",0.01,0.0105382565436532,0.00654013787525372,0.0168342853247148,0.0102941474494611,TRUE
11,"oracle","p",1.2,1.23930470028393,1.17217268080523,1.32215195162713,0.149979270821898,TRUE
11,"complete","mu",0.1,0.132833340611256,0.101662389773443,0.164160757836179,0.0624983680627357,FALSE
11,"complete","K",0.21,0.21664209689473,0.17277255188981,0.269913806037123,0.097141254147313,TRUE
11,"complete","alpha",0.7,0.676267883830639,0.633881485340254,0.71856866653362,0.0846871811933657,TRUE
11,"complete","c",0.01,0.0113871075515373,0.00713799197087503,0.0180552029913689,0.0109172110204939,TRUE
11,"complete","p",1.2,1.24116262629585,1.1715966734849,1.32681987000527,0.155223196520366,TRUE
12,"oracle","mu",0.1,0.0924793578012663,0.0685270420436193,0.117912334043441,0.0493852919998214,TRUE
12,"oracle","K",0.21,0.228764675157552,0.174330806144359,0.30722341126364,0.132892605119282,TRUE
12,"oracle","alpha",0.7,0.682853391347209,0.626779641170887,0.732167284994839,0.105387643823951,TRUE
12,"oracle","c",0.01,0.007853400564075,0.00416379500766579,0.0144470424047182,0.0102832473970525,TRUE
12,"oracle","p",1.2,1.19328683903826,1.12357556000408,1.27706856719718,0.153493007193108,TRUE
12,"complete","mu",0.1,0.0937676407630592,0.0706876780480873,0.119260780146963,0.0485731020988758,TRUE
12,"complete","K",0.21,0.230188877957506,0.178800861124337,0.296780053763189,0.117979192638853,TRUE
12,"complete","alpha",0.7,0.670074240680924,0.626269953393092,0.714135522809885,0.0878655694167931,TRUE
12,"complete","c",0.01,0.00775488444782333,0.00463848056459743,0.0127822833099838,0.00814380274538633,TRUE
12,"complete","p",1.2,1.19647784037978,1.13174972441616,1.27466477537748,0.142915050961318,TRUE
13,"oracle","mu",0.1,0.106944203116265,0.0798953983921362,0.134154506976488,0.0542591085843514,TRUE
13,"oracle","K",0.21,0.195612350347341,0.139445220507226,0.283529162570923,0.144083942063698,TRUE
13,"oracle","alpha",0.7,0.68523069694595,0.617437166831316,0.74525622323553,0.127819056404214,TRUE
13,"oracle","c",0.01,0.0146582292111355,0.00637959283389378,0.0329047843714983,0.0265251915376045,TRUE
13,"oracle","p",1.2,1.2443263565306,1.13560579504638,1.395806290641,0.260200495594621,TRUE
13,"complete","mu",0.1,0.110789824547785,0.0855114384875741,0.136221304616078,0.0507098661285038,TRUE
13,"complete","K",0.21,0.174260315628833,0.127599899292349,0.239026003288938,0.111426103996589,TRUE
13,"complete","alpha",0.7,0.709726466733526,0.659300443607198,0.759295987522552,0.0999955439153538,TRUE
13,"complete","c",0.01,0.00910962063949173,0.00478624965372667,0.0166537659820017,0.0118675163282751,TRUE
13,"complete","p",1.2,1.22841717275476,1.14111047095443,1.33611618088889,0.195005709934459,TRUE
14,"oracle","mu",0.1,0.100354973630127,0.0709612941117801,0.131263222594866,0.0603019284830859,TRUE
14,"oracle","K",0.21,0.197913627647671,0.16485056931383,0.235197893242754,0.0703473239289245,TRUE
14,"oracle","alpha",0.7,0.709845013708552,0.680112898962394,0.738960292094565,0.0588473931321712,TRUE
14,"oracle","c",0.01,0.0131607466468475,0.0089260766240773,0.0190128678077558,0.0100867911836785,TRUE
14,"oracle","p",1.2,1.22374054962912,1.17518042599996,1.27775367874538,0.102573252745423,TRUE
14,"complete","mu",0.1,0.100352186728013,0.0709319641131815,0.129866213547974,0.0589342494347927,TRUE
14,"complete","K",0.21,0.196367594458734,0.164937697573204,0.231241214039267,0.0663035164660623,TRUE
14,"complete","alpha",0.7,0.710720037094257,0.682571559975462,0.738469713176135,0.0558981532006725,TRUE
14,"complete","c",0.01,0.0128229937479158,0.0091212902611675,0.0179610371932398,0.00883974693207233,TRUE
14,"complete","p",1.2,1.22651678552439,1.18018816602392,1.27700890228451,0.0968207362605893,TRUE
15,"oracle","mu",0.1,0.0990934985757133,0.0716161438600836,0.127226067446905,0.0556099235868212,TRUE
15,"oracle","K",0.21,0.207821443081322,0.141305909311588,0.366478403065417,0.225172493753829,TRUE
15,"oracle","alpha",0.7,0.700214740802166,0.634916418296277,0.759907685162889,0.124991266866612,TRUE
15,"oracle","c",0.01,0.00797688568974722,0.00316216858794697,0.018687378281867,0.01552520969392,TRUE
15,"oracle","p",1.2,1.16813453501908,1.0705809205642,1.29485625005104,0.224275329486849,TRUE
15,"complete","mu",0.1,0.104245009325026,0.0784499851509016,0.130361893105091,0.0519119079541899,TRUE
15,"complete","K",0.21,0.18759160840132,0.133563234632062,0.280683805153058,0.147120570520996,TRUE
15,"complete","alpha",0.7,0.711449542475487,0.66092004343841,0.758465261654252,0.0975452182158427,TRUE
15,"complete","c",0.01,0.00655807409925646,0.00309088756337638,0.0131070945089495,0.0100162069455731,TRUE
15,"complete","p",1.2,1.17715241672863,1.09095267678119,1.28534252323101,0.194389846449816,TRUE
16,"oracle","mu",0.1,0.119553586829135,0.0910090533304622,0.148009430717475,0.0570003773870131,TRUE
16,"oracle","K",0.21,0.190437650646146,0.155842590145443,0.231480516012303,0.0756379258668595,TRUE
16,"oracle","alpha",0.7,0.71414154222335,0.678595617028442,0.74610259891096,0.0675069818825184,TRUE
16,"oracle","c",0.01,0.0135502371341954,0.00907213363146966,0.0198919072122379,0.0108197735807682,TRUE
16,"oracle","p",1.2,1.26271975680858,1.19984374066233,1.33806146551274,0.138217724850411,TRUE
16,"complete","mu",0.1,0.119508508361369,0.0912607653182413,0.147955611969991,0.0566948466517501,TRUE
16,"complete","K",0.21,0.187140751913581,0.156024336513549,0.224741972229855,0.0687176357163062,TRUE
16,"complete","alpha",0.7,0.714718304087569,0.683145760111775,0.745242735416504,0.0620969753047291,TRUE
16,"complete","c",0.01,0.0121324991192706,0.00826550207315098,0.017540843294024,0.00927534122087301,TRUE
16,"complete","p",1.2,1.25249582952026,1.19549828289256,1.32354565594224,0.128047373049677,TRUE
17,"oracle","mu",0.1,0.113067319637777,0.0906527626701884,0.137565676253371,0.0469129135831828,TRUE
17,"oracle","K",0.21,0.171479536206955,0.130694796579578,0.225341487465997,0.0946466908864184,TRUE
17,"oracle","alpha",0.7,0.737651405871624,0.680297678989884,0.791320361542723,0.111022682552839,TRUE
17,"oracle","c",0.01,0.0128586895965067,0.00747784888360828,0.0215266846869506,0.0140488358033423,TRUE
17,"oracle","p",1.2,1.27435129266811,1.19373782587712,1.37661317210087,0.182875346223757,TRUE
17,"complete","mu",0.1,0.111117991044707,0.0881481986685928,0.1359287337175,0.0477805350489076,TRUE
17,"complete","K",0.21,0.18469272317109,0.143868941671263,0.2343323069317,0.0904633652604367,TRUE
17,"complete","alpha",0.7,0.714011238051339,0.665664704685007,0.757810795439299,0.0921460907542926,TRUE
17,"complete","c",0.01,0.0114091709472143,0.00696477283136103,0.0180439983011796,0.0110792254698186,TRUE
17,"complete","p",1.2,1.25479095948892,1.17811259314588,1.34516130043639,0.167048707290512,TRUE
18,"oracle","mu",0.1,0.110478334302742,0.0836723747713561,0.137973786261489,0.0543014114901324,TRUE
18,"oracle","K",0.21,0.227620363698119,0.174283911036973,0.301629843083205,0.127345932046232,TRUE
18,"oracle","alpha",0.7,0.675889954614555,0.615002827874639,0.730406420001992,0.115403592127353,TRUE
18,"oracle","c",0.01,0.0076282763975403,0.0041310464918367,0.0140509509690907,0.00991990447725404,TRUE
18,"oracle","p",1.2,1.20471567874196,1.13323426205566,1.29180705088666,0.158572788831003,TRUE
18,"complete","mu",0.1,0.110831095436617,0.0842287962729196,0.138440251277933,0.0542114550050133,TRUE
18,"complete","K",0.21,0.233735605176307,0.182073413050976,0.302793445007444,0.120720031956469,TRUE
18,"complete","alpha",0.7,0.661104261413616,0.608918142173702,0.709256971132932,0.100338828959229,TRUE
18,"complete","c",0.01,0.00699545012027239,0.00405539735575507,0.0119407650973426,0.00788536774158752,TRUE
18,"complete","p",1.2,1.20217849925308,1.1360575129269,1.28309196327254,0.147034450345637,TRUE
19,"oracle","mu",0.1,0.119843920727153,0.0926622994449869,0.147648791383569,0.0549864919385821,TRUE
19,"oracle","K",0.21,0.172957099386695,0.130951733943789,0.224121226127757,0.0931694921839682,TRUE
19,"oracle","alpha",0.7,0.729583187273495,0.677053858633478,0.779859727016404,0.102805868382926,TRUE
19,"oracle","c",0.01,0.010664949277693,0.00619295270654631,0.0178337055160061,0.0116407528094598,TRUE
19,"oracle","p",1.2,1.23453774273594,1.17345329299477,1.3137975349366,0.140344241941838,TRUE
19,"complete","mu",0.1,0.116035818074197,0.0885926888585483,0.145029290593701,0.0564366017351525,TRUE
19,"complete","K",0.21,0.191923602514625,0.152925012415009,0.245500385909013,0.0925753734940043,TRUE
19,"complete","alpha",0.7,0.697796987809172,0.653172216407945,0.740438093640105,0.0872658772321605,TRUE
19,"complete","c",0.01,0.0103823326313222,0.00641713247080705,0.0169158118527642,0.0104986793819571,TRUE
19,"complete","p",1.2,1.22366877212826,1.16229247238122,1.30020706472512,0.137914592343901,TRUE
20,"oracle","mu",0.1,0.100644854437951,0.0723145013931657,0.129241776916755,0.0569272755235891,TRUE
20,"oracle","K",0.21,0.231961405367882,0.175547515134006,0.311172429085604,0.135624913951598,TRUE
20,"oracle","alpha",0.7,0.687371445861729,0.632714497284694,0.738627370902936,0.105912873618241,TRUE
20,"oracle","c",0.01,0.013833061376551,0.00712513497155395,0.0259095982050348,0.0187844632334808,TRUE
20,"oracle","p",1.2,1.20496793875683,1.1259191026506,1.30310763901951,0.177188536368917,TRUE
20,"complete","mu",0.1,0.103254217431478,0.0760060898606099,0.13276659352257,0.05676050366196,TRUE
20,"complete","K",0.21,0.216232809542348,0.164687741656758,0.288755979081557,0.124068237424799,TRUE
20,"complete","alpha",0.7,0.705250299888665,0.659859929619627,0.748368060772672,0.0885081311530453,TRUE
20,"complete","c",0.01,0.00907920951977541,0.00532264135201977,0.0153200167458042,0.00999737539378442,TRUE
20,"complete","p",1.2,1.18601340311086,1.11641101621252,1.27235398865799,0.155942972445471,TRUE
21,"oracle","mu",0.1,0.101795719530081,0.073725511451256,0.13083006162835,0.0571045501770941,TRUE
21,"oracle","K",0.21,0.21388643473834,0.158601726483739,0.307570506078071,0.148968779594332,TRUE
21,"oracle","alpha",0.7,0.731123330522933,0.673230956077496,0.783655577724311,0.110424621646814,TRUE
21,"oracle","c",0.01,0.00819877844255435,0.00395284232666942,0.0162893993343418,0.0123365570076724,TRUE
21,"oracle","p",1.2,1.17631563613764,1.10067837565303,1.27511295716857,0.174434581515537,TRUE
21,"complete","mu",0.1,0.101273745860524,0.0742406499542616,0.12949426278517,0.0552536128309082,TRUE
21,"complete","K",0.21,0.224913062949994,0.171223423424611,0.303722971260616,0.132499547836005,TRUE
21,"complete","alpha",0.7,0.707773115310946,0.662001906758181,0.751420187211999,0.0894182804538183,TRUE
21,"complete","c",0.01,0.00842447044300273,0.00469245005797175,0.0149408736131599,0.0102484235551882,TRUE
21,"complete","p",1.2,1.17839679577274,1.10545546206562,1.26479875372813,0.159343291662506,TRUE
22,"oracle","mu",0.1,0.102356534398897,0.077823984662981,0.127885010735389,0.0500610260724077,TRUE
22,"oracle","K",0.21,0.188930769859999,0.14604892086249,0.245666024519021,0.0996171036565306,TRUE
22,"oracle","alpha",0.7,0.710817368745125,0.659055010885753,0.755511277144205,0.0964562662584518,TRUE
22,"oracle","c",0.01,0.0193424104357285,0.0108719454728974,0.0329954580915397,0.0221235126186423,FALSE
22,"oracle","p",1.2,1.24193221391686,1.16452436410766,1.32815139305457,0.16362702894691,TRUE
22,"complete","mu",0.1,0.102523294171828,0.077936064351927,0.12669739291487,0.0487613285629429,TRUE
22,"complete","K",0.21,0.187908182628438,0.147610013703362,0.242869775760068,0.0952597620567061,TRUE
22,"complete","alpha",0.7,0.709815483080945,0.664782727752199,0.751973545631124,0.0871908178789255,TRUE
22,"complete","c",0.01,0.0165716985338513,0.00983246957231415,0.027414758796744,0.0175822892244299,TRUE
22,"complete","p",1.2,1.23017503461913,1.1610474982708,1.31753489707645,0.156487398805645,TRUE
23,"oracle","mu",0.1,0.114659059857129,0.0883365192584699,0.142942716793348,0.0546061975348785,TRUE
23,"oracle","K",0.21,0.182749997465445,0.135306784091855,0.24624876865536,0.110941984563505,TRUE
23,"oracle","alpha",0.7,0.734243458586662,0.680438829198595,0.786194855414132,0.105756026215537,TRUE
23,"oracle","c",0.01,0.00848781111024187,0.00428129735909961,0.0165033196284687,0.0122220222693691,TRUE
23,"oracle","p",1.2,1.1987886370947,1.12615765192495,1.28884519770331,0.162687545778365,TRUE
23,"complete","mu",0.1,0.116902322712702,0.0919215874577362,0.142689784346779,0.0507681968890433,TRUE
23,"complete","K",0.21,0.183110256192616,0.13812405416952,0.234976071473478,0.0968520173039571,TRUE
23,"complete","alpha",0.7,0.719957747743585,0.676407422815033,0.766185534697461,0.0897781118824281,TRUE
23,"complete","c",0.01,0.0102947777696992,0.00602001891305745,0.0169879315802523,0.0109679126671949,TRUE
23,"complete","p",1.2,1.21682336442771,1.14827380277495,1.29642287031445,0.148149067539499,TRUE
24,"oracle","mu",0.1,0.0963690335371887,0.0698403875400027,0.124382001839417,0.0545416142994138,TRUE
24,"oracle","K",0.21,0.193667726562793,0.144781730363828,0.264432192051554,0.119650461687727,TRUE
24,"oracle","alpha",0.7,0.724912648526613,0.673688570787892,0.774594726058552,0.10090615527066,TRUE
24,"oracle","c",0.01,0.0102621246931052,0.00549140929545277,0.0184471685137113,0.0129557592182585,TRUE
24,"oracle","p",1.2,1.20224387188472,1.13295824497381,1.28972956182116,0.156771316847347,TRUE
24,"complete","mu",0.1,0.0958217939863715,0.0704211991060581,0.123375487464245,0.0529542883581869,TRUE
24,"complete","K",0.21,0.199509256498785,0.154624677899259,0.264196241057384,0.109571563158125,TRUE
24,"complete","alpha",0.7,0.71290012895273,0.667353901954568,0.755331885390584,0.0879779834360155,TRUE
24,"complete","c",0.01,0.00974327660331674,0.00546517447497895,0.0169524069535608,0.0114872324785818,TRUE
24,"complete","p",1.2,1.1993362308839,1.13193459621548,1.27960306150579,0.147668465290308,TRUE
25,"oracle","mu",0.1,0.0802412989802958,0.0474581693426725,0.112475073581753,0.0650169042390808,TRUE
25,"oracle","K",0.21,0.251320061770733,0.178418593962323,0.406561247168086,0.228142653205763,TRUE
25,"oracle","alpha",0.7,0.706649692856611,0.65099058528832,0.758032906289379,0.107042321001058,TRUE
25,"oracle","c",0.01,0.0105878637286371,0.00532943749664884,0.0199761821460149,0.014646744649366,TRUE
25,"oracle","p",1.2,1.13222433911104,1.06585157906154,1.21595727928112,0.15010570021958,TRUE
25,"complete","mu",0.1,0.0826631117304961,0.0504167882262576,0.116568234636072,0.0661514464098146,TRUE
25,"complete","K",0.21,0.24799509274242,0.177614759527526,0.374578991745715,0.196964232218189,TRUE
25,"complete","alpha",0.7,0.696002173959453,0.649313155730129,0.743202015924301,0.093888860194172,TRUE
25,"complete","c",0.01,0.0117810567525357,0.0063253880907763,0.0206905908390924,0.0143652027483161,TRUE
25,"complete","p",1.2,1.14450472788625,1.07643457125602,1.22675895353526,0.150324382279241,TRUE
26,"oracle","mu",0.1,0.103275040400424,0.0772264496301909,0.132106968280192,0.0548805186500012,TRUE
26,"oracle","K",0.21,0.189874276451225,0.137918612638335,0.266842330154597,0.128923717516262,TRUE
26,"oracle","alpha",0.7,0.743575274514115,0.686456306844342,0.795245045489805,0.108788738645464,TRUE
26,"oracle","c",0.01,0.0108839375272583,0.0057901385901569,0.0196634655374019,0.013873326947245,TRUE
26,"oracle","p",1.2,1.17737179728537,1.10585981031515,1.26615525501022,0.160295444695069,TRUE
26,"complete","mu",0.1,0.102549589339627,0.0765419946281462,0.130061827918297,0.0535198332901511,TRUE
26,"complete","K",0.21,0.199533301824524,0.151473288444987,0.269575403823333,0.118102115378346,TRUE
26,"complete","alpha",0.7,0.728803661485765,0.683698610477983,0.772212505006757,0.088513894528774,TRUE
26,"complete","c",0.01,0.0101169601910849,0.00591574316128914,0.0175535756026743,0.0116378324413852,TRUE
26,"complete","p",1.2,1.17133373106822,1.10360374056841,1.25468073989982,0.151076999331416,TRUE
27,"oracle","mu",0.1,0.102180761662858,0.0769189234829588,0.128655064482796,0.0517361409998377,TRUE
27,"oracle","K",0.21,0.205916614554289,0.150366905220139,0.27923853660368,0.128871631383541,TRUE
27,"oracle","alpha",0.7,0.70760331023212,0.648757156208811,0.764269036131226,0.115511879922415,TRUE
27,"oracle","c",0.01,0.0159628687355008,0.00783608824924378,0.0317350129443893,0.0238989246951455,TRUE
27,"oracle","p",1.2,1.23311356922044,1.14526415407169,1.35598122215326,0.21071706808157,TRUE
27,"complete","mu",0.1,0.100448030615058,0.0748510878300731,0.127735411655791,0.0528843238257175,TRUE
27,"complete","K",0.21,0.214446739262223,0.160724187953458,0.294549079353353,0.133824891399895,TRUE
27,"complete","alpha",0.7,0.692743612745483,0.643096005335666,0.741303049879649,0.098207044543983,TRUE
27,"complete","c",0.01,0.0129923540483779,0.00693536839276626,0.0235649405139502,0.0166295721211839,TRUE
27,"complete","p",1.2,1.20976909221305,1.12605324462583,1.32065862873569,0.194605384109855,TRUE
28,"oracle","mu",0.1,0.119115364895552,0.0914922118099959,0.146767497637787,0.0552752858277912,TRUE
28,"oracle","K",0.21,0.211946930953578,0.162302205180899,0.27724174994456,0.114939544763662,TRUE
28,"oracle","alpha",0.7,0.693658249449527,0.639117993354785,0.74546224389617,0.106344250541385,TRUE
28,"oracle","c",0.01,0.0112566517842496,0.0064875155214327,0.019023773293799,0.0125362577723663,TRUE
28,"oracle","p",1.2,1.22390114910867,1.15223262831454,1.31168583414023,0.159453205825691,TRUE
28,"complete","mu",0.1,0.119380349394284,0.0921993557803998,0.146507984382992,0.0543086286025917,TRUE
28,"complete","K",0.21,0.218152898277336,0.174406442059771,0.275864511258281,0.101458069198511,TRUE
28,"complete","alpha",0.7,0.676870832759222,0.631522931545548,0.720557308442675,0.0890343768971277,TRUE
28,"complete","c",0.01,0.0127681259407759,0.00787582626414238,0.0201080565312215,0.0122322302670792,TRUE
28,"complete","p",1.2,1.23608238280623,1.16633502794541,1.31925752719555,0.152922499250143,TRUE
29,"oracle","mu",0.1,0.0926188351697069,0.0715707498024169,0.115317151154413,0.0437464013519964,TRUE
29,"oracle","K",0.21,0.124601960000217,0.0867183900088054,0.176964296361045,0.0902459063522395,FALSE
29,"oracle","alpha",0.7,0.78492565835493,0.720934687407264,0.846579148107311,0.125644460700047,FALSE
29,"oracle","c",0.01,0.0147343959350524,0.00673872356548547,0.0298607421203773,0.0231220185548918,TRUE
29,"oracle","p",1.2,1.29734523095708,1.19256124688136,1.43782083482602,0.245259587944665,TRUE
29,"complete","mu",0.1,0.0906251508378785,0.0708935937774628,0.111819238376919,0.0409256445994564,TRUE
29,"complete","K",0.21,0.137366978773682,0.0953659534103409,0.190022521181975,0.094656567771634,FALSE
29,"complete","alpha",0.7,0.760646987796981,0.707563249428095,0.814068753668442,0.106505504240347,FALSE
29,"complete","c",0.01,0.0122622722941857,0.00633782165684956,0.0228497321344337,0.0165119104775841,TRUE
29,"complete","p",1.2,1.27160821550155,1.17494301646096,1.39140864782066,0.216465631359703,TRUE
30,"oracle","mu",0.1,0.0997551625022968,0.0708453694487562,0.12898831085997,0.0581429414112135,TRUE
30,"oracle","K",0.21,0.217402401933637,0.168088546906947,0.280553767643677,0.11246522073673,TRUE
30,"oracle","alpha",0.7,0.701802146552175,0.653100044970909,0.750689733279759,0.0975896883088505,TRUE
30,"oracle","c",0.01,0.0118728657573283,0.00718170489456697,0.0198467378712974,0.0126650329767305,TRUE
30,"oracle","p",1.2,1.20622966342116,1.13826093925275,1.29615583736471,0.15789489811196,TRUE
30,"complete","mu",0.1,0.0966751373542578,0.0690021575434054,0.126453035887495,0.0574508783440892,TRUE
30,"complete","K",0.21,0.236538475232549,0.187088818973043,0.301504238609855,0.114415419636813,TRUE
30,"complete","alpha",0.7,0.677355674924694,0.633154816382309,0.720271619992749,0.08711680361044,TRUE
30,"complete","c",0.01,0.0108287471476198,0.00654833010215827,0.017495632588145,0.0109473024859867,TRUE
30,"complete","p",1.2,1.19128625949835,1.12710087040281,1.26966694877962,0.142566078376812,TRUE
31,"oracle","mu",0.1,0.0799946119510711,0.0573910765279643,0.104171014153835,0.0467799376258705,TRUE
31,"oracle","K",0.21,0.204892444339834,0.144859419396698,0.307791723620005,0.162932304223307,TRUE
31,"oracle","alpha",0.7,0.755597240670904,0.69310069346546,0.815164111423289,0.122063417957829,TRUE
31,"oracle","c",0.01,0.00640056975068257,0.00297983799117007,0.013620685013606,0.0106408470224359,TRUE
31,"oracle","p",1.2,1.14169615702871,1.07631879171563,1.21752371332846,0.141204921612834,TRUE
31,"complete","mu",0.1,0.0778149614767557,0.0552310038118473,0.101578890509299,0.0463478866974519,TRUE
31,"complete","K",0.21,0.228994587209884,0.173183533928816,0.316518935460218,0.143335401531402,TRUE
31,"complete","alpha",0.7,0.710961551682517,0.657860590919907,0.758552994388334,0.100692403468427,TRUE
31,"complete","c",0.01,0.0107411256497011,0.00576967545447587,0.0192912027434953,0.0135215272890195,TRUE
31,"complete","p",1.2,1.1612868260979,1.09849006959704,1.24228900865096,0.143798939053919,TRUE
32,"oracle","mu",0.1,0.11181255993327,0.0852251679423678,0.138577152062327,0.0533519841199587,TRUE
32,"oracle","K",0.21,0.20732044634543,0.155737713144825,0.278779657870822,0.123041944725996,TRUE
32,"oracle","alpha",0.7,0.660824266473923,0.599932606191765,0.717676714158601,0.117744107966836,TRUE
32,"oracle","c",0.01,0.019774906091899,0.00996410950454925,0.0386318141587896,0.0286677046542404,TRUE
32,"oracle","p",1.2,1.30598327159697,1.18665878356509,1.4742869609215,0.287628177356412,TRUE
32,"complete","mu",0.1,0.111516335844291,0.0856475461255794,0.138020426778991,0.0523728806534111,TRUE
32,"complete","K",0.21,0.205806832893773,0.1585879627847,0.26926296578375,0.110675002999049,TRUE
32,"complete","alpha",0.7,0.656986749034544,0.606261875728401,0.703331768304058,0.097069892575657,TRUE
32,"complete","c",0.01,0.0168917739928587,0.00920593298595667,0.0299676326160314,0.0207616996300747,TRUE
32,"complete","p",1.2,1.28906038650749,1.18565247541853,1.43535650315318,0.249704027734655,TRUE
33,"oracle","mu",0.1,0.105677198942925,0.0835753664747493,0.129367110509218,0.0457917440344691,TRUE
33,"oracle","K",0.21,0.184401466218008,0.138821351485825,0.245254396375484,0.106433044889659,TRUE
33,"oracle","alpha",0.7,0.702464576319164,0.641583061436444,0.758527059372233,0.116943997935789,TRUE
33,"oracle","c",0.01,0.0194292801332203,0.00985618205602486,0.0365549958543102,0.0266988137982853,TRUE
33,"oracle","p",1.2,1.28917287615205,1.19028339719872,1.41926128968338,0.228977892484659,TRUE
33,"complete","mu",0.1,0.110775202797942,0.0889704359087301,0.133231368106958,0.0442609321982277,TRUE
33,"complete","K",0.21,0.161178866129959,0.124980309347723,0.209639738767117,0.0846594294193937,FALSE
33,"complete","alpha",0.7,0.727604984890585,0.680979551890463,0.771276168026491,0.0902966161360278,TRUE
33,"complete","c",0.01,0.0169039740021081,0.00990794892386419,0.0279242217905315,0.0180162728666673,TRUE
33,"complete","p",1.2,1.3057422045338,1.21149979364436,1.42120269935406,0.209702905709704,FALSE
34,"oracle","mu",0.1,0.0999255085483894,0.0755188085790133,0.125494014598308,0.0499752060192945,TRUE
34,"oracle","K",0.21,0.187290512373672,0.140329632721623,0.246554792760732,0.106225160039108,TRUE
34,"oracle","alpha",0.7,0.732165691633724,0.680983780153672,0.779555492911349,0.0985717127576777,TRUE
34,"oracle","c",0.01,0.0122741301814816,0.00681820120675424,0.0221343509382571,0.0153161497315028,TRUE
34,"oracle","p",1.2,1.23584339437719,1.15898204714388,1.33334282840659,0.17436078126271,TRUE
34,"complete","mu",0.1,0.0992262217757983,0.0756105389167352,0.12364263156997,0.0480320926532347,TRUE
34,"complete","K",0.21,0.197809932184393,0.154638501861991,0.255381386549378,0.100742884687388,TRUE
34,"complete","alpha",0.7,0.709253795132345,0.663297126221193,0.752910882304059,0.0896137560828658,TRUE
34,"complete","c",0.01,0.0137012987136822,0.00792103777131503,0.0220739598145888,0.0141529220432738,TRUE
34,"complete","p",1.2,1.24140916221418,1.1654623405207,1.33417953105108,0.168717190530385,TRUE
35,"oracle","mu",0.1,0.0903301415035095,0.0637323538786586,0.118924193442375,0.0551918395637162,TRUE
35,"oracle","K",0.21,0.243842407204347,0.184595299599708,0.336419561303534,0.151824261703825,TRUE
35,"oracle","alpha",0.7,0.694639486946075,0.640665336609102,0.74142883180056,0.100763495191457,TRUE
35,"oracle","c",0.01,0.00905782168373134,0.0053424656570518,0.0153050579193798,0.00996259226232802,TRUE
35,"oracle","p",1.2,1.1755284027308,1.10984194294077,1.25171080308232,0.141868860141552,TRUE
35,"complete","mu",0.1,0.0927249998392318,0.0663867178484736,0.119087750573593,0.0527010327251197,TRUE
35,"complete","K",0.21,0.243193422736328,0.18919391699998,0.314633469978837,0.125439552978856,TRUE
35,"complete","alpha",0.7,0.685900223865859,0.641365361126124,0.728765815225908,0.0874004540997835,TRUE
35,"complete","c",0.01,0.00914625821818301,0.00555582112436508,0.0149844116007153,0.0094285904763502,TRUE
35,"complete","p",1.2,1.18224428025955,1.11584658086891,1.2591505485033,0.143303967634389,TRUE
36,"oracle","mu",0.1,0.086180187081976,0.0600429523262188,0.114889701534957,0.0548467492087379,TRUE
36,"oracle","K",0.21,0.235749670855075,0.173313646566189,0.348236163726692,0.174922517160503,TRUE
36,"oracle","alpha",0.7,0.701349317241678,0.642590235229205,0.752490731634755,0.10990049640555,TRUE
36,"oracle","c",0.01,0.01130379114455,0.00550779309283349,0.0218340248900185,0.0163262317971851,TRUE
36,"oracle","p",1.2,1.1706304987419,1.09505003803467,1.27014048680895,0.175090448774274,TRUE
36,"complete","mu",0.1,0.0857630806156962,0.0620048800557068,0.114410429710707,0.0524055496549998,TRUE
36,"complete","K",0.21,0.23640411135304,0.176290715717808,0.322988506490139,0.146697790772331,TRUE
36,"complete","alpha",0.7,0.702566357417762,0.656875336518452,0.745884780186061,0.0890094436676093,TRUE
36,"complete","c",0.01,0.00852023792689813,0.00464187597693123,0.0157445323325864,0.0111026563556552,TRUE
36,"complete","p",1.2,1.15587369047558,1.0928026371231,1.24438203325287,0.151579396129766,TRUE
37,"oracle","mu",0.1,0.11530126751797,0.0896386222824782,0.142999164974382,0.0533605426919038,TRUE
37,"oracle","K",0.21,0.192465622713322,0.144997432577744,0.257609446949497,0.112612014371752,TRUE
37,"oracle","alpha",0.7,0.703650512296437,0.645140085707956,0.759754526716286,0.114614441008331,TRUE
37,"oracle","c",0.01,0.0156111317990896,0.00804283698657734,0.0297574134804293,0.0217145764938519,TRUE
37,"oracle","p",1.2,1.26845231462169,1.17151644967282,1.39705119899487,0.22553474932205,TRUE
37,"complete","mu",0.1,0.11802729654296,0.0913934748097684,0.145861504436871,0.0544680296271025,TRUE
37,"complete","K",0.21,0.180379871637747,0.139696066357406,0.23680996612322,0.097113899765814,TRUE
37,"complete","alpha",0.7,0.714076725850458,0.668136961909014,0.757181405113065,0.0890444432040508,TRUE
37,"complete","c",0.01,0.0129312659316099,0.00724157616863979,0.0215855719229661,0.0143439957543263,TRUE
37,"complete","p",1.2,1.26819961308175,1.17792765526491,1.38390313713274,0.205975481867829,TRUE
38,"oracle","mu",0.1,0.129702799479205,0.105199907912964,0.154576129401917,0.0493762214889531,FALSE
38,"oracle","K",0.21,0.135646551036136,0.101894625006282,0.178609671685075,0.0767150466787933,FALSE
38,"oracle","alpha",0.7,0.762212208000931,0.721397756039222,0.804115638259346,0.0827178822201242,FALSE
38,"oracle","c",0.01,0.0164475411560844,0.00960795037996449,0.0280210661383912,0.0184131157584267,TRUE
38,"oracle","p",1.2,1.29019070030753,1.19580384800451,1.40415425493367,0.208350406929163,TRUE
38,"complete","mu",0.1,0.129546027661805,0.103795353237215,0.155639378409209,0.0518440251719941,FALSE
38,"complete","K",0.21,0.137101001276492,0.104631062226694,0.176423510981042,0.0717924487543482,FALSE
38,"complete","alpha",0.7,0.757452530238913,0.718777276324175,0.797563241701813,0.0787859653776386,FALSE
38,"complete","c",0.01,0.01599994211925,0.00970981545534317,0.0261041483884105,0.0163943329330674,TRUE
38,"complete","p",1.2,1.28467466375265,1.19889231024922,1.39942394941558,0.200531639166361,TRUE
39,"oracle","mu",0.1,0.107965634793881,0.0812280701412365,0.134160278411896,0.0529322082706595,TRUE
39,"oracle","K",0.21,0.15775118219466,0.107735740392197,0.247427925076023,0.139692184683826,TRUE
39,"oracle","alpha",0.7,0.727271007119748,0.655304145631764,0.78908976294511,0.133785617313346,TRUE
39,"oracle","c",0.01,0.00678513425360425,0.00290059458214786,0.0153706600881228,0.0124700655059749,TRUE
39,"oracle","p",1.2,1.22356681231014,1.12163713040036,1.37245271317442,0.250815582774061,TRUE
39,"complete","mu",0.1,0.105847516348491,0.0812583549212783,0.132274663336396,0.0510163084151173,TRUE
39,"complete","K",0.21,0.172374182267941,0.124225984315767,0.252185640854217,0.127959656538449,TRUE
39,"complete","alpha",0.7,0.694700866941814,0.638655699955347,0.745063952908503,0.106408252953157,TRUE
39,"complete","c",0.01,0.00819948221653347,0.00392332593285792,0.0161510237774876,0.0122276978446297,TRUE
39,"complete","p",1.2,1.2274317389027,1.1244633673278,1.37230773808342,0.247844370755615,TRUE
40,"oracle","mu",0.1,0.110507405492518,0.0835931787322422,0.14002491984553,0.0564317411132876,TRUE
40,"oracle","K",0.21,0.182340757996388,0.134514768147178,0.241736952627452,0.107222184480274,TRUE
40,"oracle","alpha",0.7,0.720434950153091,0.670619051854619,0.770285733074656,0.0996666812200371,TRUE
40,"oracle","c",0.01,0.0130579846863584,0.00721729423209249,0.023337225063823,0.0161199308317305,TRUE
40,"oracle","p",1.2,1.24783896268075,1.160234881266,1.37001020861204,0.209775327346046,TRUE
40,"complete","mu",0.1,0.110730604769594,0.0833857150431022,0.139051469740901,0.0556657546977985,TRUE
40,"complete","K",0.21,0.181587174446435,0.138673470882361,0.240555142000965,0.101881671118604,TRUE
40,"complete","alpha",0.7,0.714647314539616,0.668252913796515,0.755655150927583,0.0874022371310681,TRUE
40,"complete","c",0.01,0.0113938836145349,0.00680147135596746,0.0186669367234434,0.0118654653674759,TRUE
40,"complete","p",1.2,1.23911053438554,1.15898749796125,1.34012905887851,0.181141560917261,TRUE
41,"oracle","mu",0.1,0.0949448944196195,0.0721283087734184,0.120803332303327,0.0486750235299084,TRUE
41,"oracle","K",0.21,0.208063564683635,0.153569244474063,0.285304607400468,0.131735362926405,TRUE
41,"oracle","alpha",0.7,0.70385027436648,0.639600313655691,0.761193787988416,0.121593474332725,TRUE
41,"oracle","c",0.01,0.013637349461313,0.0069533436268973,0.0260379393924721,0.0190845957655748,TRUE
41,"oracle","p",1.2,1.22719008584628,1.14039531737354,1.33503511291538,0.19463979554184,TRUE
41,"complete","mu",0.1,0.0980060170861297,0.0745050122180869,0.124475169924588,0.0499701577065014,TRUE
41,"complete","K",0.21,0.190964126037893,0.145072097500232,0.248546943730712,0.103474846230479,TRUE
41,"complete","alpha",0.7,0.721071625863303,0.674625512751034,0.766981894030921,0.0923563812798877,TRUE
41,"complete","c",0.01,0.0101976994720023,0.00581202581322799,0.0177252871478044,0.0119132613345764,TRUE
41,"complete","p",1.2,1.22266265484668,1.14484801040264,1.31694656613465,0.172098555732008,TRUE
42,"oracle","mu",0.1,0.11011489104329,0.0847377748226133,0.13678492758036,0.0520471527577469,TRUE
42,"oracle","K",0.21,0.199422823600629,0.146698849480295,0.280644560992055,0.13394571151176,TRUE
42,"oracle","alpha",0.7,0.714689397912555,0.657943100375962,0.770697916767242,0.11275481639128,TRUE
42,"oracle","c",0.01,0.00956424889433838,0.00476398293336736,0.0181483061717375,0.0133843232383701,TRUE
42,"oracle","p",1.2,1.19778770494598,1.11753141508656,1.29843584089998,0.18090442581342,TRUE
42,"complete","mu",0.1,0.112456639710919,0.0872119639104775,0.139534422147948,0.0523224582374704,TRUE
42,"complete","K",0.21,0.197505038092492,0.149957063619354,0.263812741264791,0.113855677645437,TRUE
42,"complete","alpha",0.7,0.706347372611201,0.658331299627795,0.752117364567278,0.0937860649394828,TRUE
42,"complete","c",0.01,0.0097820419996039,0.00549279940040159,0.0170198361087055,0.0115270367083039,TRUE
42,"complete","p",1.2,1.20835067482493,1.13276835108356,1.30352297709298,0.170754626009423,TRUE
43,"oracle","mu",0.1,0.100648218831907,0.0715489231536529,0.132510989495197,0.0609620663415437,TRUE
43,"oracle","K",0.21,0.249955438997424,0.16454951307472,0.434134134975377,0.269584621900657,TRUE
43,"oracle","alpha",0.7,0.69755049453651,0.640646815638881,0.755316163888074,0.114669348249193,TRUE
43,"oracle","c",0.01,0.00899031114310457,0.00451615524117439,0.0177909732105736,0.0132748179693992,TRUE
43,"oracle","p",1.2,1.13708192083976,1.06261781450294,1.24104911696089,0.178431302457951,TRUE
43,"complete","mu",0.1,0.109663923777952,0.0814232106952669,0.139826232753956,0.0584030220586891,TRUE
43,"complete","K",0.21,0.207815900829046,0.147936544682031,0.31937235779529,0.171435813113259,TRUE
43,"complete","alpha",0.7,0.718991756689322,0.67309538369813,0.765964996075832,0.0928696123777019,TRUE
43,"complete","c",0.01,0.00712359151358595,0.00384526471368184,0.0126136293559726,0.00876836464229076,TRUE
43,"complete","p",1.2,1.15254162865437,1.08092544493809,1.24436144180427,0.163435996866177,TRUE
44,"oracle","mu",0.1,0.109603585405666,0.0811796038910639,0.137857489172731,0.0566778852816674,TRUE
44,"oracle","K",0.21,0.200801960091849,0.151397281148285,0.267018639273535,0.11562135812525,TRUE
44,"oracle","alpha",0.7,0.699605348802974,0.640738399603233,0.754400987304069,0.113662587700836,TRUE
44,"oracle","c",0.01,0.0126451730091341,0.00649824550619662,0.0232702762704455,0.0167720307642489,TRUE
44,"oracle","p",1.2,1.24306833268885,1.15126382703234,1.35792069152382,0.206656864491486,TRUE
44,"complete","mu",0.1,0.110590432621162,0.0818936144868585,0.139963484401223,0.0580698699143647,TRUE
44,"complete","K",0.21,0.197192302911124,0.153749409080221,0.258868378366,0.105118969285779,TRUE
44,"complete","alpha",0.7,0.697264272030923,0.648995556460991,0.740798436904939,0.0918028804439472,TRUE
44,"complete","c",0.01,0.0110243775266902,0.00610306236780497,0.0194674920655409,0.0133644296977359,TRUE
44,"complete","p",1.2,1.23938889353766,1.15144190326642,1.35548388548591,0.204041982219489,TRUE
45,"oracle","mu",0.1,0.0985648867884671,0.0737989302455793,0.124280200608714,0.0504812703631347,TRUE
45,"oracle","K",0.21,0.2194661127722,0.170173335383945,0.287050372931648,0.116877037547703,TRUE
45,"oracle","alpha",0.7,0.702809001930132,0.649643950105169,0.75387377254222,0.10422982243705,TRUE
45,"oracle","c",0.01,0.0119015045084196,0.00651540104075115,0.0206013724879177,0.0140859714471665,TRUE
45,"oracle","p",1.2,1.22363029003371,1.14637383071592,1.31683313951534,0.17045930879942,TRUE
45,"complete","mu",0.1,0.0956752781963436,0.0702558380366388,0.121456362344406,0.0512005243077668,TRUE
45,"complete","K",0.21,0.243429626977712,0.192054710315579,0.312855806964602,0.120801096649024,TRUE
45,"complete","alpha",0.7,0.669504542135206,0.622777666952444,0.711184462765722,0.0884067958132779,TRUE
45,"complete","c",0.01,0.0109587384861745,0.00647076687492739,0.0183586478639678,0.0118878809890404,TRUE
45,"complete","p",1.2,1.2052790130309,1.13342786826575,1.29232148573783,0.158893617472087,TRUE
46,"oracle","mu",0.1,0.129053662299126,0.0991768408536235,0.158377568839855,0.0592007279862316,TRUE
46,"oracle","K",0.21,0.160752029143035,0.117794260433391,0.218905444307116,0.101111183873725,TRUE
46,"oracle","alpha",0.7,0.741061569104514,0.686010410989838,0.79487070778637,0.108860296796532,TRUE
46,"oracle","c",0.01,0.0117795794173272,0.00650680748464412,0.0209474974129612,0.0144406899283171,TRUE
46,"oracle","p",1.2,1.23384549337033,1.15187992762392,1.33548683413168,0.18360690650776,TRUE
46,"complete","mu",0.1,0.129172754283354,0.100999337866218,0.158533550361453,0.0575342124952351,FALSE
46,"complete","K",0.21,0.167805033742546,0.127726906317759,0.220280908984088,0.0925540026663291,TRUE
46,"complete","alpha",0.7,0.725805972859011,0.679234881940305,0.772958544736754,0.0937236627964494,TRUE
46,"complete","c",0.01,0.0120132442478005,0.00710011501919805,0.0202895830630691,0.0131894680438711,TRUE
46,"complete","p",1.2,1.23454435462667,1.15736988507315,1.3383311740425,0.180961288969341,TRUE
47,"oracle","mu",0.1,0.107228985547023,0.0809667536424929,0.13558949036087,0.0546227367183773,TRUE
47,"oracle","K",0.21,0.197867417339774,0.15004179677168,0.264739653459543,0.114697856687864,TRUE
47,"oracle","alpha",0.7,0.701174959991839,0.643406831775884,0.755958581865822,0.112551750089938,TRUE
47,"oracle","c",0.01,0.0143179210796008,0.00774054417002872,0.0271023971886881,0.0193618530186594,TRUE
47,"oracle","p",1.2,1.25357327554134,1.16711958673041,1.37210990627358,0.204990319543171,TRUE
47,"complete","mu",0.1,0.112113425291648,0.085634137179138,0.138795398686304,0.0531612615071664,TRUE
47,"complete","K",0.21,0.178779591732654,0.140720944807053,0.229083298955152,0.0883623541480981,TRUE
47,"complete","alpha",0.7,0.722600884252772,0.677923846673892,0.764200262096055,0.0862764154221622,TRUE
47,"complete","c",0.01,0.0124474229777029,0.00743761665481487,0.0205244841965595,0.0130868675417446,TRUE
47,"complete","p",1.2,1.26059115250688,1.17930963553972,1.36001303824752,0.180703402707797,TRUE
48,"oracle","mu",0.1,0.10455665610255,0.0754766573636459,0.133347504390954,0.0578708470273082,TRUE
48,"oracle","K",0.21,0.21415365700299,0.166892587854109,0.281357052313987,0.114464464459878,TRUE
48,"oracle","alpha",0.7,0.687376612043805,0.631804204745856,0.739292946604943,0.107488741859087,TRUE
48,"oracle","c",0.01,0.0119439914393058,0.00669855860392723,0.0206053663873559,0.0139068077834287,TRUE
48,"oracle","p",1.2,1.24304459314978,1.15944139211833,1.34602240697539,0.186581014857051,TRUE
48,"complete","mu",0.1,0.103615773852,0.0770571010583813,0.131715627945301,0.05465852688692,TRUE
48,"complete","K",0.21,0.226143994105852,0.179478094098154,0.285593090655279,0.106114996557125,TRUE
48,"complete","alpha",0.7,0.667393579253942,0.615023367789817,0.712341225304372,0.0973178575145547,TRUE
48,"complete","c",0.01,0.0117221453616265,0.00691820948027505,0.0193650804948898,0.0124468710146147,TRUE
48,"complete","p",1.2,1.24210715656124,1.16504031006684,1.33760385392733,0.172563543860494,TRUE
49,"oracle","mu",0.1,0.111190040892337,0.0795242657675063,0.143842825818951,0.0643185600514448,TRUE
49,"oracle","K",0.21,0.208290057919877,0.153053158142052,0.290460183419726,0.137407025277674,TRUE
49,"oracle","alpha",0.7,0.726527001204047,0.675361557105459,0.775904164037282,0.100542606931823,TRUE
49,"oracle","c",0.01,0.00988227146877893,0.0054358996932824,0.0173164786952574,0.011880579001975,TRUE
49,"oracle","p",1.2,1.17925759485599,1.10827183494726,1.26958754308137,0.161315708134114,TRUE
49,"complete","mu",0.1,0.108219966344009,0.0773123182017421,0.139822682138948,0.0625103639372058,TRUE
49,"complete","K",0.21,0.228374523992866,0.174871881364078,0.312598596908915,0.137726715544836,TRUE
49,"complete","alpha",0.7,0.696016264467763,0.649384388267548,0.739176618905647,0.0897922306380989,TRUE
49,"complete","c",0.01,0.0103895240859643,0.00624005506630481,0.0170286463927637,0.0107885913264589,TRUE
49,"complete","p",1.2,1.17665342081892,1.10769340644868,1.2620030733075,0.154309666858818,TRUE
50,"oracle","mu",0.1,0.0835119733458566,0.0579423263487615,0.110584133490907,0.0526418071421454,TRUE
50,"oracle","K",0.21,0.22619278313121,0.158470046035239,0.371358792406003,0.212888746370764,TRUE
50,"oracle","alpha",0.7,0.75041704817433,0.693053197347939,0.803605376049221,0.110552178701282,TRUE
50,"oracle","c",0.01,0.00492444767990732,0.00234142560193489,0.0101066411324282,0.00776521553049326,TRUE
50,"oracle","p",1.2,1.11972154690504,1.05641469983628,1.19485408983331,0.13843938999703,FALSE
50,"complete","mu",0.1,0.0850264932947179,0.0598456589371644,0.112706853166491,0.0528611942293266,TRUE
50,"complete","K",0.21,0.224539731575266,0.165938532089951,0.335070776948031,0.16913224485808,TRUE
50,"complete","alpha",0.7,0.735205631610398,0.69054489012056,0.778994129561298,0.0884492394407371,TRUE
50,"complete","c",0.01,0.00547907294510628,0.00294072734735591,0.009531979430154,0.00659125208279809,FALSE
50,"complete","p",1.2,1.12801482036597,1.06742240036337,1.19823746508465,0.130815064721278,FALSE
51,"oracle","mu",0.1,0.0975712204098745,0.0721099065859375,0.126204097805996,0.0540941912200581,TRUE
51,"oracle","K",0.21,0.194247769992807,0.154525153538528,0.243471340501876,0.0889461869633477,TRUE
51,"oracle","alpha",0.7,0.739141563574373,0.691129993745207,0.786938200930916,0.0958082071857093,TRUE
51,"oracle","c",0.01,0.0110855732201473,0.00722353440667922,0.0164165767778784,0.00919304237119917,TRUE
51,"oracle","p",1.2,1.2197882207955,1.16463400199585,1.28066992711423,0.116035925118386,TRUE
51,"complete","mu",0.1,0.0960736616729984,0.0718008825316399,0.125575223967563,0.0537743414359229,TRUE
51,"complete","K",0.21,0.208963697986758,0.170705325875922,0.254837524805228,0.0841321989293065,TRUE
51,"complete","alpha",0.7,0.717627860619615,0.674904183953668,0.759616209729132,0.0847120257754646,TRUE
51,"complete","c",0.01,0.0106639716466523,0.00715584287481085,0.0157773666189577,0.00862152374414689,TRUE
51,"complete","p",1.2,1.21365760112371,1.165076517441,1.27140166493819,0.106325147497186,TRUE
52,"oracle","mu",0.1,0.103604458426651,0.0796859879228134,0.128186589201907,0.0485006012790936,TRUE
52,"oracle","K",0.21,0.160107371071913,0.117635673925735,0.217330000559046,0.099694326633311,TRUE
52,"oracle","alpha",0.7,0.757088226415054,0.699106435369851,0.810832498443004,0.111726063073153,TRUE
52,"oracle","c",0.01,0.0132805869205054,0.00665868611692266,0.0253511091956458,0.0186924230787231,TRUE
52,"oracle","p",1.2,1.25287035992426,1.15885243733765,1.36562154919759,0.206769111859932,TRUE
52,"complete","mu",0.1,0.101447269187512,0.0777394852420762,0.126688688950186,0.0489492037081098,TRUE
52,"complete","K",0.21,0.169185058896357,0.125007174172876,0.223714084667749,0.0987069104948736,TRUE
52,"complete","alpha",0.7,0.741487455491189,0.691822962505351,0.788774641095373,0.0969516785900219,TRUE
52,"complete","c",0.01,0.00957056988988365,0.00527921996695999,0.0163876894580521,0.0111084694910921,TRUE
52,"complete","p",1.2,1.21788389662621,1.13873472547159,1.31452932574709,0.175794600275501,TRUE
53,"oracle","mu",0.1,0.133541794634567,0.10644509768543,0.161624731641629,0.055179633956199,FALSE
53,"oracle","K",0.21,0.19001176407408,0.140385921205413,0.256998777154443,0.11661285594903,TRUE
53,"oracle","alpha",0.7,0.692781492214156,0.627676189561875,0.752953400522277,0.125277210960402,TRUE
53,"oracle","c",0.01,0.0149481933788312,0.00809020417339818,0.0268375274070665,0.0187473232336683,TRUE
53,"oracle","p",1.2,1.28441597071509,1.18312312179381,1.420455195427,0.237332073633189,TRUE
53,"complete","mu",0.1,0.131617182496328,0.104712123243501,0.15933616574404,0.0546240425005383,FALSE
53,"complete","K",0.21,0.191646377327047,0.14724973675918,0.252193415082044,0.104943678322865,TRUE
53,"complete","alpha",0.7,0.690684815566337,0.641412678192286,0.737298315581157,0.0958856373888711,TRUE
53,"complete","c",0.01,0.00975517331103364,0.00547289131676932,0.0170656852454953,0.0115927939287259,TRUE
53,"complete","p",1.2,1.24135300831948,1.1541171163322,1.35262347325626,0.198506356924063,TRUE
54,"oracle","mu",0.1,0.098170089872512,0.0743446532793317,0.123720038898652,0.0493753856193202,TRUE
54,"oracle","K",0.21,0.21615020816047,0.168296753296007,0.277318693305553,0.109021940009546,TRUE
54,"oracle","alpha",0.7,0.689382952869878,0.639971382167463,0.738822686568084,0.0988513044006208,TRUE
54,"oracle","c",0.01,0.0161983430186374,0.00974483322399494,0.0269578773255023,0.0172130441015073,TRUE
54,"oracle","p",1.2,1.24673964609817,1.17728976367074,1.33428857882597,0.156998815155225,TRUE
54,"complete","mu",0.1,0.0977913036344524,0.0748944364339916,0.123216607716469,0.0483221712824778,TRUE
54,"complete","K",0.21,0.217890328306889,0.17309082596487,0.272489610348723,0.0993987843838524,TRUE
54,"complete","alpha",0.7,0.682539117773285,0.639045872124707,0.725009455375723,0.0859635832510156,TRUE
54,"complete","c",0.01,0.0157856853231937,0.00987862101667227,0.0253613113334717,0.0154826903167994,TRUE
54,"complete","p",1.2,1.24489769892431,1.17944640247613,1.32690568075692,0.147459278280791,TRUE
55,"oracle","mu",0.1,0.126835592097012,0.0977941909517328,0.155575749850581,0.0577815588988486,TRUE
55,"oracle","K",0.21,0.144866559636058,0.106006516488168,0.206024535398865,0.100018018910696,FALSE
55,"oracle","alpha",0.7,0.792838983995199,0.737091733333759,0.845394127485082,0.108302394151323,FALSE
55,"oracle","c",0.01,0.00934144496204667,0.00472217985423701,0.0166819807979695,0.0119598009437325,TRUE
55,"oracle","p",1.2,1.21077983373518,1.13029815674057,1.30665999893481,0.176361842194246,TRUE
55,"complete","mu",0.1,0.123352047241454,0.0936331905434368,0.15200279432735,0.0583696037839128,TRUE
55,"complete","K",0.21,0.164494001258962,0.121830476835484,0.227567352749136,0.105736875913652,TRUE
55,"complete","alpha",0.7,0.762546110523473,0.717738972647609,0.808513390176981,0.0907744175293721,FALSE
55,"complete","c",0.01,0.00847202875918439,0.00473034388450265,0.0148131341121324,0.0100827902276298,TRUE
55,"complete","p",1.2,1.18853491005507,1.11778064104096,1.28097876160978,0.163198120568814,TRUE
56,"oracle","mu",0.1,0.150788289049588,0.121761005551572,0.181342964102834,0.0595819585512619,FALSE
56,"oracle","K",0.21,0.175258701607796,0.135934369632569,0.225570804329349,0.0896364346967798,TRUE
56,"oracle","alpha",0.7,0.728129044801338,0.678707079709874,0.775888345979486,0.0971812662696114,TRUE
56,"oracle","c",0.01,0.0157368985456446,0.00921945998572422,0.027278791761001,0.0180593317752768,TRUE
56,"oracle","p",1.2,1.28448224499688,1.19938680545595,1.3906899751427,0.19130316968675,TRUE
56,"complete","mu",0.1,0.148753703444727,0.120178168355941,0.178044639107188,0.0578664707512471,FALSE
56,"complete","K",0.21,0.188880607188976,0.15100914487992,0.233231814526474,0.082222669646554,TRUE
56,"complete","alpha",0.7,0.703892448527252,0.664295340277909,0.745148083365294,0.0808527430873843,TRUE
56,"complete","c",0.01,0.014834074027717,0.00918136354137706,0.023738924289084,0.014557560747707,TRUE
56,"complete","p",1.2,1.27127936035404,1.19244828988365,1.36480415504134,0.172355865157694,TRUE
57,"oracle","mu",0.1,0.0814224958068476,0.0581265626667518,0.108321436375696,0.0501948737089446,TRUE
57,"oracle","K",0.21,0.195671150013623,0.144320102033636,0.26111867813147,0.116798576097833,TRUE
57,"oracle","alpha",0.7,0.722924109467886,0.676919602068091,0.767817520183116,0.0908979181150245,TRUE
57,"oracle","c",0.01,0.0171280517845946,0.00939280760700926,0.0303699681090829,0.0209771605020736,TRUE
57,"oracle","p",1.2,1.18278702498847,1.11986785704455,1.26182778400882,0.141959926964275,TRUE
57,"complete","mu",0.1,0.0844685097656338,0.0612381209136634,0.111891228146908,0.0506531072332445,TRUE
57,"complete","K",0.21,0.186389791454918,0.138148259235048,0.244754024025166,0.106605764790117,TRUE
57,"complete","alpha",0.7,0.729597636081844,0.687883293526096,0.772628299220323,0.0847450056942265,TRUE
57,"complete","c",0.01,0.0157298980800628,0.00952587839860313,0.0262186689315447,0.0166927905329416,TRUE
57,"complete","p",1.2,1.18773036752468,1.12385813919009,1.26591704083117,0.142058901641085,TRUE
58,"oracle","mu",0.1,0.0767906434776692,0.0544714597861277,0.100789068774907,0.046317608988779,TRUE
58,"oracle","K",0.21,0.239897925192169,0.18714866935752,0.31047690733845,0.12332823798093,TRUE
58,"oracle","alpha",0.7,0.684317556170497,0.63850763410306,0.726968955782437,0.0884613216793774,TRUE
58,"oracle","c",0.01,0.0106553540645886,0.00640614372158563,0.0182457587811561,0.0118396150595705,TRUE
58,"oracle","p",1.2,1.18094477152328,1.12434094282009,1.25341536853685,0.129074425716765,TRUE
58,"complete","mu",0.1,0.0781559123015704,0.0551934492434285,0.102295436898624,0.0471019876551954,TRUE
58,"complete","K",0.21,0.233197251449738,0.18169166906575,0.297680797396844,0.115989128331095,TRUE
58,"complete","alpha",0.7,0.685827342494213,0.644673861584628,0.726904232044815,0.0822303704601864,TRUE
58,"complete","c",0.01,0.0100458648740141,0.00623025763820632,0.0160379326600031,0.00980767502179676,TRUE
58,"complete","p",1.2,1.18279150807803,1.12563184301072,1.2490625717013,0.123430728690584,TRUE
59,"oracle","mu",0.1,0.0950513090815813,0.0714445314963758,0.120902155576259,0.0494576240798831,TRUE
59,"oracle","K",0.21,0.15626088963821,0.112779028000302,0.222891235415503,0.110112207415201,TRUE
59,"oracle","alpha",0.7,0.787821159001723,0.73050193337564,0.841214379918992,0.110712446543352,FALSE
59,"oracle","c",0.01,0.0073951845539472,0.00336944359278835,0.015646634863295,0.0122771912705067,TRUE
59,"oracle","p",1.2,1.1831754293185,1.111053060888,1.27513813151154,0.164085070623543,TRUE
59,"complete","mu",0.1,0.0918174081190821,0.0677939964377361,0.118357462008537,0.0505634655708008,TRUE
59,"complete","K",0.21,0.185258425139336,0.136866522683119,0.260968506634583,0.124101983951464,TRUE
59,"complete","alpha",0.7,0.737675989238402,0.685367911798614,0.788191052820611,0.102823141021997,TRUE
59,"complete","c",0.01,0.00983875709236355,0.0049180733843028,0.0189384945602351,0.0140204211759323,TRUE
59,"complete","p",1.2,1.18359023921266,1.10614466975741,1.27754003300047,0.171395363243062,TRUE
60,"oracle","mu",0.1,0.116960676337893,0.0912220466658807,0.144579990373586,0.0533579437077057,TRUE
60,"oracle","K",0.21,0.17533732855342,0.133146005133167,0.227460157119986,0.0943141519868191,TRUE
60,"oracle","alpha",0.7,0.736775809965007,0.68678504020517,0.78471452519165,0.0979294849864797,TRUE
60,"oracle","c",0.01,0.0120174621749705,0.0067897956496014,0.0215269382616532,0.0147371426120518,TRUE
60,"oracle","p",1.2,1.24423629387704,1.16983850897169,1.34618004004199,0.176341531070305,TRUE
60,"complete","mu",0.1,0.113072098972347,0.085879145850045,0.139911756316835,0.0540326104667895,TRUE
60,"complete","K",0.21,0.19029142920983,0.148964569534258,0.246634940354031,0.0976703708197733,TRUE
60,"complete","alpha",0.7,0.716883955656369,0.67352649507083,0.758600613275994,0.0850741182051633,TRUE
60,"complete","c",0.01,0.0088408917241203,0.00527140646901371,0.0141709007887391,0.00889949431972538,TRUE
60,"complete","p",1.2,1.21251733188046,1.14555902629479,1.29304007613191,0.147481049837119,TRUE
61,"oracle","mu",0.1,0.0968041228157066,0.0672890722889496,0.125606659213983,0.0583175869250335,TRUE
61,"oracle","K",0.21,0.206325236002604,0.146375722771128,0.305658789922989,0.159283067151861,TRUE
61,"oracle","alpha",0.7,0.684703329464896,0.618873365549056,0.742413837703375,0.123540472154319,TRUE
61,"oracle","c",0.01,0.0128570228052627,0.00581984926390473,0.0258565172533892,0.0200366679894845,TRUE
61,"oracle","p",1.2,1.21308016464252,1.11197162347742,1.33835050895162,0.226378885474193,TRUE
61,"complete","mu",0.1,0.099455885073189,0.0742774945111422,0.127941224176743,0.053663729665601,TRUE
61,"complete","K",0.21,0.201111601174872,0.147026420798112,0.275481016710731,0.12845459591262,TRUE
61,"complete","alpha",0.7,0.680726944360206,0.62941431093368,0.730286276651469,0.100871965717789,TRUE
61,"complete","c",0.01,0.0116552977642908,0.00614697321880828,0.0223153181762932,0.0161683449574849,TRUE
61,"complete","p",1.2,1.21481112077623,1.12877402024522,1.33915262875364,0.210378608508413,TRUE
62,"oracle","mu",0.1,0.112371784235208,0.0849204953694689,0.140251281038887,0.0553307856694179,TRUE
62,"oracle","K",0.21,0.176281698517813,0.126858527358398,0.246953603852587,0.12009507649419,TRUE
62,"oracle","alpha",0.7,0.747229217064313,0.687666397996476,0.803209006625429,0.115542608628953,TRUE
62,"oracle","c",0.01,0.00986272978214363,0.00506213178627313,0.0185262456717308,0.0134641138854577,TRUE
62,"oracle","p",1.2,1.19438334111838,1.11829471535652,1.28751707768225,0.169222362325736,TRUE
62,"complete","mu",0.1,0.112655004361065,0.0851099626108943,0.140105218585,0.0549952559741057,TRUE
62,"complete","K",0.21,0.181958339903534,0.13596516203939,0.245054911615665,0.109089749576276,TRUE
62,"complete","alpha",0.7,0.732436671566264,0.685494714667246,0.778828187937902,0.0933334732706562,TRUE
62,"complete","c",0.01,0.01013858131773,0.00586087160282827,0.0171089371055349,0.0112480655027067,TRUE
62,"complete","p",1.2,1.19790879937111,1.12806836513459,1.28372572318291,0.155657358048314,TRUE
63,"oracle","mu",0.1,0.0905524659879033,0.064136624982352,0.119193936620346,0.0550573116379944,TRUE
63,"oracle","K",0.21,0.242265101751564,0.167388809451713,0.389550073567079,0.222161264115366,TRUE
63,"oracle","alpha",0.7,0.682790319472847,0.620798063310363,0.742145103056958,0.121347039746595,TRUE
63,"oracle","c",0.01,0.00933299784265565,0.00430846775112286,0.0190963809715094,0.0147879132203866,TRUE
63,"oracle","p",1.2,1.16575112010113,1.08291993876334,1.27400631799232,0.191086379228974,TRUE
63,"complete","mu",0.1,0.0912969373977684,0.0646322016010701,0.118070393659178,0.0534381920581074,TRUE
63,"complete","K",0.21,0.233662999577525,0.16719278081446,0.356465709850179,0.189272929035719,TRUE
63,"complete","alpha",0.7,0.685490266884413,0.634928660945964,0.731594531825874,0.0966658708799096,TRUE
63,"complete","c",0.01,0.00855119387713178,0.00446883037918488,0.0163651331489668,0.0118963027697819,TRUE
63,"complete","p",1.2,1.16509941745526,1.08598393671938,1.26782417498733,0.18184023826795,TRUE
64,"oracle","mu",0.1,0.0946997550480771,0.0697507980098812,0.120914377300476,0.0511635792905946,TRUE
64,"oracle","K",0.21,0.206980021520761,0.158589158420652,0.275782504743858,0.117193346323206,TRUE
64,"oracle","alpha",0.7,0.694176803270225,0.639127974784845,0.744343048917347,0.105215074132502,TRUE
64,"oracle","c",0.01,0.0220652569578876,0.0121850429168837,0.03995767550504,0.0277726325881563,FALSE
64,"oracle","p",1.2,1.28250484020659,1.18820104278803,1.40912246760941,0.22092142482138,TRUE
64,"complete","mu",0.1,0.0958083242028479,0.0725625020452556,0.121213455797591,0.0486509537523355,TRUE
64,"complete","K",0.21,0.203134257552547,0.157992461293378,0.260435863589298,0.10244340229592,TRUE
64,"complete","alpha",0.7,0.69293348448829,0.64757741740819,0.737922551834469,0.0903451344262785,TRUE
64,"complete","c",0.01,0.0179434813388051,0.00980524700543573,0.0312093740215424,0.0214041270161067,TRUE
64,"complete","p",1.2,1.26934414549743,1.17768925991233,1.38105218877039,0.20336292885806,TRUE
65,"oracle","mu",0.1,0.118870491792734,0.0928659626798838,0.145755364641706,0.0528894019618224,TRUE
65,"oracle","K",0.21,0.164240097810825,0.122943950263228,0.217735745837264,0.0947917955740363,TRUE
65,"oracle","alpha",0.7,0.720529958994432,0.664844150173636,0.775102790064018,0.110258639890382,TRUE
65,"oracle","c",0.01,0.0191431876494616,0.00971016415201714,0.0355190729155896,0.0258089087635725,TRUE
65,"oracle","p",1.2,1.32709069612831,1.20829548944199,1.47341039006571,0.265114900623723,FALSE
65,"complete","mu",0.1,0.120524504923045,0.0956705002818626,0.145660118209709,0.0499896179278464,TRUE
65,"complete","K",0.21,0.161521681961284,0.123595791999781,0.208973154839251,0.0853773628394701,FALSE
65,"complete","alpha",0.7,0.71756200516628,0.670876592940688,0.762413183711565,0.0915365907708772,TRUE
65,"complete","c",0.01,0.0187460744889578,0.0105215605987566,0.0321201597206132,0.0215985991218566,FALSE
65,"complete","p",1.2,1.34212512109924,1.2344811603498,1.48993571125956,0.255454550909766,FALSE
66,"oracle","mu",0.1,0.107226258180858,0.0808524783521792,0.133554486682105,0.0527020083299263,TRUE
66,"oracle","K",0.21,0.160927418716536,0.115607859418482,0.224651031530158,0.109043172111676,TRUE
66,"oracle","alpha",0.7,0.735417250939995,0.677908569031542,0.791165978527335,0.113257409495793,TRUE
66,"oracle","c",0.01,0.013519872732098,0.00704833931293061,0.0249005330144112,0.0178521937014806,TRUE
66,"oracle","p",1.2,1.22650554037326,1.14155527549594,1.32700639236847,0.185451116872538,TRUE
66,"complete","mu",0.1,0.106200330464181,0.0794391329644568,0.133268760183908,0.053829627219451,TRUE
66,"complete","K",0.21,0.168432016076695,0.125280914801375,0.228380838077602,0.103099923276227,TRUE
66,"complete","alpha",0.7,0.718741935255945,0.668870404626488,0.766707002450521,0.0978365978240334,TRUE
66,"complete","c",0.01,0.0136582666556305,0.00755204291593205,0.0247964796561498,0.0172444367402178,TRUE
66,"complete","p",1.2,1.22339042040708,1.13786680627826,1.32675333870033,0.188886532422065,TRUE
67,"oracle","mu",0.1,0.119678990001992,0.0913361035457763,0.151660624339759,0.0603245207939823,TRUE
67,"oracle","K",0.21,0.174695654057598,0.135180838160686,0.226035939118339,0.0908551009576529,TRUE
67,"oracle","alpha",0.7,0.728288602914,0.674694635974498,0.777514469365073,0.102819833390575,TRUE
67,"oracle","c",0.01,0.0134291324270037,0.0080967695995397,0.022199314607897,0.0141025450083573,TRUE
67,"oracle","p",1.2,1.24500758354613,1.17295956174458,1.33570260617339,0.162743044428817,TRUE
67,"complete","mu",0.1,0.120912385440174,0.0905328272102905,0.149766937208781,0.05923410999849,TRUE
67,"complete","K",0.21,0.181089040216813,0.143500442658404,0.228224178381351,0.0847237357229476,TRUE
67,"complete","alpha",0.7,0.714947745048776,0.6722259658999,0.758762962494062,0.0865369965941616,TRUE
67,"complete","c",0.01,0.0132668803959754,0.00833319780479213,0.0210167223261162,0.0126835245213241,TRUE
67,"complete","p",1.2,1.24744547824776,1.17737867477284,1.33237317594818,0.154994501175345,TRUE
68,"oracle","mu",0.1,0.117128356635495,0.0851587665714419,0.151082274737083,0.0659235081656411,TRUE
68,"oracle","K",0.21,0.22607504840565,0.176543415294699,0.295493986892646,0.118950571597947,TRUE
68,"oracle","alpha",0.7,0.689928471957655,0.635946724891032,0.738815270539903,0.102868545648871,TRUE
68,"oracle","c",0.01,0.00888415659827815,0.00519650154884087,0.015345145593724,0.0101486440448831,TRUE
68,"oracle","p",1.2,1.21401430752604,1.14000155806998,1.30847566270007,0.168474104630092,TRUE
68,"complete","mu",0.1,0.117641906463215,0.0841091795850072,0.152561982906136,0.0684528033211288,TRUE
68,"complete","K",0.21,0.229792730682494,0.182992044466397,0.294235599696488,0.111243555230091,TRUE
68,"complete","alpha",0.7,0.680498574014011,0.635834432355637,0.722609522962478,0.0867750906068419,TRUE
68,"complete","c",0.01,0.00794871832036106,0.00479704459459617,0.0129982709474866,0.00820122635289046,TRUE
68,"complete","p",1.2,1.20693560959689,1.14075007789984,1.29246782291778,0.151717745017941,TRUE
69,"oracle","mu",0.1,0.104242971586539,0.0760644580218092,0.132146016809259,0.05608155878745,TRUE
69,"oracle","K",0.21,0.213267143509041,0.147726048810371,0.339099043616508,0.191372994806137,TRUE
69,"oracle","alpha",0.7,0.683389965784024,0.612311849528143,0.744454239856094,0.132142390327952,TRUE
69,"oracle","c",0.01,0.0150260910271647,0.00567006688760983,0.039478154278777,0.0338080873911672,TRUE
69,"oracle","p",1.2,1.21560379393765,1.10064925021834,1.37630420096568,0.275654950747347,TRUE
69,"complete","mu",0.1,0.104854483230691,0.0782990542256316,0.130954286751443,0.0526552325258115,TRUE
69,"complete","K",0.21,0.215379220643327,0.152875775642463,0.316329257584001,0.163453481941537,TRUE
69,"complete","alpha",0.7,0.667979434538345,0.610471818375543,0.721094889808231,0.110623071432688,TRUE
69,"complete","c",0.01,0.0144012246205577,0.0067650190755641,0.0297904791819483,0.0230254601063842,TRUE
69,"complete","p",1.2,1.21587738337983,1.11908356556015,1.34778877017526,0.228705204615102,TRUE
70,"oracle","mu",0.1,0.0849528543370683,0.0594728751254052,0.110990127855636,0.0515172527302312,TRUE
70,"oracle","K",0.21,0.234540678796577,0.165640559213366,0.338328161458407,0.172687602245041,TRUE
70,"oracle","alpha",0.7,0.711112709028673,0.652179388364295,0.767695753871089,0.115516365506794,TRUE
70,"oracle","c",0.01,0.00709111488707069,0.0036484438557806,0.0140116999617229,0.0103632561059423,TRUE
70,"oracle","p",1.2,1.15955855770161,1.09266328707266,1.25575526086009,0.163091973787433,TRUE
70,"complete","mu",0.1,0.0821099158949924,0.0567810591235178,0.108407629899353,0.0516265707758348,TRUE
70,"complete","K",0.21,0.269994681471877,0.203580093168247,0.381685943448503,0.178105850280256,TRUE
70,"complete","alpha",0.7,0.666614678721586,0.615878710031244,0.713197162661703,0.0973184526304594,TRUE
70,"complete","c",0.01,0.0077523473931664,0.00416558311707657,0.0143858192650622,0.0102202361479856,TRUE
70,"complete","p",1.2,1.15896717330664,1.09003371603492,1.24665660092091,0.15662288488599,TRUE
71,"oracle","mu",0.1,0.0941689007579137,0.0700277854470971,0.120589903777842,0.0505621183307449,TRUE
71,"oracle","K",0.21,0.20340381719073,0.154881970151433,0.264318107306436,0.109436137155003,TRUE
71,"oracle","alpha",0.7,0.708508296492841,0.654894479907351,0.761802877032442,0.106908397125091,TRUE
71,"oracle","c",0.01,0.0177245830121486,0.0100307986570064,0.0315703050601683,0.0215395064031619,FALSE
71,"oracle","p",1.2,1.24194027523251,1.1613989047747,1.34544654918004,0.184047644405346,TRUE
71,"complete","mu",0.1,0.093411678878458,0.0690790562619016,0.119644265989672,0.0505652097277707,TRUE
71,"complete","K",0.21,0.225136970884187,0.175630227002413,0.288205440320897,0.112575213318484,TRUE
71,"complete","alpha",0.7,0.674565687934445,0.623538226767373,0.721540356260759,0.0980021294933852,TRUE
71,"complete","c",0.01,0.021362796990698,0.0126228039776627,0.0352044745604674,0.0225816705828046,FALSE
71,"complete","p",1.2,1.2574580749749,1.172608101223,1.35855771029622,0.18594960907322,TRUE
72,"oracle","mu",0.1,0.114766739216195,0.0895022065621667,0.141654974575988,0.052152768013821,TRUE
72,"oracle","K",0.21,0.13278863652672,0.0935704762088856,0.185494789662245,0.0919243134533596,FALSE
72,"oracle","alpha",0.7,0.784618744489296,0.726713813310389,0.839931509394552,0.113217696084163,FALSE
72,"oracle","c",0.01,0.0126357117786804,0.00666159292131572,0.0239526523320448,0.0172910594107291,TRUE
72,"oracle","p",1.2,1.25564582038392,1.16718930372123,1.37046069761858,0.203271393897356,TRUE
72,"complete","mu",0.1,0.109646535892102,0.0823275801577691,0.136574269275899,0.0542466891181294,TRUE
72,"complete","K",0.21,0.163355720443596,0.117324935990588,0.226689133548865,0.109364197558276,TRUE
72,"complete","alpha",0.7,0.72990181624305,0.677102125001498,0.779970618802147,0.102868493800649,TRUE
72,"complete","c",0.01,0.0164567892871037,0.00910223542714814,0.0298226580158126,0.0207204225886645,TRUE
72,"complete","p",1.2,1.25027456420538,1.15972304027685,1.36998574343982,0.210262703162967,TRUE
73,"oracle","mu",0.1,0.119341025417389,0.0931104322790188,0.147043197581509,0.0539327653024903,TRUE
73,"oracle","K",0.21,0.194637059196086,0.156127365985672,0.240517385482222,0.0843900194965496,TRUE
73,"oracle","alpha",0.7,0.729897444209254,0.685859655106882,0.771817851693307,0.0859581965864248,TRUE
73,"oracle","c",0.01,0.0129873534323298,0.00782457834076236,0.0211471599420684,0.013322581601306,TRUE
73,"oracle","p",1.2,1.24142935028473,1.17268407005587,1.32430859710758,0.151624527051707,TRUE
73,"complete","mu",0.1,0.116504902230597,0.0897823404085007,0.144476684337031,0.0546943439285306,TRUE
73,"complete","K",0.21,0.211691726135753,0.171294587312354,0.261190277272529,0.0898956899601751,TRUE
73,"complete","alpha",0.7,0.703521898545943,0.663445986832808,0.743864323134331,0.0804183363015231,TRUE
73,"complete","c",0.01,0.0116595536270175,0.00714248169338296,0.0186139006955702,0.0114714190021872,TRUE
73,"complete","p",1.2,1.22551498389659,1.16343721702272,1.30396128083311,0.14052406381039,TRUE
74,"oracle","mu",0.1,0.103489381861528,0.0793628829243218,0.13037811517073,0.0510152322464087,TRUE
74,"oracle","K",0.21,0.175523295779272,0.127810709045979,0.240645556575318,0.112834847529339,TRUE
74,"oracle","alpha",0.7,0.716170388873156,0.652053680978059,0.773697884990309,0.12164420401225,TRUE
74,"oracle","c",0.01,0.0128474746517199,0.00693284411677455,0.0228230732877204,0.0158902291709459,TRUE
74,"oracle","p",1.2,1.29330974283231,1.19362194803149,1.41683215409783,0.223210206066334,TRUE
74,"complete","mu",0.1,0.0985593702070437,0.0749451928123163,0.124099097493027,0.0491539046807105,TRUE
74,"complete","K",0.21,0.205423087201498,0.156786771987509,0.268065926214048,0.111279154226539,TRUE
74,"complete","alpha",0.7,0.668310581245147,0.617556809914272,0.715726066206761,0.0981692562924894,TRUE
74,"complete","c",0.01,0.0124474327255533,0.0071969658431586,0.021191102766215,0.0139941369230564,TRUE
74,"complete","p",1.2,1.26167759623302,1.17035558780566,1.3813754572901,0.211019869484441,TRUE
75,"oracle","mu",0.1,0.1015121111448,0.0761284760837699,0.128676212276968,0.0525477361931983,TRUE
75,"oracle","K",0.21,0.192844564688845,0.1423468614558,0.263972108678503,0.121625247222704,TRUE
75,"oracle","alpha",0.7,0.706049441062817,0.649042593369895,0.762387629224749,0.113345035854854,TRUE
75,"oracle","c",0.01,0.00965225350983932,0.00505143901634516,0.0178472091431787,0.0127957701268335,TRUE
75,"oracle","p",1.2,1.20400101804242,1.13146202807083,1.29815831537052,0.166696287299699,TRUE
75,"complete","mu",0.1,0.105816234702584,0.0803051623233916,0.131675641255932,0.0513704789325404,TRUE
75,"complete","K",0.21,0.18103050437195,0.138736951574707,0.236659587962811,0.097922636388104,TRUE
75,"complete","alpha",0.7,0.708003283192982,0.661425906132837,0.752159578413185,0.0907336722803485,TRUE
75,"complete","c",0.01,0.01071056278884,0.00639840687050056,0.017417246685544,0.0110188398150435,TRUE
75,"complete","p",1.2,1.22838944451398,1.15222440357001,1.32010679656316,0.167882392993148,TRUE
76,"oracle","mu",0.1,0.102563565356519,0.0776226856494364,0.128779523662453,0.0511568380130169,TRUE
76,"oracle","K",0.21,0.219951868300695,0.181559852030821,0.268983076298067,0.0874232242672462,TRUE
76,"oracle","alpha",0.7,0.699645567384243,0.667223357095465,0.730434140989924,0.063210783894459,TRUE
76,"oracle","c",0.01,0.0101776938592028,0.00678566411746,0.0150442250584482,0.00825856094098823,TRUE
76,"oracle","p",1.2,1.17700310127039,1.12783546315081,1.23427451405758,0.106439050906774,TRUE
76,"complete","mu",0.1,0.10192870017846,0.0767128840356814,0.12824852062207,0.051535636586389,TRUE
76,"complete","K",0.21,0.224978741201128,0.18545523510869,0.270789646769084,0.0853344116603934,TRUE
76,"complete","alpha",0.7,0.692448386639556,0.661703954528374,0.723787351371623,0.0620833968432487,TRUE
76,"complete","c",0.01,0.0102935046804893,0.00701959707026029,0.0151170671297494,0.00809747005948913,TRUE
76,"complete","p",1.2,1.17783425464837,1.13067358901511,1.23436802310746,0.103694434092352,TRUE
77,"oracle","mu",0.1,0.104582777242848,0.079996028491443,0.131231496089074,0.0512354675976309,TRUE
77,"oracle","K",0.21,0.185901397240436,0.13684500473182,0.247616792517023,0.110771787785202,TRUE
77,"oracle","alpha",0.7,0.730583428806162,0.672268837366489,0.789128274389053,0.116859437022564,TRUE
77,"oracle","c",0.01,0.0123194098750951,0.00676649266435319,0.0210886246464007,0.0143221319820475,TRUE
77,"oracle","p",1.2,1.22805399566622,1.15082912502908,1.3241617876413,0.173332662612216,TRUE
77,"complete","mu",0.1,0.102680329978583,0.07823496132502,0.128353930078847,0.0501189687538274,TRUE
77,"complete","K",0.21,0.198355340243626,0.152236119260759,0.259920154057265,0.107684034796506,TRUE
77,"complete","alpha",0.7,0.711497399037881,0.661571386026102,0.757140188489781,0.0955688024636797,TRUE
77,"complete","c",0.01,0.00969580518368212,0.00558028636657818,0.0159741960880973,0.0103939097215191,TRUE
77,"complete","p",1.2,1.20170687055924,1.13181009813477,1.28950795710637,0.1576978589716,TRUE
78,"oracle","mu",0.1,0.102209415168855,0.0757358208288274,0.129888364414644,0.0541525435858171,TRUE
78,"oracle","K",0.21,0.25339393696695,0.182318183474335,0.347236062390541,0.164917878916206,TRUE
78,"oracle","alpha",0.7,0.649497434104011,0.583605306401491,0.711140196632776,0.127534890231285,TRUE
78,"oracle","c",0.01,0.0145052188853115,0.00641722136089,0.0306712542807936,0.0242540329199036,TRUE
78,"oracle","p",1.2,1.24692061984588,1.14734308462379,1.38940268395518,0.242059599331395,TRUE
78,"complete","mu",0.1,0.102250333516769,0.0758152990300519,0.12932916869285,0.0535138696627976,TRUE
78,"complete","K",0.21,0.256837075423427,0.193358251964378,0.356398783825689,0.163040531861311,TRUE
78,"complete","alpha",0.7,0.634534848317679,0.580605464610802,0.68316750903765,0.102562044426848,FALSE
78,"complete","c",0.01,0.0122921160784752,0.00604108483047161,0.0243670737878009,0.0183259889573293,TRUE
78,"complete","p",1.2,1.23240117663843,1.13284337123654,1.36522920450115,0.232385833264614,TRUE
79,"oracle","mu",0.1,0.109709899097889,0.0817518916693067,0.138391870442556,0.0566399787732496,TRUE
79,"oracle","K",0.21,0.183981719804402,0.13265297635156,0.272815974770144,0.140162998418584,TRUE
79,"oracle","alpha",0.7,0.748789449379515,0.68638256530753,0.80465603806093,0.1182734727534,TRUE
79,"oracle","c",0.01,0.00821067433139312,0.00416553505105728,0.015466760469261,0.0113012254182038,TRUE
79,"oracle","p",1.2,1.16854907024307,1.09710785444166,1.25156498493353,0.154457130491876,TRUE
79,"complete","mu",0.1,0.113928110433299,0.0878293357873486,0.141844913646096,0.0540155778587474,TRUE
79,"complete","K",0.21,0.172225631943276,0.130662329993142,0.23201544244177,0.101353112448628,TRUE
79,"complete","alpha",0.7,0.752191843803971,0.705307945548784,0.796234190189715,0.0909262446409317,FALSE
79,"complete","c",0.01,0.00780712193483664,0.00458204463919739,0.012872903881712,0.00829085924251463,TRUE
79,"complete","p",1.2,1.1773751886554,1.110958140958,1.25738851426362,0.146430373305624,TRUE
80,"oracle","mu",0.1,0.126823589510282,0.0995518248942176,0.155078811640109,0.0555269867458912,TRUE
80,"oracle","K",0.21,0.182408441419356,0.138538511688401,0.237570265486283,0.099031753797882,TRUE
80,"oracle","alpha",0.7,0.696627952074678,0.639074041172618,0.751146152974562,0.112072111801944,TRUE
80,"oracle","c",0.01,0.0175759286863112,0.00931919068988876,0.0332460605550367,0.023926869865148,TRUE
80,"oracle","p",1.2,1.35191578233424,1.22694573956327,1.53463544369313,0.307689704129862,FALSE
80,"complete","mu",0.1,0.12627492773528,0.0985161158163366,0.153588471585719,0.055072355769382,TRUE
80,"complete","K",0.21,0.191089935417999,0.149980454108584,0.244394650787396,0.0944141966788119,TRUE
80,"complete","alpha",0.7,0.675187706143543,0.627145085418788,0.71813864026486,0.0909935548460716,TRUE
80,"complete","c",0.01,0.0154886309643943,0.00848834184082584,0.0271822120380423,0.0186938701972164,TRUE
80,"complete","p",1.2,1.33391871857813,1.21209177189829,1.49422208707393,0.282130315175636,FALSE
81,"oracle","mu",0.1,0.10511437316891,0.0780098000569661,0.133358240930802,0.0553484408738361,TRUE
81,"oracle","K",0.21,0.204703052846586,0.149192549353857,0.284454116165129,0.135261566811272,TRUE
81,"oracle","alpha",0.7,0.733840158301178,0.677178422746685,0.787480862139614,0.110302439392929,TRUE
81,"oracle","c",0.01,0.0101124379997151,0.00532157568356294,0.0192358726831171,0.0139142969995542,TRUE
81,"oracle","p",1.2,1.17137088476228,1.10422807377527,1.25612680348143,0.15189872970616,TRUE
81,"complete","mu",0.1,0.102691651655741,0.0750617446131023,0.131268094616857,0.0562063500037542,TRUE
81,"complete","K",0.21,0.224343938829798,0.168915235634421,0.302967984474507,0.134052748840086,TRUE
81,"complete","alpha",0.7,0.70087747645549,0.64972778867891,0.74844694847667,0.0987191597977596,TRUE
81,"complete","c",0.01,0.0110416568032175,0.00620610269177452,0.0195372435656406,0.0133311408738661,TRUE
81,"complete","p",1.2,1.17438632250928,1.10620438562036,1.25760673690402,0.151402351283658,TRUE
82,"oracle","mu",0.1,0.0911777743949032,0.0653802776752887,0.11841358526848,0.0530333075931913,TRUE
82,"oracle","K",0.21,0.254834162877794,0.189892519728991,0.351440820547493,0.161548300818502,TRUE
82,"oracle","alpha",0.7,0.679149616684448,0.614059714534409,0.734936298324734,0.120876583790325,TRUE
82,"oracle","c",0.01,0.00920954617459816,0.00477560546534757,0.0170031066373124,0.0122275011719649,TRUE
82,"oracle","p",1.2,1.18400860637662,1.11453082844075,1.26806981740736,0.153538988966607,TRUE
82,"complete","mu",0.1,0.0945926126187551,0.0695773607899692,0.120473862604235,0.0508965018142657,TRUE
82,"complete","K",0.21,0.242222779206638,0.189168396537783,0.313791685577387,0.124623289039604,TRUE
82,"complete","alpha",0.7,0.682318703893856,0.634912060439376,0.724687801752516,0.0897757413131403,TRUE
82,"complete","c",0.01,0.00853767299691684,0.00501321340475475,0.0145159335195684,0.0095027201148136,TRUE
82,"complete","p",1.2,1.18673870863289,1.12351612586342,1.26995759540456,0.14644146954114,TRUE
83,"oracle","mu",0.1,0.101081887020801,0.0755931105935394,0.129420731277911,0.0538276206843721,TRUE
83,"oracle","K",0.21,0.185169821809076,0.136422488499312,0.247487413858595,0.111064925359283,TRUE
83,"oracle","alpha",0.7,0.723012606586764,0.666618234988733,0.779073171154267,0.112454936165534,TRUE
83,"oracle","c",0.01,0.0160572891295592,0.00858985428079639,0.0288121332096128,0.0202222789288164,TRUE
83,"oracle","p",1.2,1.2476531484901,1.15743356226064,1.36679032106771,0.20935675880707,TRUE
83,"complete","mu",0.1,0.103817445774922,0.0787322055275737,0.129894445093195,0.0511622395656216,TRUE
83,"complete","K",0.21,0.177960140332446,0.136092052784286,0.228816621448832,0.0927245686645459,TRUE
83,"complete","alpha",0.7,0.724330204541628,0.67853298044111,0.769512775103254,0.0909797946621433,TRUE
83,"complete","c",0.01,0.0160228449989853,0.0094729517157648,0.0266945859044694,0.0172216341887046,TRUE
83,"complete","p",1.2,1.2606902499321,1.17421333889912,1.37122062332596,0.197007284426841,TRUE
84,"oracle","mu",0.1,0.108289559457759,0.0869109897174039,0.131694555570627,0.0447835658532234,TRUE
84,"oracle","K",0.21,0.134237319232562,0.0932192893843991,0.186047746017732,0.0928284566333333,FALSE
84,"oracle","alpha",0.7,0.770727095870003,0.708404045288044,0.832417913070463,0.124013867782419,FALSE
84,"oracle","c",0.01,0.0173134713622327,0.00850276450702935,0.0332640121051422,0.0247612475981128,TRUE
84,"oracle","p",1.2,1.25333229904203,1.16980806369318,1.36488275020345,0.195074686510269,TRUE
84,"complete","mu",0.1,0.108381840674089,0.0869629281024681,0.131965942598567,0.0450030144960987,TRUE
84,"complete","K",0.21,0.131298506290105,0.094215930213526,0.177717185308187,0.0835012550946609,FALSE
84,"complete","alpha",0.7,0.769680271876873,0.718242467735423,0.821007014523779,0.102764546788356,FALSE
84,"complete","c",0.01,0.0168103718369251,0.00980540751505912,0.0288097305235787,0.0190043230085196,TRUE
84,"complete","p",1.2,1.25217428494683,1.17371739482608,1.35616838899807,0.182450994171984,TRUE
85,"oracle","mu",0.1,0.108946167118713,0.0833846526739537,0.135972448831723,0.0525877961577696,TRUE
85,"oracle","K",0.21,0.192231653659863,0.147846059204726,0.251118959682415,0.103272900477689,TRUE
85,"oracle","alpha",0.7,0.71835773842886,0.669323670039714,0.763412278125804,0.0940886080860897,TRUE
85,"oracle","c",0.01,0.00840180647036977,0.0047993037863856,0.014168428893378,0.00936912510699244,TRUE
85,"oracle","p",1.2,1.19860786571104,1.13378634462287,1.27344989377628,0.139663549153404,TRUE
85,"complete","mu",0.1,0.107099432862238,0.0813165949539237,0.134497852712065,0.053181257758141,TRUE
85,"complete","K",0.21,0.210287947424644,0.166075998688198,0.266974790471326,0.100898791783128,TRUE
85,"complete","alpha",0.7,0.688023485360433,0.644610089666063,0.730884396801223,0.0862743071351596,TRUE
85,"complete","c",0.01,0.0100146030951198,0.00603762588355273,0.0162939626920597,0.010256336808507,TRUE
85,"complete","p",1.2,1.20766832953794,1.14221189539624,1.28379354545549,0.141581650059252,TRUE
86,"oracle","mu",0.1,0.108637887695093,0.08425552714822,0.134033407848539,0.0497778807003193,TRUE
86,"oracle","K",0.21,0.19675112180062,0.141355499417538,0.28128175887717,0.139926259459632,TRUE
86,"oracle","alpha",0.7,0.710034196117012,0.651672750057771,0.763199436406619,0.111526686348849,TRUE
86,"oracle","c",0.01,0.00617376105444035,0.00282710295254743,0.0131207165283745,0.010293613575827,TRUE
86,"oracle","p",1.2,1.19011640785966,1.11002706934905,1.30145553186077,0.191428462511722,TRUE
86,"complete","mu",0.1,0.110811182517253,0.0859638962464343,0.137032331422389,0.0510684351759551,TRUE
86,"complete","K",0.21,0.194732313155736,0.146351166054816,0.264281708711547,0.117930542656731,TRUE
86,"complete","alpha",0.7,0.692934397014451,0.645091773686513,0.738332032552044,0.0932402588655311,TRUE
86,"complete","c",0.01,0.00774986435097189,0.00408609147636941,0.0143312264705817,0.0102451349942123,TRUE
86,"complete","p",1.2,1.2149947816916,1.1355777042467,1.32525648752559,0.189678783278886,TRUE
87,"oracle","mu",0.1,0.0866264457706077,0.0612898976164575,0.113979370114888,0.0526894724984306,TRUE
87,"oracle","K",0.21,0.203031451252258,0.147464597095261,0.294797302662945,0.147332705567684,TRUE
87,"oracle","alpha",0.7,0.73962740197456,0.682004142398667,0.792477271426389,0.110473129027722,TRUE
87,"oracle","c",0.01,0.0075693835320802,0.00359562953394643,0.0148476751161869,0.0112520455822405,TRUE
87,"oracle","p",1.2,1.16601599832628,1.09339572281862,1.25168294046309,0.158287217644473,TRUE
87,"complete","mu",0.1,0.0869298305804092,0.0614976203325003,0.113641797133465,0.0521441768009646,TRUE
87,"complete","K",0.21,0.212026445387348,0.161528064772563,0.292143649001091,0.130615584228528,TRUE
87,"complete","alpha",0.7,0.715749931419172,0.669126343427474,0.760399233661476,0.0912728902340018,TRUE
87,"complete","c",0.01,0.0087928804305214,0.00472985438331606,0.0163893848581728,0.0116595304748567,TRUE
87,"complete","p",1.2,1.17414691746877,1.10503492908302,1.26468434044087,0.15964941135785,TRUE
88,"oracle","mu",0.1,0.107685856670883,0.0859036417699225,0.130482277336222,0.0445786355662995,TRUE
88,"oracle","K",0.21,0.162766387131702,0.120789998191592,0.220745184889211,0.0999551866976189,TRUE
88,"oracle","alpha",0.7,0.7199935222197,0.653532137097667,0.778688549885914,0.125156412788247,TRUE
88,"oracle","c",0.01,0.0119109285531957,0.00622361312650336,0.021896217084224,0.0156726039577207,TRUE
88,"oracle","p",1.2,1.27927137206786,1.18750233528786,1.39044246110886,0.202940125820996,TRUE
88,"complete","mu",0.1,0.104514482792984,0.0815062313444373,0.128775135365242,0.0472689040208043,TRUE
88,"complete","K",0.21,0.192274648079116,0.147249014991946,0.254292806746105,0.107043791754159,TRUE
88,"complete","alpha",0.7,0.673472702618062,0.619015314853799,0.723306166764272,0.104290851910473,TRUE
88,"complete","c",0.01,0.0118828016009237,0.00603603290990441,0.0217481753435887,0.0157121424336842,TRUE
88,"complete","p",1.2,1.26295606493927,1.16912913262595,1.37457011093297,0.205440978307026,TRUE
89,"oracle","mu",0.1,0.10594078219665,0.0793665230760137,0.1335620524519,0.0541955293758868,TRUE
89,"oracle","K",0.21,0.215308738028048,0.158691221036189,0.302134935679266,0.143443714643077,TRUE
89,"oracle","alpha",0.7,0.68670944652899,0.625299586409917,0.741647428515609,0.116347842105692,TRUE
89,"oracle","c",0.01,0.0102336238348496,0.00527583694644894,0.0194896261092087,0.0142137891627598,TRUE
89,"oracle","p",1.2,1.21446291063184,1.12816544244947,1.33025012736637,0.202084684916896,TRUE
89,"complete","mu",0.1,0.11174124049587,0.0855745910439271,0.138122720219798,0.0525481291758708,TRUE
89,"complete","K",0.21,0.197805494381942,0.151623637961182,0.261143741443452,0.10952010348227,TRUE
89,"complete","alpha",0.7,0.691087155386355,0.641183587005418,0.738942901078282,0.0977593140728643,TRUE
89,"complete","c",0.01,0.012063094723051,0.00699259351416192,0.0195466407236568,0.0125540472094948,TRUE
89,"complete","p",1.2,1.25663864528108,1.17019160621007,1.3662094612911,0.19601785508103,TRUE
90,"oracle","mu",0.1,0.101713053742819,0.0702921953926713,0.133341128870856,0.0630489334781843,TRUE
90,"oracle","K",0.21,0.251247142892512,0.194346504653491,0.338676961405356,0.144330456751866,TRUE
90,"oracle","alpha",0.7,0.706489549981451,0.6563457854875,0.754171960977801,0.0978261754903011,TRUE
90,"oracle","c",0.01,0.00820628637272788,0.00467947056662803,0.0138704883939852,0.00919101782735721,TRUE
90,"oracle","p",1.2,1.15795467490538,1.10001506944403,1.22493174818395,0.12491667873992,TRUE
90,"complete","mu",0.1,0.101958042428284,0.0708796879083661,0.135027796623354,0.0641481087149883,TRUE
90,"complete","K",0.21,0.255028188133727,0.200241308000802,0.333728665267156,0.133487357266354,TRUE
90,"complete","alpha",0.7,0.701103742633205,0.654931230702456,0.742972625946639,0.0880413952441832,TRUE
90,"complete","c",0.01,0.00668089959145531,0.00418831475253801,0.0107538728539647,0.00656555810142669,TRUE
90,"complete","p",1.2,1.14948462787411,1.10075739680855,1.21216828736353,0.111410890554976,TRUE
91,"oracle","mu",0.1,0.102512832650889,0.0780429804183097,0.128601483817711,0.0505585033994015,TRUE
91,"oracle","K",0.21,0.146093439714545,0.102378728456039,0.207977854548135,0.105599126092096,FALSE
91,"oracle","alpha",0.7,0.767774013961357,0.705781239794545,0.827498970421785,0.12171773062724,FALSE
91,"oracle","c",0.01,0.0127027332388974,0.00605274260944342,0.0259541507278892,0.0199014081184458,TRUE
91,"oracle","p",1.2,1.24412692449657,1.1524286446232,1.37386539388126,0.221436749258059,TRUE
91,"complete","mu",0.1,0.0970586017210731,0.0724209320818901,0.121565700653342,0.0491447685714514,TRUE
91,"complete","K",0.21,0.171310733765361,0.12508618804564,0.240369118761999,0.115282930716359,TRUE
91,"complete","alpha",0.7,0.728345515827864,0.677468303645674,0.778069202485673,0.100600898839999,TRUE
91,"complete","c",0.01,0.0119128894889671,0.00640980070414719,0.0214569090435845,0.0150471083394373,TRUE
91,"complete","p",1.2,1.21344922968411,1.12492145476199,1.32739527173333,0.202473816971339,TRUE
92,"oracle","mu",0.1,0.102142685649824,0.0770835643240802,0.129898117886439,0.0528145535623585,TRUE
92,"oracle","K",0.21,0.21704601819988,0.165539801754282,0.291372477419534,0.125832675665252,TRUE
92,"oracle","alpha",0.7,0.69701823918842,0.638718875592897,0.749818131238053,0.111099255645156,TRUE
92,"oracle","c",0.01,0.0125422382355427,0.00673984397945041,0.0227116047522076,0.0159717607727572,TRUE
92,"oracle","p",1.2,1.2337780933896,1.14895138838344,1.33723701362264,0.188285625239202,TRUE
92,"complete","mu",0.1,0.103160926078178,0.0785049354629652,0.128988967419362,0.0504840319563972,TRUE
92,"complete","K",0.21,0.219612292560489,0.170985258785356,0.284056797359766,0.11307153857441,TRUE
92,"complete","alpha",0.7,0.682465510741479,0.633326527957573,0.72716750892089,0.0938409809633168,TRUE
92,"complete","c",0.01,0.0131999371003245,0.00771615537666384,0.0222140560139552,0.0144979006372913,TRUE
92,"complete","p",1.2,1.24190913874604,1.16301439543508,1.34274033364869,0.179725938213615,TRUE
93,"oracle","mu",0.1,0.0823641200733979,0.0593090507923683,0.106461157834253,0.0471521070418844,TRUE
93,"oracle","K",0.21,0.251647498434407,0.190805370387529,0.332179850911222,0.141374480523693,TRUE
93,"oracle","alpha",0.7,0.679473104415744,0.623737670835374,0.735959916659321,0.112222245823947,TRUE
93,"oracle","c",0.01,0.0132549133688645,0.00677514604101035,0.0256287800461722,0.0188536340051618,TRUE
93,"oracle","p",1.2,1.1967278513107,1.1247430868286,1.29138019416042,0.166637107331821,TRUE
93,"complete","mu",0.1,0.0844796488781936,0.0630551764663529,0.107847931513591,0.0447927550472385,TRUE
93,"complete","K",0.21,0.230278765593391,0.180349617402611,0.295318250859014,0.114968633456403,TRUE
93,"complete","alpha",0.7,0.694655087506561,0.648606609874948,0.737853518727917,0.0892469088529695,TRUE
93,"complete","c",0.01,0.0115196168425687,0.00650899862703858,0.0202738840699013,0.0137648854428627,TRUE
93,"complete","p",1.2,1.19888665089049,1.12886429239728,1.29026571847562,0.161401426078338,TRUE
94,"oracle","mu",0.1,0.0979698809269554,0.0717459096624345,0.12494397537194,0.053198065709506,TRUE
94,"oracle","K",0.21,0.237895119948538,0.16997294005023,0.363888424256084,0.193915484205855,TRUE
94,"oracle","alpha",0.7,0.703326480511251,0.64229732957309,0.758505758899671,0.116208429326581,TRUE
94,"oracle","c",0.01,0.00710079578033748,0.00323843491386906,0.014072671439951,0.0108342365260819,TRUE
94,"oracle","p",1.2,1.14932551581337,1.07801143196307,1.22991166615606,0.15190023419299,TRUE
94,"complete","mu",0.1,0.0989148553220136,0.0724611522536307,0.12701777220022,0.054556619946589,TRUE
94,"complete","K",0.21,0.248108364159723,0.180894042138966,0.359054492629061,0.178160450490095,TRUE
94,"complete","alpha",0.7,0.679246874521922,0.626970849065702,0.728104512715967,0.101133663650266,TRUE
94,"complete","c",0.01,0.00775957846300414,0.00414869326460751,0.0143252432788245,0.010176550014217,TRUE
94,"complete","p",1.2,1.15406771117366,1.08683432803502,1.23678636010257,0.149952032067548,TRUE
95,"oracle","mu",0.1,0.123589901656444,0.0966740816442556,0.154028585769541,0.0573545041252853,TRUE
95,"oracle","K",0.21,0.188732788246396,0.144124745245601,0.24860513721449,0.104480391968889,TRUE
95,"oracle","alpha",0.7,0.709480470396441,0.65126308341768,0.760953444998157,0.109690361580478,TRUE
95,"oracle","c",0.01,0.0109756636949743,0.00613001631611776,0.0194384086611572,0.0133083923450395,TRUE
95,"oracle","p",1.2,1.23080486857172,1.15565870206667,1.33040524023256,0.174746538165894,TRUE
95,"complete","mu",0.1,0.124867376169761,0.0977094694704202,0.15243154358739,0.0547220741169699,TRUE
95,"complete","K",0.21,0.187307599076497,0.146272082242896,0.242588855184542,0.0963167729416461,TRUE
95,"complete","alpha",0.7,0.707152694708096,0.659334319235775,0.750375415290258,0.0910410960544827,TRUE
95,"complete","c",0.01,0.00958010780405271,0.00580257024181389,0.0152131463015579,0.00941057605974397,TRUE
95,"complete","p",1.2,1.22462299986035,1.15705798288802,1.30668962045854,0.149631637570525,TRUE
96,"oracle","mu",0.1,0.110188849347593,0.0872240525065114,0.135976659669987,0.0487526071634759,TRUE
96,"oracle","K",0.21,0.196111501318931,0.151123431274849,0.249977703751944,0.0988542724770949,TRUE
96,"oracle","alpha",0.7,0.680657115175783,0.630417955236922,0.729016302969862,0.0985983477329393,TRUE
96,"oracle","c",0.01,0.0172566621368748,0.00948149908558428,0.0297592228759773,0.020277723790393,TRUE
96,"oracle","p",1.2,1.3032027631426,1.21383957987176,1.41233196478019,0.198492384908432,FALSE
96,"complete","mu",0.1,0.112923421502495,0.0892654487693739,0.13624496937297,0.0469795206035965,TRUE
96,"complete","K",0.21,0.190294249102813,0.150303649162799,0.23570866932632,0.0854050201635212,TRUE
96,"complete","alpha",0.7,0.683267538944348,0.639266718820618,0.726784903189209,0.0875181843685912,TRUE
96,"complete","c",0.01,0.0170291563825451,0.0101221567829388,0.0272034105518204,0.0170812537688816,FALSE
96,"complete","p",1.2,1.3123992743618,1.22403905010879,1.41004259718794,0.186003547079154,FALSE
97,"oracle","mu",0.1,0.0953870205701422,0.0712532982662637,0.12181386372491,0.0505605654586466,TRUE
97,"oracle","K",0.21,0.220912516790059,0.163816886264563,0.310988188977044,0.147171302712481,TRUE
97,"oracle","alpha",0.7,0.699388637476239,0.640977384128548,0.752713426814473,0.111736042685924,TRUE
97,"oracle","c",0.01,0.00962458147794198,0.00512434027392546,0.0175936967689284,0.0124693564950029,TRUE
97,"oracle","p",1.2,1.18707237054977,1.11123468273036,1.27958432677492,0.168349644044562,TRUE
97,"complete","mu",0.1,0.101119202064607,0.0768613432110023,0.127118554751284,0.0502572115402815,TRUE
97,"complete","K",0.21,0.189147357698072,0.146417047040273,0.249029901129801,0.102612854089527,TRUE
97,"complete","alpha",0.7,0.729677594539561,0.685849003378411,0.772138306134691,0.0862893027562801,TRUE
97,"complete","c",0.01,0.00733322190656321,0.00436155213668411,0.0120836794584396,0.0077221273217555,TRUE
97,"complete","p",1.2,1.19112576504175,1.12292754360365,1.27364394407059,0.150716400466935,TRUE
98,"oracle","mu",0.1,0.0998117939312924,0.074647963453226,0.125238985176022,0.0505910217227956,TRUE
98,"oracle","K",0.21,0.166975812240225,0.123431283615732,0.226575184730057,0.103143901114325,TRUE
98,"oracle","alpha",0.7,0.734252098696354,0.679667252697806,0.7864416474907,0.106774394792894,TRUE
98,"oracle","c",0.01,0.0216079755535351,0.0106227017775095,0.0424980386775809,0.0318753369000714,FALSE
98,"oracle","p",1.2,1.2859261192002,1.18246622517667,1.4261402252094,0.243674000032729,TRUE
98,"complete","mu",0.1,0.0973828665422704,0.0729389617138326,0.123165700168908,0.0502267384550751,TRUE
98,"complete","K",0.21,0.174215163072442,0.131329147885565,0.228868067193567,0.0975389193080026,TRUE
98,"complete","alpha",0.7,0.725256021054089,0.677905809528782,0.771938890343094,0.0940330808143124,TRUE
98,"complete","c",0.01,0.0171720016107726,0.00943824743987134,0.0302122901325846,0.0207740426927133,TRUE
98,"complete","p",1.2,1.26155686332614,1.17437147656224,1.380144355331,0.205772878768759,TRUE
99,"oracle","mu",0.1,0.0844428580249941,0.0604680119812828,0.10923387142848,0.0487658594471973,TRUE
99,"oracle","K",0.21,0.227908000106125,0.14842597423047,0.421470681087861,0.273044706857391,TRUE
99,"oracle","alpha",0.7,0.742765682500081,0.680159830027152,0.802931709745469,0.122771879718316,TRUE
99,"oracle","c",0.01,0.0043125711027298,0.00173603258953943,0.00947589789739459,0.00773986530785516,FALSE
99,"oracle","p",1.2,1.10847838850151,1.04525135443212,1.1895204830874,0.144269128655286,FALSE
99,"complete","mu",0.1,0.0793702829718163,0.0556117021393503,0.105457680249337,0.0498459781099867,TRUE
99,"complete","K",0.21,0.274067831213623,0.187030581642356,0.512038288268905,0.32500770662655,TRUE
99,"complete","alpha",0.7,0.693927248222457,0.640432459052326,0.746492143686312,0.106059684633986,TRUE
99,"complete","c",0.01,0.00608313984720487,0.00290003715925068,0.0120482719413991,0.00914823478214846,TRUE
99,"complete","p",1.2,1.10780285959299,1.04575023468767,1.18936050259496,0.143610267907285,FALSE
100,"oracle","mu",0.1,0.0925891389948526,0.063817126815172,0.123207553458594,0.0593904266434223,TRUE
100,"oracle","K",0.21,0.251765172697006,0.187629301663976,0.354140476361783,0.166511174697806,TRUE
100,"oracle","alpha",0.7,0.671267763715621,0.619528066628051,0.721997216539557,0.102469149911507,TRUE
100,"oracle","c",0.01,0.00883904242496348,0.00459288740238904,0.0162354251096558,0.0116425377072668,TRUE
100,"oracle","p",1.2,1.16697770731991,1.09443306613294,1.25599535075898,0.161562284626034,TRUE
100,"complete","mu",0.1,0.0989082742188528,0.0711231624388178,0.128551892232693,0.0574287297938751,TRUE
100,"complete","K",0.21,0.219941697636447,0.167517972351395,0.294515239425891,0.126997267074496,TRUE
100,"complete","alpha",0.7,0.694551318517527,0.649957514003879,0.738890247953783,0.0889327339499035,TRUE
100,"complete","c",0.01,0.00762827310074553,0.00434579102801192,0.0128942896153093,0.00854849858729739,TRUE
100,"complete","p",1.2,1.1768367803009,1.11214938652327,1.26041898794458,0.148269601421301,TRUE
