time,latitude,longitude,depth,mag,magType,nst,gap,dmin,rms,net,id,updated,place,type,horizontalError,depthError,magError,magNst,status,locationSource,magSource
2019-07-04T17:02:55.340Z,35.7081667,-117.5036667,10.6,3.98,mw,82,23,0.126,0.16,ci,ci38443095,2024-08-07T11:01:18.913Z,"11km SW of Searles Valley, CA",earthquake,0.11,0.25,,6,reviewed,ci,ci
2019-07-04T17:33:49.000Z,35.7053333,-117.5038333,10.5,6.4,mw,62,47,0.1233,0.16,ci,ci38443183,2025-12-22T18:14:43.508Z,"Ridgecrest Earthquake Sequence",earthquake,0.15,0.36,,6,reviewed,ci,ci
2019-07-04T17:35:01.660Z,35.644,-117.5671667,4.64,4.49,mlr,41,74,0.103,0.15,ci,ci38443191,2022-06-19T00:27:31.177Z,"10km ENE of Ridgecrest, CA",earthquake,0.15,0.46,0.132,9,reviewed,ci,ci
2019-07-04T17:35:17.430Z,35.6886667,-117.474,6.48,3.93,mlr,17,175,0.1024,0.15,ci,ci37255940,2020-02-14T01:18:09.526Z,"11km SW of Searles Valley, CA",earthquake,0.44,1.07,0.108,5,reviewed,ci,ci
2019-07-04T17:35:46.340Z,35.6936667,-117.437,7.65,3.63,ml,15,212,0.1786,0.14,ci,ci37222356,2020-02-03T19:40:42.355Z,"9km SSW of Searles Valley, CA",earthquake,0.64,2.11,0.065,2,reviewed,ci,ci
2019-07-04T17:35:52.170Z,35.687,-117.5061667,1.6,4.28,mlr,28,82,0.1065,0.15,ci,ci37218988,2019-09-26T14:30:00.040Z,"13km SW of Searles Valley, CA",earthquake,0.2,0.33,0.119,22,reviewed,ci,ci
2019-07-04T17:36:04.360Z,35.7341667,-117.5741667,6.41,3.94,mlr,15,100,0.08358,0.19,ci,ci37255980,2020-02-14T20:02:47.885Z,"16km NE of Ridgecrest, CA",earthquake,0.38,1.03,0.135,6,reviewed,ci,ci
2019-07-04T17:36:58.950Z,35.7258333,-117.5593333,5.3,3.41,ml,21,88,0.09493,0.11,ci,ci37222380,2019-08-16T20:30:44.430Z,"15km WSW of Searles Valley, CA",earthquake,0.24,1.24,0.101,6,reviewed,ci,ci
2019-07-04T17:37:01.140Z,35.7105,-117.4773333,1.57,3.66,mlr,22,85,0.1243,0.12,ci,ci37222372,2019-09-26T14:30:01.040Z,"9km SW of Searles Valley, CA",earthquake,0.19,0.37,0.165,15,reviewed,ci,ci
2019-07-04T17:37:14.850Z,35.6655,-117.516,1.64,3.97,mlr,22,65,0.09019,0.16,ci,ci37222364,2019-09-26T14:30:00.040Z,"15km SW of Searles Valley, CA",earthquake,0.23,0.45,0.18,13,reviewed,ci,ci
2019-07-04T17:37:25.640Z,35.6758333,-117.4575,15.82,4.01,mlr,27,66,0.08922,0.22,ci,ci37218996,2020-05-21T00:52:25.314Z,"11km SSW of Searles Valley, CA",earthquake,0.36,0.87,0.136,20,reviewed,ci,ci
2019-07-04T17:37:46.320Z,35.6811667,-117.5261667,6.83,3.24,ml,7,135,0.1079,0.11,ci,ci37259580,2020-02-14T21:03:10.275Z,"15km SW of Searles Valley, CA",earthquake,0.46,1.37,0.086,3,reviewed,ci,ci
2019-07-04T17:37:55.500Z,35.7456667,-117.5516667,8.29,3.86,mlr,30,69,0.07924,0.13,ci,ci38443199,2019-09-26T14:30:09.040Z,"14km W of Searles Valley, CA",earthquake,0.17,0.48,0.187,25,reviewed,ci,ci
2019-07-04T17:38:21.450Z,35.714,-117.476,1.74,3.73,mlr,22,88,0.1277,0.16,ci,ci37421941,2019-09-26T14:30:01.040Z,"9km SW of Searles Valley, CA",earthquake,0.24,0.43,0.263,120,reviewed,ci,ci
2019-07-04T17:38:47.500Z,35.6215,-117.5782,9.7,3.5,ml,,,,0.62,us,us70004a0n,2019-09-26T14:30:09.040Z,"8 km E of Ridgecrest, California",earthquake,1.2,6.2,,,reviewed,ci,ci
2019-07-04T17:38:47.760Z,35.6235,-117.596,8.55,3.5,ml,23,97,0.1151,0.14,ci,ci37222396,2021-02-19T19:16:34.113Z,"7km E of Ridgecrest, CA",earthquake,0.21,0.81,0.112,15,reviewed,ci,ci
2019-07-04T17:38:57.260Z,35.6698333,-117.5295,1.87,3.43,ml,9,95,0.0996,0.12,ci,ci37256196,2020-02-03T19:19:44.542Z,"14km ENE of Ridgecrest, CA",earthquake,0.34,0.43,0.036,5,reviewed,ci,ci
2019-07-04T17:39:05.120Z,35.7168333,-117.6661667,5.17,3.25,ml,9,127,0.07286,0.1,ci,ci37259588,2020-02-14T21:29:30.902Z,"11km N of Ridgecrest, CA",earthquake,0.47,1.32,0.123,3,reviewed,ci,ci
2019-07-04T17:39:14.620Z,35.6215,-117.5945,8.82,2.98,ml,11,107,0.1133,0.14,ci,ci37259612,2020-02-14T21:42:24.616Z,"7km E of Ridgecrest, CA",earthquake,0.32,1.85,0.139,6,reviewed,ci,ci
2019-07-04T17:39:33.310Z,35.5743333,-117.6366667,6.85,3.11,ml,8,195,0.1016,0.07,ci,ci37222404,2019-08-17T00:00:43.737Z,"6km SE of Ridgecrest, CA",earthquake,0.43,0.75,0.119,2,reviewed,ci,ci
2019-07-04T17:39:35.360Z,35.6876667,-117.4931667,10.96,3.69,mlr,34,63,0.1041,0.16,ci,ci38443215,2022-06-19T00:28:03.186Z,"12km SW of Searles Valley, CA",earthquake,0.21,0.39,0.194,39,reviewed,ci,ci
2019-07-04T17:39:51.740Z,35.6715,-117.5453333,2.27,3.11,ml,7,143,0.1085,0.23,ci,ci37259660,2020-02-14T22:31:54.687Z,"13km ENE of Ridgecrest, CA",earthquake,1.05,0.92,0.126,4,reviewed,ci,ci
2019-07-04T17:40:02.250Z,35.7253333,-117.5708333,6.63,3.8,mlr,34,56,0.09278,0.16,ci,ci38443223,2019-09-26T14:30:09.040Z,"15km NE of Ridgecrest, CA",earthquake,0.18,0.59,0.142,34,reviewed,ci,ci
2019-07-04T17:40:18.520Z,35.707,-117.5101667,8.66,4.13,mlr,37,61,0.1264,0.16,ci,ci38443231,2020-05-21T01:03:18.515Z,"12km SW of Searles Valley, CA",earthquake,0.18,0.65,0.136,17,reviewed,ci,ci
2019-07-04T17:40:34.900Z,35.6948333,-117.5018333,2.04,3.54,ml,12,144,0.1128,0.1,ci,ci37222508,2019-08-19T17:37:31.677Z,"12km SW of Searles Valley, CA",earthquake,0.24,0.3,0.108,8,reviewed,ci,ci
2019-07-04T17:40:46.140Z,35.7298333,-117.5548333,7.72,3.42,ml,15,89,0.09248,0.16,ci,ci37222516,2019-08-19T17:45:19.256Z,"14km WSW of Searles Valley, CA",earthquake,0.35,1.22,0.065,10,reviewed,ci,ci
2019-07-04T17:40:51.720Z,35.6805,-117.4743333,7.09,3.13,ml,7,278,0.1681,0.23,ci,ci37259692,2020-02-15T01:00:40.218Z,"12km SSW of Searles Valley, CA",earthquake,1.63,19.59,0.152,4,reviewed,ci,ci
2019-07-04T17:41:20.850Z,35.7266667,-117.5288333,1.97,3.3,ml,25,95,0.105,0.24,ci,ci37421957,2019-09-26T14:31:14.040Z,"12km WSW of Searles Valley, CA",earthquake,0.35,0.68,0.126,7,reviewed,ci,ci
2019-07-04T17:42:54.130Z,35.7301667,-117.5586667,7.84,3.22,ml,37,57,0.09104,0.16,ci,ci38443239,2019-09-26T14:30:09.040Z,"15km WSW of Searles Valley, CA",earthquake,0.16,0.73,0.113,30,reviewed,ci,ci
2019-07-04T17:43:29.200Z,35.6783,-117.5488,5.15,3.6,ml,,68,0.115,0.59,us,us70004a0z,2022-06-19T01:15:26.670Z,"12 km ENE of Ridgecrest, California",earthquake,0.8,3.4,0.226,7,reviewed,us,ci
2019-07-04T17:44:32.820Z,35.6875,-117.5071667,1.54,3.86,mlr,65,23,0.1072,0.2,ci,ci38443255,2019-09-26T14:30:09.040Z,"13km SW of Searles Valley, CA",earthquake,0.13,0.35,0.158,244,reviewed,ci,ci
2019-07-04T17:45:05.780Z,35.6976667,-117.4865,2.24,3.03,ml,19,86,0.1127,0.12,ci,ci37421997,2019-08-19T17:57:12.403Z,"11km SW of Searles Valley, CA",earthquake,0.2,0.35,0.095,11,reviewed,ci,ci
2019-07-04T17:45:23.950Z,35.7151667,-117.5473333,7.21,3.03,ml,20,91,0.1083,0.12,ci,ci37421989,2019-08-19T18:01:31.030Z,"14km WSW of Searles Valley, CA",earthquake,0.29,0.66,0.047,6,reviewed,ci,ci
2019-07-04T17:45:28.630Z,35.7348333,-117.5368333,10.34,3.21,ml,20,158,0.09462,0.16,ci,ci37222524,2019-08-19T18:09:52.072Z,"12km WSW of Searles Valley, CA",earthquake,0.34,0.64,0.119,16,reviewed,ci,ci
2019-07-04T17:46:03.710Z,35.6431667,-117.6101667,10.14,2.96,ml,29,69,0.1244,0.13,ci,ci38443263,2019-09-26T14:30:09.040Z,"6km ENE of Ridgecrest, CA",earthquake,0.15,0.42,0.183,22,reviewed,ci,ci
2019-07-04T17:46:49.960Z,35.6385,-117.6108333,10.97,3.07,ml,35,67,0.1258,0.15,ci,ci38443271,2019-09-26T14:30:09.040Z,"6km ENE of Ridgecrest, CA",earthquake,0.16,0.34,0.143,23,reviewed,ci,ci
2019-07-04T17:47:17.810Z,35.7455,-117.5465,7.11,3.5,mlr,48,45,0.08144,0.15,ci,ci38443279,2022-06-16T17:42:21.084Z,"13km W of Searles Valley, CA",earthquake,0.13,0.36,0.137,44,reviewed,ci,ci
2019-07-04T17:47:40.970Z,35.726,-117.5585,3.58,3.11,ml,26,75,0.095,0.17,ci,ci37222548,2019-08-19T19:55:39.109Z,"15km WSW of Searles Valley, CA",earthquake,0.24,0.67,0.072,16,reviewed,ci,ci
2019-07-04T17:47:54.970Z,35.7286667,-117.5606667,5.25,3.4,ml,28,57,0.09191,0.16,ci,ci37222556,2019-09-26T14:30:01.040Z,"15km WSW of Searles Valley, CA",earthquake,0.2,1.28,0.15,21,reviewed,ci,ci
2019-07-04T17:48:03.160Z,35.6365,-117.5518333,6.62,3.27,ml,16,131,0.08845,0.16,ci,ci37222564,2019-08-19T20:04:07.050Z,"11km E of Ridgecrest, CA",earthquake,0.28,0.92,0.184,9,reviewed,ci,ci
2019-07-04T17:48:15.680Z,35.7053333,-117.5245,5.52,3.11,ml,17,98,0.1252,0.26,ci,ci37222572,2019-08-19T20:12:48.142Z,"13km WSW of Searles Valley, CA",earthquake,0.55,3.94,0.1,11,reviewed,ci,ci
2019-07-04T17:48:24.150Z,35.6593333,-117.5263333,2.68,2.96,ml,19,99,0.08951,0.17,ci,ci37222580,2019-08-19T20:21:56.393Z,"14km ENE of Ridgecrest, CA",earthquake,0.27,0.54,0.084,13,reviewed,ci,ci
2019-07-04T17:51:46.650Z,35.674,-117.5235,5.3,3.46,mlr,31,61,0.1006,0.14,ci,ci38443287,2019-09-26T14:30:09.040Z,"15km ENE of Ridgecrest, CA",earthquake,0.17,0.91,0.138,307,reviewed,ci,ci
2019-07-04T17:57:31.460Z,35.6595,-117.5223333,2.3,2.95,ml,32,62,0.08778,0.12,ci,ci38443311,2019-09-26T14:30:10.040Z,"14km ENE of Ridgecrest, CA",earthquake,0.15,0.39,0.14,30,reviewed,ci,ci
2019-07-04T17:58:02.640Z,35.702,-117.5083333,4.77,3.33,ml,39,61,0.1212,0.16,ci,ci38443319,2019-09-26T14:30:10.040Z,"12km SW of Searles Valley, CA",earthquake,0.16,0.6,0.149,37,reviewed,ci,ci
2019-07-04T18:01:23.180Z,35.6876667,-117.5085,1.26,3.53,mlr,37,62,0.1078,0.16,ci,ci37422005,2022-06-19T00:26:32.632Z,"13km SW of Searles Valley, CA",earthquake,0.21,0.41,0.163,230,reviewed,ci,ci
2019-07-04T18:01:31.230Z,35.5978333,-117.5905,6.79,3.42,ml,24,97,0.1052,0.17,ci,ci37223156,2019-08-21T18:06:24.440Z,"8km ESE of Ridgecrest, CA",earthquake,0.26,0.78,0.152,16,reviewed,ci,ci
2019-07-04T18:06:16.110Z,35.6606667,-117.523,2.14,3.79,mlr,47,61,0.08905,0.16,ci,ci38443383,2019-09-26T14:30:10.040Z,"14km ENE of Ridgecrest, CA",earthquake,0.14,0.37,0.128,33,reviewed,ci,ci
2019-07-04T18:07:09.270Z,35.5991667,-117.6101667,2.12,3.51,mlr,42,37,0.1213,0.18,ci,ci38443391,2022-06-16T17:42:42.698Z,"6km ESE of Ridgecrest, CA",earthquake,0.16,0.31,0.165,49,reviewed,ci,ci
2019-07-04T18:07:10.910Z,35.6508333,-117.542,2.77,3.49,ml,15,145,0.09137,0.12,ci,ci37223244,2019-08-22T00:36:36.328Z,"12km ENE of Ridgecrest, CA",earthquake,0.21,0.56,0.143,6,reviewed,ci,ci
2019-07-04T18:07:20.290Z,35.5688333,-117.6365,6.67,3.02,ml,17,121,0.09656,0.2,ci,ci37259964,2020-02-18T19:26:35.760Z,"7km SSE of Ridgecrest, CA",earthquake,0.3,0.9,0.222,4,reviewed,ci,ci
2019-07-04T18:08:33.160Z,35.6678333,-117.5061667,2.27,3.38,ml,35,62,0.08871,0.15,ci,ci38443407,2019-09-26T14:31:14.040Z,"14km SW of Searles Valley, CA",earthquake,0.19,0.59,0.147,80,reviewed,ci,ci
2019-07-04T18:08:45.070Z,35.7108333,-117.4768333,1.17,3.55,ml,29,108,0.1246,0.16,ci,ci37223308,2019-09-26T14:31:14.040Z,"9km SW of Searles Valley, CA",earthquake,0.22,0.51,0.123,216,reviewed,ci,ci
2019-07-04T18:10:32.710Z,35.6598333,-117.5348333,10.25,3.46,ml,43,44,0.09411,0.14,ci,ci38443415,2019-09-26T14:30:10.040Z,"14km ENE of Ridgecrest, CA",earthquake,0.14,0.32,0.13,27,reviewed,ci,ci
2019-07-04T18:12:52.070Z,35.6703333,-117.5605,6.91,3.44,ml,38,58,0.1158,0.14,ci,ci38443431,2019-09-26T14:30:10.040Z,"12km ENE of Ridgecrest, CA",earthquake,0.14,0.49,0.138,92,reviewed,ci,ci
2019-07-04T18:13:51.400Z,35.7081667,-117.485,6.44,3.5,ml,27,63,0.1228,0.16,ci,ci38443439,2019-09-26T14:31:02.040Z,"10km SW of Searles Valley, CA",earthquake,0.2,0.71,0.178,166,reviewed,ci,ci
2019-07-04T18:15:12.820Z,35.6691667,-117.5203333,1.84,3.23,ml,28,81,0.09512,0.2,ci,ci37420701,2019-08-22T23:22:56.767Z,"15km ENE of Ridgecrest, CA",earthquake,0.22,0.36,0.14,192,reviewed,ci,ci
2019-07-04T18:18:45.720Z,35.638,-117.611,9.43,3.38,ml,61,36,0.1259,0.14,ci,ci38443487,2022-09-24T01:02:03.459Z,"6km ENE of Ridgecrest, CA",earthquake,0.11,0.33,0.141,50,reviewed,ci,ci
2019-07-04T18:18:52.070Z,35.6123333,-117.624,0,2.98,ml,15,76,0.1303,0.23,ci,ci37223676,2019-08-23T20:18:32.421Z,"5km ESE of Ridgecrest, CA",earthquake,0.37,0.63,0.097,5,reviewed,ci,ci
2019-07-04T18:26:03.750Z,35.6638333,-117.5245,2.53,3.13,ml,47,61,0.09236,0.13,ci,ci38443519,2019-09-26T14:30:10.040Z,"14km ENE of Ridgecrest, CA",earthquake,0.13,0.45,0.149,26,reviewed,ci,ci
2019-07-04T18:27:26.770Z,35.6748333,-117.5143333,2.68,3.29,ml,40,62,0.09784,0.13,ci,ci38443527,2019-09-26T14:30:10.040Z,"14km SW of Searles Valley, CA",earthquake,0.14,0.39,0.128,31,reviewed,ci,ci
2019-07-04T18:27:59.440Z,35.745,-117.5521667,6.64,4.23,mlr,57,44,0.07964,0.15,ci,ci38443535,2019-09-26T14:30:10.040Z,"14km W of Searles Valley, CA",earthquake,0.12,0.41,0.141,43,reviewed,ci,ci
2019-07-04T18:28:43.640Z,35.6661667,-117.5656667,7.14,3.75,mlr,45,43,0.1159,0.13,ci,ci38443543,2022-06-16T17:42:59.588Z,"11km ENE of Ridgecrest, CA",earthquake,0.13,0.46,0.143,30,reviewed,ci,ci
2019-07-04T18:35:50.890Z,35.6021667,-117.603,4.21,2.98,ml,24,59,0.1158,0.19,ci,ci37229300,2019-10-16T16:51:25.201Z,"7km ESE of Ridgecrest, CA",earthquake,0.23,0.73,0.149,4,reviewed,ci,ci
2019-07-04T18:39:44.440Z,35.6013333,-117.597,2.81,4.59,mw,48,39,0.1109,0.14,ci,ci38443607,2020-05-21T01:04:23.535Z,"7km ESE of Ridgecrest, CA",earthquake,0.13,0.43,,4,reviewed,ci,ci
2019-07-04T18:40:56.740Z,35.652,-117.5368333,2.03,3.05,ml,26,73,0.08927,0.12,ci,ci37224612,2019-08-28T20:35:58.217Z,"13km ENE of Ridgecrest, CA",earthquake,0.16,0.41,0.064,10,reviewed,ci,ci
2019-07-04T18:41:14.270Z,35.6763333,-117.5115,2.13,3.07,ml,27,101,0.09822,0.15,ci,ci38443615,2019-09-26T14:30:11.040Z,"14km SW of Searles Valley, CA",earthquake,0.2,0.49,0.144,18,reviewed,ci,ci
2019-07-04T18:44:25.000Z,35.719,-117.5586667,2.06,3.09,ml,52,57,0.1016,0.16,ci,ci38443631,2019-09-26T14:30:11.040Z,"15km WSW of Searles Valley, CA",earthquake,0.12,0.26,0.127,183,reviewed,ci,ci
2019-07-04T18:47:06.590Z,35.6758333,-117.4853333,8.53,4.34,mw,65,47,0.09111,0.16,ci,ci38443647,2019-09-26T14:30:11.040Z,"13km SW of Searles Valley, CA",earthquake,0.14,0.43,,4,reviewed,ci,ci
2019-07-04T18:47:22.600Z,35.6755,-117.472,10.27,4.02,mlr,22,169,0.08916,0.17,ci,ci37421213,2019-08-28T20:56:31.600Z,"12km SSW of Searles Valley, CA",earthquake,0.34,0.77,0.114,15,reviewed,ci,ci
2019-07-04T18:47:44.310Z,35.6876667,-117.5146667,7.87,3.33,ml,14,164,0.1096,0.18,ci,ci37230556,2019-10-17T19:50:43.749Z,"13km SW of Searles Valley, CA",earthquake,0.43,1.69,0.094,8,reviewed,ci,ci
2019-07-04T18:47:59.170Z,35.6708333,-117.4686667,10.52,3.22,ml,18,113,0.08431,0.15,ci,ci37230564,2019-10-17T20:10:50.342Z,"12km SSW of Searles Valley, CA",earthquake,0.29,0.66,0.088,7,reviewed,ci,ci
2019-07-04T18:50:15.910Z,35.682,-117.4961667,1.26,3.7,mlr,45,54,0.09923,0.19,ci,ci38443671,2019-09-26T14:30:11.040Z,"13km SW of Searles Valley, CA",earthquake,0.17,0.35,0.145,262,reviewed,ci,ci
2019-07-04T18:53:03.340Z,35.6703333,-117.547,4.9,3.08,ml,18,132,0.1085,0.21,ci,ci37230836,2019-10-18T14:57:45.531Z,"13km ENE of Ridgecrest, CA",earthquake,0.33,0.8,0.146,10,reviewed,ci,ci
2019-07-04T18:53:27.670Z,35.7285,-117.5605,7.87,3.36,ml,38,57,0.09211,0.13,ci,ci38443695,2019-09-26T14:30:11.040Z,"15km WSW of Searles Valley, CA",earthquake,0.14,0.54,0.153,27,reviewed,ci,ci
2019-07-04T18:54:13.990Z,35.5975,-117.5996667,5.33,4.07,mlr,58,30,0.1126,0.13,ci,ci38443703,2020-05-21T01:05:12.109Z,"7km ESE of Ridgecrest, CA",earthquake,0.11,0.66,0.145,334,reviewed,ci,ci
2019-07-04T18:55:27.680Z,35.6753333,-117.4795,10.71,3.03,ml,25,87,0.08975,0.13,ci,ci38443711,2022-06-21T05:12:45.042Z,"12km SSW of Searles Valley, CA",earthquake,0.23,0.47,0.153,15,reviewed,ci,ci
2019-07-04T18:56:06.420Z,35.716,-117.56,1.92,4.58,mw,82,36,0.1041,0.17,ci,ci38443719,2020-05-21T01:06:05.310Z,"15km NE of Ridgecrest, CA",earthquake,0.09,0.21,,6,reviewed,ci,ci
2019-07-04T18:56:22.030Z,35.7086667,-117.5541667,1.16,4.21,mlr,18,89,0.1125,0.26,ci,ci37420717,2019-07-31T15:54:21.742Z,"15km NE of Ridgecrest, CA",earthquake,0.38,0.6,0.124,25,reviewed,ci,ci
2019-07-04T18:57:15.610Z,35.6888333,-117.5293333,5.72,3.22,ml,15,135,0.1158,0.22,ci,ci37230948,2019-10-18T19:43:10.717Z,"14km SW of Searles Valley, CA",earthquake,0.53,2.52,0.163,6,reviewed,ci,ci
2019-07-04T18:57:42.060Z,35.7133333,-117.5481667,2.02,2.96,ml,19,135,0.1098,0.18,ci,ci37230908,2019-10-18T19:34:00.093Z,"14km WSW of Searles Valley, CA",earthquake,0.27,0.48,0.093,7,reviewed,ci,ci
2019-07-04T19:00:09.670Z,35.7111667,-117.5513333,1.99,3.22,ml,51,58,0.1109,0.15,ci,ci38443751,2022-06-21T05:13:09.242Z,"15km WSW of Searles Valley, CA",earthquake,0.14,0.25,0.111,23,reviewed,ci,ci
2019-07-04T19:00:14.000Z,35.6773333,-117.5523333,5.01,3.14,ml,16,130,0.1429,0.18,ci,ci37231484,2019-10-18T22:25:28.483Z,"13km ENE of Ridgecrest, CA",earthquake,0.65,2.16,0.217,2,reviewed,ci,ci
2019-07-04T19:01:10.800Z,35.7086667,-117.5565,2.15,3.03,ml,33,58,0.1119,0.2,ci,ci38443759,2019-09-26T14:30:11.040Z,"14km NE of Ridgecrest, CA",earthquake,0.22,0.48,0.1,25,reviewed,ci,ci
2019-07-04T19:10:19.820Z,35.694,-117.4901667,1.58,3.29,ml,53,47,0.1097,0.14,ci,ci38443823,2019-09-26T14:30:11.040Z,"11km SW of Searles Valley, CA",earthquake,0.13,0.28,0.115,30,reviewed,ci,ci
2019-07-04T19:14:59.490Z,35.6548333,-117.5388333,2.42,3,ml,48,44,0.09245,0.14,ci,ci38443831,2019-10-23T21:40:27.680Z,"13km ENE of Ridgecrest, CA",earthquake,0.12,0.34,0.134,30,reviewed,ci,ci
2019-07-04T19:17:51.360Z,35.6951667,-117.5096667,1.46,2.98,ml,35,62,0.1151,0.13,ci,ci38443855,2019-09-26T14:30:12.040Z,"12km SW of Searles Valley, CA",earthquake,0.16,0.4,0.159,16,reviewed,ci,ci
2019-07-04T19:17:58.140Z,35.6268333,-117.601,10.4,3.26,ml,29,49,0.1201,0.19,ci,ci37224620,2019-08-29T19:05:43.477Z,"7km E of Ridgecrest, CA",earthquake,0.23,0.57,0.12,98,reviewed,ci,ci
2019-07-04T19:21:32.090Z,35.6715,-117.4788333,5.16,4.5,mw,79,24,0.08589,0.16,ci,ci38443871,2019-09-26T14:30:12.040Z,"13km SSW of Searles Valley, CA",earthquake,0.12,0.39,,4,reviewed,ci,ci
2019-07-04T19:49:04.980Z,35.683,-117.4895,1.04,3.26,ml,51,64,0.09882,0.13,ci,ci38444047,2019-09-26T14:30:12.040Z,"12km SW of Searles Valley, CA",earthquake,0.13,0.31,0.156,46,reviewed,ci,ci
2019-07-04T19:51:16.980Z,35.71,-117.5561667,2.09,3.35,ml,52,44,0.1107,0.15,ci,ci38444063,2019-09-26T14:30:12.040Z,"15km NE of Ridgecrest, CA",earthquake,0.13,0.28,0.129,37,reviewed,ci,ci
2019-07-04T19:56:00.500Z,35.6623333,-117.524,1.49,4.16,mw,81,23,0.09089,0.18,ci,ci38444103,2019-09-26T14:30:12.040Z,"14km ENE of Ridgecrest, CA",earthquake,0.1,0.26,,6,reviewed,ci,ci
2019-07-04T19:56:25.890Z,35.6636667,-117.5225,2.15,3.27,ml,18,97,0.09134,0.19,ci,ci37260124,2021-02-19T19:16:12.911Z,"15km ENE of Ridgecrest, CA",earthquake,0.27,0.8,0.113,8,reviewed,ci,ci
2019-07-04T20:06:08.250Z,35.6991667,-117.4891667,10.27,3.39,ml,57,47,0.1145,0.13,ci,ci38444159,2019-10-28T14:54:48.530Z,"11km SW of Searles Valley, CA",earthquake,0.11,0.28,0.158,42,reviewed,ci,ci
2019-07-04T20:14:50.340Z,35.6991667,-117.5125,5.75,3.99,mlr,74,23,0.1197,0.15,ci,ci38444215,2019-09-26T14:30:13.040Z,"12km SW of Searles Valley, CA",earthquake,0.11,0.45,0.15,333,reviewed,ci,ci
2019-07-04T20:17:36.830Z,35.7,-117.4836667,1.25,3.09,ml,49,47,0.1146,0.13,ci,ci38444231,2019-09-26T14:30:13.040Z,"10km SW of Searles Valley, CA",earthquake,0.13,0.3,0.121,45,reviewed,ci,ci
2019-07-04T20:23:09.930Z,35.6408333,-117.5973333,10.39,3.43,ml,62,40,0.1227,0.15,ci,ci38444263,2019-09-26T14:30:13.040Z,"7km ENE of Ridgecrest, CA",earthquake,0.12,0.28,0.179,46,reviewed,ci,ci
2019-07-04T20:45:26.710Z,35.7028333,-117.4775,1.31,3.1,ml,49,55,0.1167,0.15,ci,ci38444407,2019-10-29T20:45:59.850Z,"10km SW of Searles Valley, CA",earthquake,0.14,0.36,0.125,29,reviewed,ci,ci
2019-07-04T20:55:25.070Z,35.7116667,-117.4808333,2.39,3.4,ml,53,64,0.1258,0.15,ci,ci38444487,2022-06-19T00:28:28.154Z,"9km SW of Searles Valley, CA",earthquake,0.12,0.28,0.181,30,reviewed,ci,ci
2019-07-04T21:02:55.820Z,35.69,-117.4831667,7.89,3.47,ml,58,38,0.1047,0.14,ci,ci38444543,2019-09-26T14:30:13.040Z,"11km SW of Searles Valley, CA",earthquake,0.12,0.45,0.109,52,reviewed,ci,ci
2019-07-04T21:26:35.000Z,35.6748333,-117.5253333,9.41,2.98,ml,50,61,0.102,0.15,ci,ci38444719,2019-09-26T14:30:13.040Z,"15km ENE of Ridgecrest, CA",earthquake,0.14,0.4,0.106,34,reviewed,ci,ci
2019-07-04T21:33:34.350Z,35.617,-117.5898333,7.45,3.15,ml,59,47,0.1084,0.13,ci,ci38444791,2019-09-26T14:30:13.040Z,"8km E of Ridgecrest, CA",earthquake,0.1,0.51,0.18,41,reviewed,ci,ci
2019-07-04T21:40:33.420Z,35.6701667,-117.5181667,1.78,3.44,ml,61,38,0.09512,0.14,ci,ci38444823,2019-09-26T14:30:13.040Z,"15km SW of Searles Valley, CA",earthquake,0.11,0.27,0.152,48,reviewed,ci,ci
2019-07-04T21:47:04.370Z,35.6335,-117.606,9.67,3.25,ml,60,36,0.1262,0.14,ci,ci38444903,2019-09-26T14:30:13.040Z,"6km ENE of Ridgecrest, CA",earthquake,0.11,0.31,0.12,41,reviewed,ci,ci
2019-07-04T22:02:35.060Z,35.6768333,-117.5128333,2.88,3.44,ml,68,37,0.09913,0.14,ci,ci38445015,2019-09-26T14:30:13.040Z,"14km SW of Searles Valley, CA",earthquake,0.11,0.3,0.15,45,reviewed,ci,ci
2019-07-04T22:05:22.270Z,35.7115,-117.477,1.32,3.56,ml,39,64,0.1253,0.13,ci,ci37225444,2022-06-18T16:48:02.806Z,"9km SW of Searles Valley, CA",earthquake,0.14,0.3,0.146,41,reviewed,ci,ci
2019-07-04T22:12:08.490Z,35.7463333,-117.5636667,5.76,4.43,mw,74,44,0.07452,0.15,ci,ci38445087,2020-02-18T22:37:59.513Z,"15km W of Searles Valley, CA",earthquake,0.1,0.42,,6,reviewed,ci,ci
2019-07-04T22:42:21.780Z,35.7221667,-117.5235,4.41,3.23,ml,61,37,0.1111,0.14,ci,ci38445295,2019-09-26T14:30:14.040Z,"12km WSW of Searles Valley, CA",earthquake,0.1,0.38,0.132,49,reviewed,ci,ci
2019-07-04T23:12:40.400Z,35.6731667,-117.4713333,9.01,3.53,ml,50,38,0.0868,0.14,ci,ci38445495,2022-06-19T00:28:53.911Z,"12km SSW of Searles Valley, CA",earthquake,0.13,0.35,0.147,39,reviewed,ci,ci
2019-07-04T23:13:05.010Z,35.7461667,-117.5775,4.4,3.04,ml,28,66,0.07131,0.13,ci,ci38445503,2019-09-26T14:30:14.040Z,"16km W of Searles Valley, CA",earthquake,0.15,0.41,0.098,24,reviewed,ci,ci
2019-07-04T23:34:00.630Z,35.6623333,-117.5245,2.61,3.82,ml,30,45,0.09111,0.14,ci,ci37420973,2019-09-26T14:31:03.040Z,"14km ENE of Ridgecrest, CA",earthquake,0.24,0.58,0.203,7,reviewed,ci,ci
2019-07-04T23:34:02.380Z,35.6011667,-117.6106667,4.75,4.04,mw,52,54,0.1219,0.24,ci,ci38445703,2020-05-21T01:06:51.063Z,"6km ESE of Ridgecrest, CA",earthquake,0.23,0.84,,4,reviewed,ci,ci
2019-07-04T23:42:33.830Z,35.7478333,-117.5678333,4.36,3.72,mw,55,44,0.07193,0.15,ci,ci38445751,2019-09-26T14:30:14.040Z,"15km W of Searles Valley, CA",earthquake,0.13,0.39,,6,reviewed,ci,ci
2019-07-04T23:54:36.390Z,35.656,-117.5233333,1.71,3.39,ml,57,54,0.08538,0.12,ci,ci38445839,2019-09-26T14:30:14.040Z,"14km ENE of Ridgecrest, CA",earthquake,0.1,0.25,0.14,39,reviewed,ci,ci
2019-07-05T00:18:01.410Z,35.7718333,-117.6178333,2.59,4.04,mw,67,43,0.04682,0.14,ci,ci38445975,2019-09-26T14:30:14.040Z,"18km NNE of Ridgecrest, CA",earthquake,0.1,0.24,,6,reviewed,ci,ci
2019-07-05T00:32:06.670Z,35.7033333,-117.4828333,1,4.02,mw,68,23,0.1178,0.14,ci,ci38446071,2020-05-21T01:07:37.714Z,"10km SW of Searles Valley, CA",earthquake,0.1,0.24,,6,reviewed,ci,ci
2019-07-05T00:45:39.460Z,35.6946667,-117.5083333,6.22,3.85,mw,79,22,0.1143,0.14,ci,ci38446159,2019-09-26T14:30:15.040Z,"12km SW of Searles Valley, CA",earthquake,0.09,0.36,,5,reviewed,ci,ci
2019-07-05T01:08:53.450Z,35.7245,-117.548,1.89,3.11,ml,53,35,0.09955,0.14,ci,ci38446343,2019-09-26T14:30:15.040Z,"14km WSW of Searles Valley, CA",earthquake,0.11,0.24,0.144,51,reviewed,ci,ci
2019-07-05T01:18:13.420Z,35.6583333,-117.5228333,1.85,3.21,ml,67,40,0.08705,0.12,ci,ci38446391,2019-09-26T14:30:15.040Z,"14km ENE of Ridgecrest, CA",earthquake,0.08,0.2,0.124,50,reviewed,ci,ci
2019-07-05T02:01:41.150Z,35.7741667,-117.6165,2.84,3.25,ml,48,53,0.04426,0.13,ci,ci38446639,2019-09-26T14:30:15.040Z,"18km NNE of Ridgecrest, CA",earthquake,0.12,0.29,0.147,25,reviewed,ci,ci
2019-07-05T02:01:59.010Z,35.6401667,-117.5461667,11.3,3.98,mw,71,37,0.08688,0.17,ci,ci38446647,2019-09-26T14:30:15.040Z,"12km E of Ridgecrest, CA",earthquake,0.13,0.39,,6,reviewed,ci,ci
2019-07-05T02:05:19.180Z,35.6555,-117.5226667,1.93,3.4,ml,53,44,0.08466,0.14,ci,ci38446671,2019-09-26T14:30:15.040Z,"14km ENE of Ridgecrest, CA",earthquake,0.12,0.35,0.125,34,reviewed,ci,ci
2019-07-05T02:19:41.890Z,35.7726667,-117.619,2.83,3.26,ml,52,59,0.0464,0.15,ci,ci38446807,2019-09-26T14:30:15.040Z,"18km NNE of Ridgecrest, CA",earthquake,0.12,0.26,0.139,33,reviewed,ci,ci
2019-07-05T03:15:18.700Z,35.6298333,-117.5661667,4.66,3.24,ml,74,36,0.09511,0.13,ci,ci38447143,2019-09-26T14:30:16.040Z,"10km E of Ridgecrest, CA",earthquake,0.08,0.28,0.146,48,reviewed,ci,ci
2019-07-05T03:19:53.570Z,35.655,-117.5221667,1.51,3.41,ml,56,54,0.08402,0.12,ci,ci38447191,2019-09-26T14:30:16.040Z,"14km ENE of Ridgecrest, CA",earthquake,0.1,0.21,0.165,35,reviewed,ci,ci
2019-07-05T03:46:54.410Z,35.6811667,-117.5013333,1.39,3.14,ml,48,63,0.09969,0.14,ci,ci38447391,2019-09-26T14:30:16.040Z,"13km SW of Searles Valley, CA",earthquake,0.14,0.31,0.13,44,reviewed,ci,ci
2019-07-05T04:11:38.570Z,35.722,-117.5545,2.02,3.53,mw,71,36,0.09986,0.15,ci,ci38447591,2019-09-26T14:30:16.040Z,"14km WSW of Searles Valley, CA",earthquake,0.1,0.21,,4,reviewed,ci,ci
2019-07-05T04:14:45.300Z,35.6993333,-117.481,1.16,3.56,ml,62,23,0.1136,0.15,ci,ci38447623,2019-09-26T14:30:16.040Z,"10km SW of Searles Valley, CA",earthquake,0.11,0.22,0.104,38,reviewed,ci,ci
2019-07-05T05:10:37.400Z,35.7058333,-117.4781667,2.42,3.2,ml,57,37,0.1198,0.15,ci,ci38447999,2019-09-26T14:30:16.040Z,"10km SW of Searles Valley, CA",earthquake,0.11,0.36,0.151,38,reviewed,ci,ci
2019-07-05T05:18:25.380Z,35.769,-117.614,2.55,3.45,mw,59,43,0.04853,0.15,ci,ci38448031,2019-09-26T14:30:16.040Z,"17km NNE of Ridgecrest, CA",earthquake,0.1,0.23,,4,reviewed,ci,ci
2019-07-05T06:09:23.110Z,35.6228333,-117.5716667,7.25,3.65,mw,70,37,0.09629,0.13,ci,ci38448295,2022-06-16T17:43:21.240Z,"9km E of Ridgecrest, CA",earthquake,0.09,0.42,,6,reviewed,ci,ci
2019-07-05T06:40:42.650Z,35.701,-117.5081667,6.63,3.22,ml,56,35,0.1202,0.13,ci,ci38448487,2019-09-26T14:30:17.040Z,"12km SW of Searles Valley, CA",earthquake,0.11,0.36,0.165,46,reviewed,ci,ci
2019-07-05T07:02:22.360Z,35.7253333,-117.5646667,2.67,3.23,ml,57,70,0.09408,0.15,ci,ci38448631,2019-09-26T14:30:17.040Z,"15km WSW of Searles Valley, CA",earthquake,0.12,0.33,0.152,38,reviewed,ci,ci
2019-07-05T07:27:37.110Z,35.7503333,-117.5631667,6.89,3.72,mw,72,44,0.07099,0.16,ci,ci38448791,2019-09-26T14:30:17.040Z,"14km W of Searles Valley, CA",earthquake,0.1,0.3,,4,reviewed,ci,ci
2019-07-05T07:39:13.480Z,35.688,-117.4785,10.6,3.46,mlr,74,23,0.1021,0.14,ci,ci38448863,2019-09-26T14:30:17.040Z,"11km SW of Searles Valley, CA",earthquake,0.11,0.23,0.257,18,reviewed,ci,ci
2019-07-05T08:21:04.780Z,35.6023333,-117.6041667,4.46,3.47,ml,66,31,0.1168,0.14,ci,ci38449191,2019-09-26T14:30:17.040Z,"7km ESE of Ridgecrest, CA",earthquake,0.1,0.37,0.154,46,reviewed,ci,ci
2019-07-05T08:46:49.710Z,35.6921667,-117.4888333,9.23,2.99,ml,66,23,0.1076,0.14,ci,ci38449335,2019-09-26T14:30:17.040Z,"11km SW of Searles Valley, CA",earthquake,0.1,0.32,0.162,39,reviewed,ci,ci
2019-07-05T08:54:02.480Z,35.704,-117.502,8.66,3.48,ml,72,23,0.1216,0.16,ci,ci38449351,2022-06-16T17:43:42.722Z,"11km SW of Searles Valley, CA",earthquake,0.11,0.34,0.165,38,reviewed,ci,ci
2019-07-05T09:46:29.080Z,35.6496667,-117.5481667,2.3,3.62,ml,72,52,0.09423,0.13,ci,ci38449719,2019-09-26T14:30:17.040Z,"12km ENE of Ridgecrest, CA",earthquake,0.08,0.24,0.206,46,reviewed,ci,ci
2019-07-05T10:16:34.490Z,35.6636667,-117.5026667,6.92,3.1,ml,62,38,0.08376,0.13,ci,ci38449919,2019-09-26T14:30:18.040Z,"15km SW of Searles Valley, CA",earthquake,0.1,0.31,0.137,38,reviewed,ci,ci
2019-07-05T10:59:38.920Z,35.602,-117.5901667,2.82,3.54,mw,77,24,0.1054,0.14,ci,ci38450223,2019-09-26T14:30:18.040Z,"8km ESE of Ridgecrest, CA",earthquake,0.09,0.27,,6,reviewed,ci,ci
2019-07-05T11:07:53.040Z,35.7603333,-117.575,6.95,5.37,mw,79,43,0.05824,0.2,ci,ci38450263,2025-12-22T18:12:44.702Z,"16km W of Searles Valley, CA",earthquake,0.13,0.36,,6,reviewed,ci,ci
2019-07-05T11:08:40.190Z,35.7575,-117.5715,7.02,3.75,mlr,24,74,0.06184,0.11,ci,ci37260284,2020-02-19T19:45:13.183Z,"15km W of Searles Valley, CA",earthquake,0.19,0.4,0.13,13,reviewed,ci,ci
2019-07-05T11:10:09.340Z,35.755,-117.5836667,7,3.03,ml,28,65,0.06165,0.14,ci,ci38450271,2019-09-26T14:30:18.040Z,"16km W of Searles Valley, CA",earthquake,0.19,0.41,0.128,15,reviewed,ci,ci
2019-07-05T11:29:14.850Z,35.7723333,-117.57,7.3,3.03,ml,55,44,0.04875,0.13,ci,ci38450415,2019-09-26T14:30:19.040Z,"15km W of Searles Valley, CA",earthquake,0.11,0.4,0.135,34,reviewed,ci,ci
2019-07-05T11:36:03.920Z,35.7631667,-117.5838333,7.91,3.19,ml,34,55,0.05363,0.19,ci,ci38450511,2019-09-26T14:30:19.040Z,"16km W of Searles Valley, CA",earthquake,0.2,0.67,0.123,277,reviewed,ci,ci
2019-07-05T12:23:57.920Z,35.7238333,-117.5303333,2.98,3.35,ml,66,37,0.1067,0.15,ci,ci38450935,2019-09-26T14:30:19.040Z,"12km WSW of Searles Valley, CA",earthquake,0.09,0.43,0.123,36,reviewed,ci,ci
2019-07-05T12:38:30.020Z,35.7716667,-117.5706667,6.82,4.09,mw,73,44,0.0491,0.14,ci,ci38451079,2019-11-15T17:04:55.384Z,"15km W of Searles Valley, CA",earthquake,0.12,0.34,,6,reviewed,ci,ci
2019-07-05T12:39:06.080Z,35.6728333,-117.5208333,4.58,3.11,ml,27,79,0.0985,0.18,ci,ci37260292,2020-02-19T20:36:55.293Z,"15km SW of Searles Valley, CA",earthquake,0.23,0.63,0.111,14,reviewed,ci,ci
2019-07-05T12:55:04.830Z,35.7515,-117.5643333,7.35,3.65,mw,70,44,0.06955,0.15,ci,ci38451239,2020-06-04T03:27:09.140Z,"15km W of Searles Valley, CA",earthquake,0.1,0.39,,4,reviewed,ci,ci
2019-07-05T14:39:33.450Z,35.7421667,-117.5666667,2.89,3.94,mw,70,44,0.07758,0.15,ci,ci38452095,2019-09-26T14:30:20.040Z,"15km W of Searles Valley, CA",earthquake,0.1,0.26,,6,reviewed,ci,ci
2019-07-05T15:46:03.860Z,35.6995,-117.4841667,1.41,3,ml,65,23,0.1142,0.13,ci,ci38452607,2024-12-10T02:40:28.967Z,"10km SW of Searles Valley, CA",earthquake,0.09,0.22,0.128,53,reviewed,ci,ci
2019-07-05T17:02:36.510Z,35.6175,-117.5796667,10.83,3.84,mw,81,33,0.1006,0.15,ci,ci38453279,2019-09-26T14:30:21.040Z,"9km E of Ridgecrest, CA",earthquake,0.09,0.21,,4,reviewed,ci,ci
2019-07-05T17:59:56.230Z,35.793,-117.615,4.01,3.41,ml,62,42,0.02678,0.14,ci,ci38453719,2019-09-26T14:30:21.040Z,"19km W of Searles Valley, CA",earthquake,0.1,0.22,0.134,32,reviewed,ci,ci
2019-07-05T22:38:23.380Z,35.7755,-117.6036667,2.5,3.07,ml,54,42,0.04046,0.14,ci,ci38455679,2019-09-26T14:30:22.040Z,"18km W of Searles Valley, CA",earthquake,0.11,0.27,0.096,31,reviewed,ci,ci
2019-07-06T00:13:02.720Z,35.7281667,-117.5618333,3.13,3.5,ml,57,44,0.09208,0.21,ci,ci38456351,2022-06-19T00:29:18.255Z,"15km WSW of Searles Valley, CA",earthquake,0.15,0.63,0.17,38,reviewed,ci,ci
2019-07-06T00:51:25.700Z,35.7501667,-117.5841667,6.6,3.67,mlr,70,43,0.06633,0.14,ci,ci38456615,2022-06-16T17:43:58.847Z,"16km W of Searles Valley, CA",earthquake,0.09,0.28,0.188,61,reviewed,ci,ci
2019-07-06T03:16:32.480Z,35.7253333,-117.5535,0.88,4.97,mw,83,35,0.09705,0.19,ci,ci38457487,2020-04-05T23:26:37.030Z,"14km WSW of Searles Valley, CA",earthquake,0.13,0.31,,6,reviewed,ci,ci
2019-07-06T03:17:13.500Z,35.7453333,-117.5608333,6.5,4.14,ml,27,68,0.07632,0.15,ci,ci37257780,2020-02-06T19:48:24.565Z,"14km W of Searles Valley, CA",earthquake,0.21,0.57,0.095,15,reviewed,ci,ci
2019-07-06T03:19:53.040Z,35.7695,-117.5993333,8,7.1,mw,77,43,0.04616,0.22,ci,ci38457511,2026-07-23T16:27:13.140Z,"Ridgecrest Earthquake Sequence",earthquake,0.19,31.61,0.028,126,reviewed,ci,ci
2019-07-06T03:20:36.080Z,36.0068333,-117.8525,13.93,4.33,mlr,4,163,0.03074,0.22,ci,ci37222188,2019-08-15T20:10:48.498Z,"9km NNE of Little Lake, CA",earthquake,2,1.25,0.095,4,reviewed,ci,ci
2019-07-06T03:20:41.140Z,35.9496667,-117.7376667,9.28,4.81,mlr,13,93,0.06493,0.09,ci,ci37222196,2019-08-15T20:09:34.004Z,"15km E of Little Lake, CA",earthquake,0.23,0.45,0.162,11,reviewed,ci,ci
2019-07-06T03:21:10.050Z,35.8306667,-117.6601667,5.86,4.33,mlr,15,103,0.05305,0.21,ci,ci37222204,2020-02-19T23:11:11.614Z,"23km N of Ridgecrest, CA",earthquake,0.44,1.24,0.144,5,reviewed,ci,ci
2019-07-06T03:21:19.190Z,35.5423333,-117.5053333,5.6,4.15,mlr,4,183,0.05638,0.06,ci,ci37260300,2020-02-19T23:17:27.113Z,"18km ESE of Ridgecrest, CA",earthquake,1.54,2.09,0.005,2,reviewed,ci,ci
2019-07-06T03:22:03.570Z,35.9216667,-117.729,8.17,4.64,mlr,21,52,0.06897,0.15,ci,ci38457519,2019-11-15T17:23:05.605Z,"16km E of Little Lake, CA",earthquake,0.25,0.54,0.148,13,reviewed,ci,ci
2019-07-06T03:22:17.100Z,35.748,-117.5456667,3.9,4.55,mlr,22,70,0.07966,0.2,ci,ci37219484,2019-08-08T22:07:42.040Z,"13km W of Searles Valley, CA",earthquake,0.28,0.72,0.199,14,reviewed,ci,ci
2019-07-06T03:22:27.160Z,35.6171667,-117.4275,8.45,4.46,mlr,7,174,0.04167,0.16,ci,ci37219492,2019-08-08T22:09:44.040Z,"17km S of Searles Valley, CA",earthquake,0.58,0.88,0.067,4,reviewed,ci,ci
2019-07-06T03:22:35.630Z,35.6166667,-117.4301667,9.35,4.73,mlr,7,180,0.03984,0.14,ci,ci37219500,2021-02-19T19:17:42.104Z,"17km S of Searles Valley, CA",earthquake,0.66,0.69,0.035,3,reviewed,ci,ci
2019-07-06T03:22:48.300Z,35.891,-117.7365,9.1,4.64,mlr,29,34,0.08543,0.16,ci,ci37219156,2019-11-15T17:17:41.338Z,"16km ESE of Little Lake, CA",earthquake,0.2,0.43,0.12,21,reviewed,ci,ci
2019-07-06T03:23:07.570Z,35.8378333,-117.6406667,9.75,3.78,mlr,9,132,0.04142,0.06,ci,ci37260308,2020-02-20T01:13:37.921Z,"23km WNW of Searles Valley, CA",earthquake,0.22,0.63,0.07,7,reviewed,ci,ci
2019-07-06T03:23:19.870Z,35.861,-117.6778333,6.82,4.52,mlr,13,85,0.07937,0.24,ci,ci37219468,2019-08-08T22:10:14.040Z,"22km ESE of Little Lake, CA",earthquake,0.47,1.03,0.143,6,reviewed,ci,ci
2019-07-06T03:23:29.560Z,35.8778333,-117.724,6.14,4,mlr,9,255,0.09198,0.11,ci,ci37260316,2020-02-20T19:25:12.744Z,"18km ESE of Little Lake, CA",earthquake,0.55,1.09,0.044,5,reviewed,ci,ci
2019-07-06T03:23:34.710Z,35.5685,-117.5165,10.82,4.22,mlr,9,129,0.04777,0.12,ci,ci37219476,2019-08-08T22:10:58.040Z,"16km ESE of Ridgecrest, CA",earthquake,0.39,0.3,0.383,5,reviewed,ci,ci
2019-07-06T03:23:50.720Z,35.8031667,-117.6178333,11.44,4.84,mlr,39,54,0.02074,0.23,ci,ci37219164,2019-11-15T17:26:02.971Z,"20km WNW of Searles Valley, CA",earthquake,0.26,0.53,0.174,52,reviewed,ci,ci
2019-07-06T03:24:07.550Z,35.8876667,-117.7201667,7.95,3.91,mlr,7,183,0.08259,0.08,ci,ci37219508,2021-02-19T19:17:39.295Z,"18km ESE of Little Lake, CA",earthquake,0.36,0.89,0.095,6,reviewed,ci,ci
2019-07-06T03:24:15.200Z,35.9013333,-117.7075,7.11,3.52,mlr,10,109,0.06564,0.09,ci,ci37260444,2020-02-20T19:42:21.849Z,"18km ESE of Little Lake, CA",earthquake,0.23,0.54,0.087,6,reviewed,ci,ci
2019-07-06T03:24:22.370Z,35.9018333,-117.7273333,5.3,4.19,mlr,26,38,0.07755,0.18,ci,ci38457535,2019-08-07T23:28:15.040Z,"17km ESE of Little Lake, CA",earthquake,0.22,0.83,0.156,18,reviewed,ci,ci
2019-07-06T03:24:33.520Z,35.8911667,-117.6755,7.42,4.07,mlr,9,86,0.06017,0.17,ci,ci37219516,2021-02-19T19:17:40.687Z,"21km ESE of Little Lake, CA",earthquake,0.52,1.25,0.052,8,reviewed,ci,ci
2019-07-06T03:24:56.850Z,35.87,-117.5695,10.81,3.92,mlr,16,119,0.05873,0.11,ci,ci37260452,2020-02-20T20:17:54.918Z,"19km NW of Searles Valley, CA",earthquake,0.3,0.48,0.114,9,reviewed,ci,ci
2019-07-06T03:25:19.720Z,35.903,-117.6911667,7.01,3.91,mlr,11,113,0.05571,0.07,ci,ci37219524,2019-08-08T21:26:01.040Z,"20km E of Little Lake, CA",earthquake,0.27,0.54,0.135,7,reviewed,ci,ci
2019-07-06T03:25:27.970Z,35.8606667,-117.6708333,10.32,4.61,mlr,37,43,0.07456,0.2,ci,ci37219172,2019-09-26T14:30:25.040Z,"23km ESE of Little Lake, CA",earthquake,0.22,0.39,0.126,30,reviewed,ci,ci
2019-07-06T03:25:42.310Z,35.8708333,-117.6655,8.06,3.67,mlr,8,169,0.07788,0.04,ci,ci37260468,2020-02-20T21:57:23.483Z,"23km ESE of Little Lake, CA",earthquake,0.22,0.57,0.075,3,reviewed,ci,ci
2019-07-06T03:25:49.560Z,35.6543333,-117.478,1.75,3.98,mlr,8,111,0.0689,0.09,ci,ci37260460,2020-02-20T21:58:55.937Z,"14km SSW of Searles Valley, CA",earthquake,0.28,0.36,0.062,2,reviewed,ci,ci
2019-07-06T03:26:04.010Z,35.8331667,-117.6451667,8.1,4.02,mlr,29,48,0.04245,0.2,ci,ci37219540,2019-08-08T22:12:09.040Z,"23km WNW of Searles Valley, CA",earthquake,0.26,0.63,0.145,17,reviewed,ci,ci
2019-07-06T03:26:27.680Z,35.6135,-117.4368333,6.11,3.76,mlr,6,166,0.03396,0.09,ci,ci37260476,2020-02-20T22:23:22.967Z,"17km S of Searles Valley, CA",earthquake,0.29,0.45,0.284,3,reviewed,ci,ci
2019-07-06T03:26:40.490Z,35.8998333,-117.6955,6.89,3.57,mlr,9,161,0.06035,0.06,ci,ci37219548,2019-08-08T22:13:26.040Z,"20km ESE of Little Lake, CA",earthquake,0.19,0.33,0.2,5,reviewed,ci,ci
2019-07-06T03:26:51.990Z,35.8875,-117.6495,10.86,4.09,mlr,19,111,0.06028,0.16,ci,ci37219556,2019-08-08T22:14:11.040Z,"24km ESE of Little Lake, CA",earthquake,0.3,0.44,0.141,12,reviewed,ci,ci
2019-07-06T03:27:04.570Z,35.6105,-117.4176667,5.77,3.84,mlr,4,268,0.04348,0.09,ci,ci37260484,2020-02-20T22:58:34.393Z,"17km SSW of Trona, CA",earthquake,1.06,0.62,0.042,2,reviewed,ci,ci
2019-07-06T03:27:07.010Z,35.9138333,-117.7258333,8,4.5,mlr,27,56,0.07004,0.18,ci,ci37219180,2019-09-26T14:30:30.040Z,"16km E of Little Lake, CA",earthquake,0.27,0.56,0.181,20,reviewed,ci,ci
2019-07-06T03:27:11.370Z,35.5303333,-117.4313333,3.83,4.57,mlr,7,119,0.05475,0.1,ci,ci37219564,2019-09-06T17:32:11.137Z,"24km ESE of Ridgecrest, CA",earthquake,0.31,0.41,0.05,2,reviewed,ci,ci
2019-07-06T03:27:18.420Z,35.8733333,-117.6578333,6.73,3.91,mlr,10,103,0.07465,0.17,ci,ci37260492,2020-02-21T01:27:29.111Z,"24km ESE of Little Lake, CA",earthquake,0.42,0.95,0.113,3,reviewed,ci,ci
2019-07-06T03:27:25.350Z,35.665,-117.4866667,5.51,3.92,mlr,7,108,0.08083,0.11,ci,ci37260500,2020-02-21T01:25:13.696Z,"14km SSW of Searles Valley, CA",earthquake,0.36,1.47,0.227,3,reviewed,ci,ci
2019-07-06T03:27:36.260Z,35.8895,-117.6975,7.85,4.03,mlr,22,47,0.06971,0.12,ci,ci37219572,2020-02-21T18:21:50.862Z,"20km ESE of Little Lake, CA",earthquake,0.16,0.52,0.109,15,reviewed,ci,ci
2019-07-06T03:28:00.730Z,35.9106667,-117.7316667,8.16,4.09,mlr,25,44,0.07572,0.1,ci,ci38457551,2019-11-15T17:31:21.197Z,"16km E of Little Lake, CA",earthquake,0.16,0.37,0.088,13,reviewed,ci,ci
2019-07-06T03:28:12.340Z,35.8411667,-117.6598333,11.45,4.09,mlr,20,84,0.05665,0.2,ci,ci37219580,2021-02-19T19:17:37.841Z,"24km WNW of Searles Valley, CA",earthquake,0.38,0.74,0.11,17,reviewed,ci,ci
2019-07-06T03:28:25.160Z,35.8695,-117.6906667,2.66,3.98,mlr,17,100,0.0848,0.13,ci,ci37219588,2019-08-08T22:16:30.040Z,"21km ESE of Little Lake, CA",earthquake,0.2,0.29,0.138,13,reviewed,ci,ci
2019-07-06T03:28:46.550Z,35.9025,-117.7221667,4.76,4.19,mlr,32,39,0.07381,0.18,ci,ci38457559,2022-09-24T01:06:55.959Z,"17km ESE of Little Lake, CA",earthquake,0.18,0.38,0.124,34,reviewed,ci,ci
2019-07-06T03:29:10.290Z,35.6566667,-117.4465,2.23,4.02,mlr,10,94,0.07117,0.23,ci,ci37219596,2019-08-08T22:17:12.040Z,"13km SSW of Searles Valley, CA",earthquake,0.48,0.71,0.117,5,reviewed,ci,ci
2019-07-06T03:29:15.860Z,35.8656667,-117.6526667,15.11,4.01,mlr,18,104,0.06701,0.23,ci,ci38457575,2019-08-08T22:38:11.040Z,"24km ESE of Little Lake, CA",earthquake,0.47,0.94,0.129,16,reviewed,ci,ci
2019-07-06T03:29:28.840Z,35.7325,-117.5088333,7.03,4.07,mlr,8,167,0.11,0.19,ci,ci37219604,2019-08-08T21:19:57.040Z,"10km WSW of Searles Valley, CA",earthquake,0.68,1.63,0.381,3,reviewed,ci,ci
2019-07-06T03:29:32.080Z,35.9028333,-117.7115,3.18,4.51,mlr,27,42,0.06696,0.15,ci,ci38457583,2019-11-15T17:37:47.310Z,"18km ESE of Little Lake, CA",earthquake,0.2,0.6,0.191,15,reviewed,ci,ci
2019-07-06T03:29:47.130Z,35.9016667,-117.704,7.8,3.57,mlr,9,112,0.06342,0.09,ci,ci37219612,2020-02-22T00:10:01.184Z,"19km ESE of Little Lake, CA",earthquake,0.35,0.7,0.049,4,reviewed,ci,ci
2019-07-06T03:29:50.040Z,35.8705,-117.6818333,5.35,3.57,ml,7,178,0.08135,0.05,ci,ci37260612,2020-02-21T21:04:47.856Z,"22km ESE of Little Lake, CA",earthquake,0.26,0.93,0.037,5,reviewed,ci,ci
2019-07-06T03:30:00.710Z,35.8845,-117.7018333,6.05,3.56,ml,13,72,0.07581,0.13,ci,ci37260620,2020-02-21T21:22:07.964Z,"19km ESE of Little Lake, CA",earthquake,0.24,0.93,0.079,7,reviewed,ci,ci
2019-07-06T03:30:25.050Z,35.5566667,-117.3581667,8.71,4.49,mlr,52,31,0.03207,0.2,ci,ci38457591,2019-11-15T17:44:42.861Z,"23km S of Trona, CA",earthquake,0.17,0.36,0.164,126,reviewed,ci,ci
2019-07-06T03:30:43.010Z,35.8671667,-117.7223333,8.26,3.53,mlr,10,106,0.06794,0.09,ci,ci37219620,2020-02-22T00:22:18.235Z,"18km ESE of Little Lake, CA",earthquake,0.23,0.75,0.1,5,reviewed,ci,ci
2019-07-06T03:30:59.670Z,35.9068333,-117.704,8.84,3.9,mlr,20,85,0.05978,0.09,ci,ci37219628,2019-08-08T22:18:29.040Z,"19km E of Little Lake, CA",earthquake,0.18,0.36,0.078,14,reviewed,ci,ci
2019-07-06T03:31:10.380Z,35.8936667,-117.7216667,9.39,3.55,mlr,13,71,0.07923,0.09,ci,ci37219636,2021-02-19T19:17:36.385Z,"17km ESE of Little Lake, CA",earthquake,0.19,0.65,0.223,10,reviewed,ci,ci
2019-07-06T03:31:24.540Z,35.6596667,-117.4853333,5.2,3.62,mlr,14,68,0.0754,0.15,ci,ci37219644,2021-02-19T19:17:34.935Z,"14km SSW of Searles Valley, CA",earthquake,0.24,1.19,0.041,9,reviewed,ci,ci
2019-07-06T03:31:33.720Z,35.7393333,-117.5488333,2.39,3.45,mlr,11,101,0.08591,0.18,ci,ci37260788,2020-02-24T18:36:23.202Z,"13km WSW of Searles Valley, CA",earthquake,0.36,0.68,0.187,4,reviewed,ci,ci
2019-07-06T03:31:48.760Z,35.8883333,-117.6978333,8.93,3.97,mlr,20,47,0.07083,0.09,ci,ci37219652,2019-08-08T22:19:40.040Z,"20km ESE of Little Lake, CA",earthquake,0.16,0.4,0.176,13,reviewed,ci,ci
2019-07-06T03:31:58.270Z,35.8901667,-117.7121667,6.29,3.86,mlr,18,136,0.07638,0.14,ci,ci37219660,2019-09-26T14:29:58.040Z,"18km ESE of Little Lake, CA",earthquake,0.3,0.64,0.112,13,reviewed,ci,ci
2019-07-06T03:32:13.430Z,35.8708333,-117.6531667,8.18,3.32,ml,7,161,0.07118,0.1,ci,ci37260804,2020-02-24T18:52:51.054Z,"24km ESE of Little Lake, CA",earthquake,0.4,0.88,0.089,4,reviewed,ci,ci
2019-07-06T03:32:25.640Z,35.8981667,-117.7263333,10.82,3.61,mlr,13,131,0.07914,0.12,ci,ci37219668,2019-08-08T22:20:31.040Z,"17km ESE of Little Lake, CA",earthquake,0.31,0.46,0.137,10,reviewed,ci,ci
2019-07-06T03:32:29.440Z,35.5985,-117.4145,6.69,3.68,mlr,5,253,0.04068,0.1,ci,ci37219676,2019-08-08T22:43:28.040Z,"19km S of Trona, CA",earthquake,0.9,0.51,0.12,3,reviewed,ci,ci
2019-07-06T03:32:46.660Z,35.8903333,-117.7303333,6.15,4.17,mlr,23,52,0.08667,0.2,ci,ci38457599,2019-11-15T17:49:08.308Z,"17km ESE of Little Lake, CA",earthquake,0.3,0.8,0.145,17,reviewed,ci,ci
2019-07-06T03:33:03.660Z,35.9025,-117.7163333,8.47,3.9,mlr,15,72,0.07013,0.12,ci,ci37219684,2021-02-19T19:17:33.462Z,"18km ESE of Little Lake, CA",earthquake,0.23,0.71,0.136,10,reviewed,ci,ci
2019-07-06T03:33:20.200Z,35.624,-117.4861667,10.99,4.08,mlr,19,68,0.04221,0.2,ci,ci37219700,2021-07-14T21:50:25.733Z,"17km E of Ridgecrest, CA",earthquake,0.31,0.53,0.198,17,reviewed,ci,ci
2019-07-06T03:33:39.100Z,35.8933333,-117.7238333,9.89,3.8,mlr,8,136,0.09093,0.07,ci,ci37219716,2019-08-08T22:21:29.040Z,"17km ESE of Little Lake, CA",earthquake,0.26,0.65,0.07,5,reviewed,ci,ci
2019-07-06T03:33:39.450Z,35.726,-117.5613333,11.09,4.01,mlr,12,89,0.09426,0.19,ci,ci37219708,2019-08-15T01:15:59.040Z,"15km WSW of Searles Valley, CA",earthquake,0.36,0.67,0.234,7,reviewed,ci,ci
2019-07-06T03:33:48.800Z,35.665,-117.424,0.78,3.19,ml,7,126,0.08429,0.16,ci,ci37261156,2020-02-25T20:25:14.445Z,"12km S of Searles Valley, CA",earthquake,0.46,0.84,0.088,1,reviewed,ci,ci
2019-07-06T03:33:55.940Z,35.8723333,-117.699,11.58,3.51,ml,10,73,0.08316,0.09,ci,ci37260828,2021-07-14T21:54:45.024Z,"20km ESE of Little Lake, CA",earthquake,0.24,0.62,0.096,6,reviewed,ci,ci
2019-07-06T03:34:21.530Z,35.7661667,-117.5875,1.82,3.63,mlr,8,181,0.05013,0.17,ci,ci37219732,2021-02-19T19:17:30.631Z,"17km W of Searles Valley, CA",earthquake,0.62,0.4,0.145,4,reviewed,ci,ci
2019-07-06T03:34:27.200Z,35.904,-117.7033333,8.1,3.43,ml,12,89,0.06137,0.07,ci,ci37260860,2020-02-24T20:40:09.271Z,"19km E of Little Lake, CA",earthquake,0.19,0.53,0.191,5,reviewed,ci,ci
2019-07-06T03:34:36.640Z,35.893,-117.7253333,6.89,3.29,ml,9,75,0.08187,0.04,ci,ci37261164,2020-02-25T20:45:31.326Z,"17km ESE of Little Lake, CA",earthquake,0.21,0.59,0.083,4,reviewed,ci,ci
2019-07-06T03:34:42.840Z,35.9058333,-117.6573333,9.5,3.74,mlr,12,95,0.04236,0.17,ci,ci37219740,2019-08-08T22:22:21.040Z,"23km E of Little Lake, CA",earthquake,0.36,0.63,0.175,6,reviewed,ci,ci
2019-07-06T03:34:55.980Z,35.5806667,-117.3961667,13.22,3.52,mlr,13,131,0.05414,0.25,ci,ci37219788,2021-02-19T19:17:21.370Z,"20km S of Trona, CA",earthquake,0.85,1.66,0.188,4,reviewed,ci,ci
2019-07-06T03:35:05.420Z,35.6521667,-117.4668333,1.97,4.09,mlr,32,65,0.06563,0.24,ci,ci38457607,2022-09-24T01:08:53.678Z,"14km SSW of Searles Valley, CA",earthquake,0.26,0.42,0.217,54,reviewed,ci,ci
2019-07-06T03:35:24.390Z,35.7051667,-117.5565,9.09,3.42,ml,6,147,0.1153,0.12,ci,ci37260868,2020-02-24T21:00:49.973Z,"14km NE of Ridgecrest, CA",earthquake,0.45,1.39,0.099,2,reviewed,ci,ci
2019-07-06T03:35:30.660Z,35.979,-117.7576667,6.52,3.67,mlr,15,110,0.04166,0.07,ci,ci37219796,2021-02-19T19:17:19.957Z,"14km ENE of Little Lake, CA",earthquake,0.17,0.24,0.16,11,reviewed,ci,ci
2019-07-06T03:35:44.730Z,35.614,-117.4453333,5.9,3.39,ml,7,118,0.03069,0.14,ci,ci37219804,2019-08-15T01:35:54.040Z,"18km SSW of Searles Valley, CA",earthquake,0.38,0.55,0.074,4,reviewed,ci,ci
2019-07-06T03:35:49.820Z,35.8838333,-117.69,7.5,3.35,ml,13,84,0.07157,0.11,ci,ci37260876,2020-02-24T21:27:44.547Z,"20km ESE of Little Lake, CA",earthquake,0.25,0.61,0.122,6,reviewed,ci,ci
2019-07-06T03:35:58.410Z,35.7175,-117.5576667,10.29,3.49,ml,6,158,0.1032,0.11,ci,ci37260884,2020-02-24T21:39:49.206Z,"15km WSW of Searles Valley, CA",earthquake,0.52,1.31,0.169,4,reviewed,ci,ci
2019-07-06T03:36:16.460Z,35.9028333,-117.7338333,7.27,4.35,mlr,65,37,0.0813,0.19,ci,ci38457615,2019-11-15T17:55:07.243Z,"16km ESE of Little Lake, CA",earthquake,0.15,0.39,0.122,194,reviewed,ci,ci
2019-07-06T03:36:28.480Z,35.6625,-117.5445,3.18,3.85,mlr,15,91,0.1012,0.17,ci,ci37219812,2019-08-02T00:04:37.272Z,"13km ENE of Ridgecrest, CA",earthquake,0.28,1.05,0.14,8,reviewed,ci,ci
2019-07-06T03:36:54.860Z,35.903,-117.7371667,9.16,3.22,ml,8,112,0.08009,0.13,ci,ci37260892,2020-02-24T22:53:35.926Z,"16km ESE of Little Lake, CA",earthquake,0.46,1.21,0.123,6,reviewed,ci,ci
2019-07-06T03:37:05.160Z,35.7326667,-117.5268333,2.63,3.63,mlr,21,68,0.1009,0.14,ci,ci37219820,2019-09-26T14:29:59.040Z,"12km WSW of Searles Valley, CA",earthquake,0.18,0.39,0.113,12,reviewed,ci,ci
2019-07-06T03:37:25.270Z,35.8718333,-117.7013333,6.12,3.53,mlr,11,129,0.08644,0.09,ci,ci37219828,2019-09-26T14:29:59.040Z,"20km ESE of Little Lake, CA",earthquake,0.27,0.82,0.15,8,reviewed,ci,ci
2019-07-06T03:37:44.910Z,35.6591667,-117.5008333,4.84,3.47,ml,14,103,0.07905,0.14,ci,ci37260924,2020-02-25T01:04:37.218Z,"15km SW of Searles Valley, CA",earthquake,0.27,0.71,0.138,7,reviewed,ci,ci
2019-07-06T03:38:22.930Z,35.9128333,-117.7123333,6.7,3.79,mlr,21,61,0.06126,0.11,ci,ci37219836,2019-09-26T14:29:59.040Z,"18km E of Little Lake, CA",earthquake,0.18,0.34,0.186,12,reviewed,ci,ci
2019-07-06T03:38:41.000Z,35.785,-117.605,9.3,3.26,ml,6,222,0.03127,0.07,ci,ci37261204,2020-02-25T22:16:05.014Z,"18km W of Searles Valley, CA",earthquake,0.39,0.49,0.08,4,reviewed,ci,ci
2019-07-06T03:38:56.100Z,35.6483333,-117.4673333,4.21,3.45,mlr,22,66,0.06184,0.14,ci,ci38457623,2019-08-08T22:24:03.040Z,"14km SSW of Searles Valley, CA",earthquake,0.31,0.71,0.074,6,reviewed,ci,ci
2019-07-06T03:39:02.720Z,35.7166667,-117.5515,10.52,3.69,mlr,16,72,0.1057,0.19,ci,ci37219844,2021-02-19T19:17:18.495Z,"14km WSW of Searles Valley, CA",earthquake,0.33,0.72,0.121,9,reviewed,ci,ci
2019-07-06T03:39:14.680Z,35.6136667,-117.433,9.8,3.84,mlr,28,41,0.03607,0.2,ci,ci37421221,2019-09-26T14:31:04.040Z,"17km S of Searles Valley, CA",earthquake,0.26,0.41,0.138,61,reviewed,ci,ci
2019-07-06T03:39:34.110Z,35.9021667,-117.7426667,8.81,3.74,mlr,24,51,0.077,0.13,ci,ci37421237,2019-08-08T22:24:29.040Z,"15km ESE of Little Lake, CA",earthquake,0.18,0.46,0.115,21,reviewed,ci,ci
2019-07-06T03:39:41.270Z,35.9028333,-117.7208333,8.24,3.24,mlr,7,146,0.09131,0.12,ci,ci37219852,2019-08-15T01:42:06.040Z,"17km ESE of Little Lake, CA",earthquake,0.6,1.45,0.167,4,reviewed,ci,ci
2019-07-06T03:40:04.140Z,35.9133333,-117.703,7.04,3.65,mlr,28,45,0.0549,0.1,ci,ci38457631,2019-09-26T14:30:24.040Z,"18km E of Little Lake, CA",earthquake,0.12,0.38,0.167,18,reviewed,ci,ci
2019-07-06T03:40:16.160Z,35.8346667,-117.658,5.51,2.99,ml,5,109,0.05266,0.1,ci,ci37261220,2020-02-25T22:34:17.850Z,"24km N of Ridgecrest, CA",earthquake,0.36,1.03,0.055,3,reviewed,ci,ci
2019-07-06T03:40:32.540Z,35.7801667,-117.6281667,5.74,3.42,mlr,14,154,0.04337,0.17,ci,ci37219860,2019-08-08T22:24:59.040Z,"18km NNE of Ridgecrest, CA",earthquake,0.43,0.83,0.098,8,reviewed,ci,ci
2019-07-06T03:40:43.090Z,35.8776667,-117.6725,7.56,3.36,ml,14,91,0.07235,0.14,ci,ci37261244,2020-02-25T23:58:56.125Z,"22km ESE of Little Lake, CA",earthquake,0.26,0.75,0.089,5,reviewed,ci,ci
2019-07-06T03:40:51.430Z,35.7741667,-117.6118333,9.88,3.49,mlr,21,53,0.04309,0.16,ci,ci37219868,2019-09-26T14:29:59.040Z,"18km NNE of Ridgecrest, CA",earthquake,0.22,0.54,0.088,10,reviewed,ci,ci
2019-07-06T03:41:14.110Z,35.6398333,-117.4363333,3.31,3.14,mlr,7,153,0.05724,0.15,ci,ci37219876,2019-08-15T01:50:10.040Z,"14km SSW of Searles Valley, CA",earthquake,0.45,1.04,0.019,2,reviewed,ci,ci
2019-07-06T03:41:27.460Z,35.8903333,-117.6816667,8.24,3.18,ml,13,75,0.06281,0.1,ci,ci37261260,2020-02-26T00:20:53.938Z,"21km ESE of Little Lake, CA",earthquake,0.21,0.57,0.129,5,reviewed,ci,ci
2019-07-06T03:41:38.650Z,35.8923333,-117.722,7.87,3.98,mlr,38,37,0.08034,0.18,ci,ci38457639,2019-09-26T14:30:24.040Z,"17km ESE of Little Lake, CA",earthquake,0.18,0.5,0.17,67,reviewed,ci,ci
2019-07-06T03:41:46.460Z,35.9065,-117.727,6,3.46,ml,11,114,0.07466,0.13,ci,ci37261268,2020-02-26T00:48:51.433Z,"16km ESE of Little Lake, CA",earthquake,0.33,1.01,0.238,2,reviewed,ci,ci
2019-07-06T03:42:04.410Z,35.9073333,-117.7048333,7.09,3.2,ml,7,136,0.05993,0.13,ci,ci37261276,2020-02-26T01:10:30.675Z,"18km E of Little Lake, CA",earthquake,0.44,1.36,0.123,4,reviewed,ci,ci
2019-07-06T03:42:09.680Z,35.8751667,-117.73,6.96,3.57,ml,12,127,0.07225,0.09,ci,ci37261284,2020-02-26T18:12:55.696Z,"17km ESE of Little Lake, CA",earthquake,0.26,0.67,0.08,4,reviewed,ci,ci
2019-07-06T03:42:25.640Z,35.758,-117.5613333,7.57,3.3,ml,11,171,0.06469,0.15,ci,ci37219884,2019-08-08T22:25:30.040Z,"14km W of Searles Valley, CA",earthquake,0.43,1.14,0.208,6,reviewed,ci,ci
2019-07-06T03:42:37.900Z,35.5688333,-117.3843333,7.95,3.46,mlr,4,133,0.06588,0.12,ci,ci37261436,2020-02-26T19:07:25.707Z,"22km S of Trona, CA",earthquake,0.38,0.89,0.133,2,reviewed,ci,ci
2019-07-06T03:42:45.760Z,35.866,-117.6848333,4.95,3.57,ml,13,104,0.08638,0.15,ci,ci37219908,2021-02-19T19:17:17.090Z,"22km ESE of Little Lake, CA",earthquake,0.29,0.56,0.085,9,reviewed,ci,ci
2019-07-06T03:42:52.530Z,35.878,-117.7016667,4.58,3.86,mlr,24,72,0.08123,0.13,ci,ci38457655,2019-09-26T14:30:24.040Z,"20km ESE of Little Lake, CA",earthquake,0.22,0.59,0.216,23,reviewed,ci,ci
2019-07-06T03:43:09.040Z,35.8865,-117.6938333,9.46,3.85,mlr,24,43,0.0707,0.18,ci,ci37219900,2019-09-26T14:29:59.040Z,"20km ESE of Little Lake, CA",earthquake,0.24,0.58,0.101,16,reviewed,ci,ci
2019-07-06T03:43:32.470Z,35.8685,-117.7276667,6.05,3.15,ml,11,110,0.06702,0.09,ci,ci37261468,2020-02-26T19:40:00.003Z,"18km ESE of Little Lake, CA",earthquake,0.19,0.79,0.117,5,reviewed,ci,ci
2019-07-06T03:44:01.600Z,35.9135,-117.7276667,6.96,3.86,mlr,24,51,0.0715,0.21,ci,ci38457663,2022-09-24T01:12:21.906Z,"16km E of Little Lake, CA",earthquake,0.35,0.81,0.175,27,reviewed,ci,ci
2019-07-06T03:44:10.780Z,35.7821667,-117.5935,11.22,3.6,mlr,8,85,0.03366,0.07,ci,ci37261484,2020-02-26T19:59:54.973Z,"17km W of Searles Valley, CA",earthquake,0.27,0.4,0.154,2,reviewed,ci,ci
2019-07-06T03:44:17.710Z,35.9058333,-117.6941667,6.12,3.96,mlr,32,46,0.055,0.14,ci,ci37219924,2020-02-26T20:25:05.809Z,"19km E of Little Lake, CA",earthquake,0.15,0.45,0.158,25,reviewed,ci,ci
2019-07-06T03:44:50.150Z,35.8971667,-117.7305,9.84,3.29,ml,10,72,0.08241,0.09,ci,ci37219948,2019-08-15T02:15:38.040Z,"16km ESE of Little Lake, CA",earthquake,0.25,0.73,0.078,9,reviewed,ci,ci
2019-07-06T03:45:09.010Z,35.9186667,-117.7188333,3.32,3.47,mlr,25,42,0.06275,0.16,ci,ci38457671,2019-08-08T22:26:31.040Z,"17km E of Little Lake, CA",earthquake,0.21,0.62,0.183,14,reviewed,ci,ci
2019-07-06T03:45:13.210Z,35.9026667,-117.7426667,8.47,3.49,mlr,11,97,0.07669,0.08,ci,ci37220108,2019-08-08T22:26:55.040Z,"15km ESE of Little Lake, CA",earthquake,0.21,0.51,0.115,10,reviewed,ci,ci
2019-07-06T03:45:29.320Z,35.8835,-117.7276667,7.51,3.46,mlr,17,140,0.08066,0.16,ci,ci37220268,2019-08-08T22:27:24.040Z,"17km ESE of Little Lake, CA",earthquake,0.33,0.71,0.106,11,reviewed,ci,ci
2019-07-06T03:45:54.830Z,35.7036667,-117.5063333,11.11,3.52,mlr,18,118,0.1223,0.21,ci,ci37220276,2019-08-08T22:27:51.040Z,"12km SW of Searles Valley, CA",earthquake,0.36,0.74,0.078,10,reviewed,ci,ci
2019-07-06T03:46:19.420Z,35.9111667,-117.7205,7.5,3.16,ml,5,221,0.06769,0.06,ci,ci37261500,2020-02-26T20:59:34.398Z,"17km E of Little Lake, CA",earthquake,0.65,0.57,0.12,4,reviewed,ci,ci
2019-07-06T03:46:26.870Z,35.6805,-117.4703333,6.85,4.26,mlr,38,65,0.09403,0.17,ci,ci38457679,2022-09-24T01:13:37.364Z,"11km SSW of Searles Valley, CA",earthquake,0.18,0.6,0.123,20,reviewed,ci,ci
2019-07-06T03:46:38.500Z,35.6573333,-117.45,2.12,3.72,mlr,11,141,0.07137,0.21,ci,ci37220284,2019-08-15T02:16:26.040Z,"13km SSW of Searles Valley, CA",earthquake,0.44,0.54,0.1,7,reviewed,ci,ci
2019-07-06T03:46:57.130Z,35.8941667,-117.7171667,5.11,3.34,ml,10,122,0.07625,0.06,ci,ci37261516,2020-02-26T21:40:54.290Z,"18km ESE of Little Lake, CA",earthquake,0.17,31.61,0.148,3,reviewed,ci,ci
2019-07-06T03:47:00.080Z,35.902,-117.7436667,8.46,3.57,mlr,13,153,0.07646,0.11,ci,ci37220292,2019-08-15T02:19:57.040Z,"15km ESE of Little Lake, CA",earthquake,0.33,0.58,0.093,7,reviewed,ci,ci
2019-07-06T03:47:08.740Z,35.8868333,-117.7173333,7.32,3.32,ml,9,81,0.08165,0.15,ci,ci37261540,2020-02-26T22:24:43.768Z,"18km ESE of Little Lake, CA",earthquake,0.34,1.49,0.044,6,reviewed,ci,ci
2019-07-06T03:47:53.420Z,35.9011667,-117.7495,5.04,5.5,mw,49,33,0.07334,0.16,ci,ci38457687,2025-12-22T18:17:37.984Z,"15km ESE of Little Lake, CA",earthquake,0.13,0.5,,4,reviewed,ci,ci
2019-07-06T03:48:14.550Z,35.9013333,-117.7486667,7.58,3.8,mlr,8,139,0.07374,0.1,ci,ci37261556,2020-02-26T22:43:37.763Z,"15km ESE of Little Lake, CA",earthquake,0.33,0.96,0.025,4,reviewed,ci,ci
2019-07-06T03:48:24.660Z,35.9025,-117.69,0.5,3.98,mlr,14,82,0.05556,0.12,ci,ci37220300,2019-08-08T22:28:21.040Z,"20km E of Little Lake, CA",earthquake,0.2,0.34,0.188,6,reviewed,ci,ci
2019-07-06T03:48:36.260Z,35.9108333,-117.7353333,7.04,3.55,mlr,11,64,0.07712,0.05,ci,ci37261564,2020-02-27T00:25:30.595Z,"16km E of Little Lake, CA",earthquake,0.17,0.44,0.064,6,reviewed,ci,ci
2019-07-06T03:48:54.220Z,35.9998333,-117.7223333,9.53,3.53,ml,4,177,0.04304,0.08,ci,ci37261628,2020-02-27T01:31:19.569Z,"18km ENE of Little Lake, CA",earthquake,0.8,0.84,0.095,2,reviewed,ci,ci
2019-07-06T03:48:57.740Z,35.9058333,-117.7236667,6.2,3.68,mlr,10,127,0.0728,0.08,ci,ci37261620,2020-02-27T01:24:51.454Z,"17km ESE of Little Lake, CA",earthquake,0.22,0.64,0.086,5,reviewed,ci,ci
2019-07-06T03:49:24.980Z,35.5571667,-117.3851667,3.51,3.78,mlr,10,150,0.03629,0.11,ci,ci37220308,2019-09-26T14:29:59.040Z,"23km S of Trona, CA",earthquake,0.29,0.38,0.126,5,reviewed,ci,ci
2019-07-06T03:49:52.420Z,35.8261667,-117.6841667,7.08,3.83,mlr,37,27,0.06791,0.19,ci,ci38457695,2019-09-26T14:30:25.040Z,"23km N of Ridgecrest, CA",earthquake,0.19,0.42,0.125,23,reviewed,ci,ci
2019-07-06T03:50:04.740Z,35.6163333,-117.4436667,7.26,3.67,mlr,8,119,0.03338,0.07,ci,ci37261788,2020-02-27T20:06:35.557Z,"17km SSW of Searles Valley, CA",earthquake,0.24,0.38,0.178,3,reviewed,ci,ci
2019-07-06T03:50:11.070Z,35.9036667,-117.7248333,6.5,3.79,mlr,27,58,0.07483,0.14,ci,ci37421773,2019-08-08T22:29:25.040Z,"17km ESE of Little Lake, CA",earthquake,0.17,0.45,0.104,12,reviewed,ci,ci
2019-07-06T03:50:34.000Z,35.894,-117.7383333,8.37,3.45,ml,12,71,0.08488,0.08,ci,ci37220588,2019-08-15T02:26:20.040Z,"16km ESE of Little Lake, CA",earthquake,0.2,0.67,0.148,9,reviewed,ci,ci
2019-07-06T03:50:49.350Z,35.9101667,-117.739,10.71,3.79,mlr,13,96,0.0749,0.08,ci,ci37220316,2019-09-26T14:29:59.040Z,"15km E of Little Lake, CA",earthquake,0.2,0.4,0.217,9,reviewed,ci,ci
2019-07-06T03:50:59.710Z,35.9035,-117.7001667,8.26,4.97,mlr,43,38,0.05997,0.17,ci,ci38457703,2019-11-15T18:09:02.473Z,"19km E of Little Lake, CA",earthquake,0.16,0.41,0.184,246,reviewed,ci,ci
2019-07-06T03:51:20.330Z,35.9373333,-117.6741667,9.87,3.76,mlr,9,71,0.02199,0.11,ci,ci37261844,2020-02-27T22:16:18.426Z,"21km E of Little Lake, CA",earthquake,0.4,0.59,0.049,3,reviewed,ci,ci
2019-07-06T03:51:38.800Z,35.8958333,-117.707,6.16,3.44,ml,10,92,0.06937,0.07,ci,ci37261900,2020-02-27T22:28:55.532Z,"18km ESE of Little Lake, CA",earthquake,0.19,0.6,0.008,3,reviewed,ci,ci
2019-07-06T03:51:46.160Z,35.911,-117.6881667,8.23,3.23,ml,8,179,0.04792,0.06,ci,ci37261948,2020-02-28T00:17:57.590Z,"20km E of Little Lake, CA",earthquake,0.36,0.67,0.03,3,reviewed,ci,ci
2019-07-06T03:51:53.810Z,35.8895,-117.6785,8.96,3.08,ml,6,195,0.06259,0.07,ci,ci37261964,2020-02-28T00:39:59.101Z,"21km ESE of Little Lake, CA",earthquake,0.37,0.43,0.045,2,reviewed,ci,ci
2019-07-06T03:52:03.730Z,35.8996667,-117.6963333,9.69,3.57,ml,11,119,0.06089,0.11,ci,ci37220596,2019-08-08T22:29:57.040Z,"19km ESE of Little Lake, CA",earthquake,0.31,0.6,0.081,5,reviewed,ci,ci
2019-07-06T03:52:23.960Z,35.7508333,-117.6025,6.81,3.35,ml,9,223,0.06489,0.11,ci,ci37220604,2019-08-15T02:27:14.040Z,"16km NNE of Ridgecrest, CA",earthquake,0.74,0.46,0.108,4,reviewed,ci,ci
2019-07-06T03:52:54.840Z,35.5768333,-117.4073333,3.6,3.6,mlr,24,71,0.04575,0.19,ci,ci37220612,2021-03-10T00:19:21.417Z,"21km S of Trona, CA",earthquake,0.29,0.47,0.137,7,reviewed,ci,ci
2019-07-06T03:52:59.340Z,35.9273333,-117.7415,6.24,3.69,ml,23,38,0.06563,0.16,ci,ci37220748,2021-02-19T19:17:11.031Z,"15km E of Little Lake, CA",earthquake,0.23,0.61,0.128,16,reviewed,ci,ci
2019-07-06T03:53:20.900Z,35.775,-117.5638333,11.75,3.47,ml,10,155,0.04901,0.16,ci,ci37220908,2019-08-15T02:31:16.040Z,"14km W of Searles Valley, CA",earthquake,0.47,0.79,0.179,5,reviewed,ci,ci
2019-07-06T03:53:40.290Z,35.8696667,-117.7106667,5.8,3.68,mlr,26,47,0.07522,0.11,ci,ci38457719,2019-09-26T14:30:29.040Z,"19km ESE of Little Lake, CA",earthquake,0.15,0.47,0.216,18,reviewed,ci,ci
2019-07-06T03:53:40.350Z,35.7051667,-117.5235,10.04,3.27,ml,10,78,0.1257,0.09,ci,ci37221068,2019-08-08T16:32:28.432Z,"13km WSW of Searles Valley, CA",earthquake,0.25,0.56,0.055,3,reviewed,ci,ci
2019-07-06T03:53:57.980Z,35.9025,-117.6808333,8.09,3.67,ml,19,84,0.05161,0.15,ci,ci37221076,2019-08-08T16:59:06.817Z,"21km E of Little Lake, CA",earthquake,0.3,0.59,0.081,15,reviewed,ci,ci
2019-07-06T03:54:09.890Z,35.9,-117.744,6.99,3.24,ml,8,119,0.0775,0.08,ci,ci37261980,2020-02-28T00:58:50.828Z,"15km ESE of Little Lake, CA",earthquake,0.21,0.66,0.066,5,reviewed,ci,ci
2019-07-06T03:54:15.260Z,35.9173333,-117.7255,9.54,3.37,ml,18,52,0.06817,0.11,ci,ci37261988,2020-02-28T01:12:57.091Z,"16km E of Little Lake, CA",earthquake,0.2,0.43,0.19,9,reviewed,ci,ci
2019-07-06T03:54:46.840Z,35.78,-117.5856667,10.44,3.5,mlr,40,54,0.03694,0.16,ci,ci38457727,2019-09-30T19:20:17.169Z,"16km W of Searles Valley, CA",earthquake,0.17,0.36,0.09,30,reviewed,ci,ci
2019-07-06T03:55:03.710Z,35.63,-117.4376667,4.24,3.14,ml,6,151,0.04779,0.19,ci,ci37221092,2019-08-08T17:53:06.155Z,"16km SSW of Searles Valley, CA",earthquake,0.54,0.76,0.182,4,reviewed,ci,ci
2019-07-06T03:55:20.020Z,35.9055,-117.6875,8.43,4.06,mlr,42,37,0.05194,0.16,ci,ci38457735,2019-11-15T18:14:31.751Z,"20km E of Little Lake, CA",earthquake,0.14,0.34,0.134,34,reviewed,ci,ci
2019-07-06T03:55:48.170Z,35.8348333,-117.6805,9.05,3.15,ml,11,105,0.07008,0.1,ci,ci37262524,2020-02-28T18:40:36.940Z,"23km ESE of Little Lake, CA",earthquake,0.34,0.66,0.026,4,reviewed,ci,ci
2019-07-06T03:56:01.640Z,35.8818333,-117.674,4.37,3.48,ml,22,48,0.06866,0.17,ci,ci37221100,2019-09-26T14:30:00.040Z,"22km ESE of Little Lake, CA",earthquake,0.22,0.46,0.135,11,reviewed,ci,ci
2019-07-06T03:56:02.750Z,35.6693333,-117.4813333,3.23,3.07,ml,7,162,0.08411,0.06,ci,ci37262684,2020-02-28T19:40:05.253Z,"13km SSW of Searles Valley, CA",earthquake,0.25,0.91,0.046,2,reviewed,ci,ci
2019-07-06T03:56:10.490Z,35.8981667,-117.7306667,6.58,3.35,ml,11,78,0.08191,0.12,ci,ci37262860,2020-02-28T20:08:35.929Z,"16km ESE of Little Lake, CA",earthquake,0.26,0.78,0.073,5,reviewed,ci,ci
2019-07-06T03:56:25.080Z,35.87,-117.7083333,5.44,3.09,ml,10,95,0.07661,0.09,ci,ci37262884,2020-02-28T20:33:15.375Z,"19km ESE of Little Lake, CA",earthquake,0.22,0.76,0.045,4,reviewed,ci,ci
2019-07-06T03:56:33.520Z,35.918,-117.7361667,6.52,3.53,ml,26,48,0.0732,0.12,ci,ci37221108,2019-09-26T14:30:00.040Z,"16km E of Little Lake, CA",earthquake,0.15,0.39,0.117,16,reviewed,ci,ci
2019-07-06T03:56:45.000Z,35.9136667,-117.7153333,6.04,3.24,ml,10,125,0.06282,0.07,ci,ci37262892,2020-02-28T20:52:41.761Z,"17km E of Little Lake, CA",earthquake,0.21,0.58,0.074,4,reviewed,ci,ci
2019-07-06T03:57:12.320Z,35.8958333,-117.74,7.23,3.01,ml,9,124,0.08266,0.09,ci,ci37262916,2020-02-28T21:23:07.757Z,"16km ESE of Little Lake, CA",earthquake,0.33,0.72,0.16,5,reviewed,ci,ci
2019-07-06T03:57:37.970Z,35.8908333,-117.6995,4.57,3.59,mlr,22,48,0.06952,0.14,ci,ci37221116,2019-09-26T14:30:00.040Z,"19km ESE of Little Lake, CA",earthquake,0.2,0.44,0.097,12,reviewed,ci,ci
2019-07-06T03:57:50.900Z,35.869,-117.6613333,7.21,4.31,mlr,38,43,0.07425,0.14,ci,ci37421229,2019-09-26T14:30:25.040Z,"23km ESE of Little Lake, CA",earthquake,0.15,0.38,0.116,91,reviewed,ci,ci
2019-07-06T03:58:11.300Z,35.8846667,-117.6908333,9.69,3.44,ml,13,79,0.08848,0.1,ci,ci37262924,2020-02-28T21:41:16.929Z,"20km ESE of Little Lake, CA",earthquake,0.23,0.69,0.066,7,reviewed,ci,ci
2019-07-06T03:58:25.300Z,35.6591667,-117.4605,9.41,3.49,mlr,18,89,0.07252,0.13,ci,ci37221124,2020-02-28T22:00:30.162Z,"13km SSW of Searles Valley, CA",earthquake,0.2,0.57,0.119,11,reviewed,ci,ci
2019-07-06T03:58:47.290Z,35.637,-117.4765,5.27,3.22,ml,7,111,0.05172,0.1,ci,ci37262956,2020-02-29T01:16:06.527Z,"16km SSW of Searles Valley, CA",earthquake,0.25,0.81,0.067,2,reviewed,ci,ci
2019-07-06T03:58:57.000Z,35.7838333,-117.6118333,7.39,3.15,ml,7,138,0.0339,0.08,ci,ci37263204,2020-03-02T20:22:19.930Z,"19km W of Searles Valley, CA",earthquake,0.5,0.33,0.132,3,reviewed,ci,ci
2019-07-06T03:58:57.750Z,35.91,-117.6836667,2.3,3.39,ml,10,222,0.04648,0.06,ci,ci37263020,2020-03-02T18:49:33.235Z,"20km E of Little Lake, CA",earthquake,0.34,0.18,0.145,5,reviewed,ci,ci
2019-07-06T03:59:10.110Z,35.873,-117.6878333,4.52,3.03,ml,10,179,0.08069,0.07,ci,ci37263212,2020-03-02T21:05:05.631Z,"21km ESE of Little Lake, CA",earthquake,0.26,0.46,0.161,3,reviewed,ci,ci
2019-07-06T03:59:24.000Z,35.8928333,-117.7238333,8.02,3.47,ml,20,77,0.08108,0.11,ci,ci37221132,2019-08-08T19:23:57.308Z,"17km ESE of Little Lake, CA",earthquake,0.19,0.51,0.135,14,reviewed,ci,ci
2019-07-06T03:59:48.610Z,35.8751667,-117.7141667,4.37,3.53,mlr,35,66,0.0782,0.16,ci,ci38457759,2019-09-26T14:30:25.040Z,"19km ESE of Little Lake, CA",earthquake,0.18,0.4,0.156,28,reviewed,ci,ci
2019-07-06T04:00:10.650Z,35.8936667,-117.7386667,6.94,3.04,ml,11,99,0.08489,0.13,ci,ci37221140,2019-08-08T19:49:01.692Z,"16km ESE of Little Lake, CA",earthquake,0.32,0.84,0.166,6,reviewed,ci,ci
2019-07-06T04:00:36.030Z,35.9475,-117.7018333,4.68,3.2,ml,12,148,0.04175,0.07,ci,ci37221148,2019-08-08T19:54:03.526Z,"18km E of Little Lake, CA",earthquake,0.23,0.21,0.182,7,reviewed,ci,ci
2019-07-06T04:00:46.390Z,35.8815,-117.7318333,2.65,3.01,ml,12,60,0.07758,0.11,ci,ci37263220,2020-03-02T21:34:16.721Z,"17km ESE of Little Lake, CA",earthquake,0.2,0.3,0.089,6,reviewed,ci,ci
2019-07-06T04:00:58.520Z,35.55,-117.3796667,2.29,3.2,ml,8,126,0.02788,0.18,ci,ci37221180,2019-08-08T21:25:06.096Z,"24km S of Trona, CA",earthquake,0.63,0.29,0.108,4,reviewed,ci,ci
2019-07-06T04:01:05.610Z,35.8373333,-117.6685,10.82,3.24,ml,20,82,0.06158,0.2,ci,ci37221156,2019-08-08T20:54:36.546Z,"24km N of Ridgecrest, CA",earthquake,0.4,0.49,0.122,13,reviewed,ci,ci
2019-07-06T04:02:14.740Z,35.8911667,-117.683,2.23,3,ml,11,162,0.0625,0.12,ci,ci37221164,2019-08-08T21:01:54.534Z,"21km ESE of Little Lake, CA",earthquake,0.29,0.32,0.06,6,reviewed,ci,ci
2019-07-06T04:02:42.790Z,35.6935,-117.524,7.47,3.28,ml,17,79,0.118,0.19,ci,ci38457767,2019-08-09T17:49:21.390Z,"14km SW of Searles Valley, CA",earthquake,0.32,1.21,0.137,11,reviewed,ci,ci
2019-07-06T04:02:59.570Z,35.8821667,-117.7163333,4.85,3.48,ml,32,54,0.08337,0.16,ci,ci37221220,2019-09-26T14:30:00.040Z,"18km ESE of Little Lake, CA",earthquake,0.17,0.4,0.086,16,reviewed,ci,ci
2019-07-06T04:03:06.160Z,35.917,-117.7105,6.17,3.11,ml,19,59,0.05772,0.11,ci,ci37263228,2020-03-02T21:49:22.165Z,"18km E of Little Lake, CA",earthquake,0.23,0.61,0.096,9,reviewed,ci,ci
2019-07-06T04:04:09.030Z,35.5761667,-117.3451667,4.14,3.11,ml,9,170,0.05349,0.19,ci,ci37221236,2019-08-16T17:43:59.960Z,"21km S of Trona, CA",earthquake,0.59,0.99,0.094,4,reviewed,ci,ci
2019-07-06T04:04:53.230Z,35.8926667,-117.7288333,6.47,3.08,ml,16,99,0.08422,0.13,ci,ci37221388,2019-08-09T18:31:20.756Z,"17km ESE of Little Lake, CA",earthquake,0.29,0.55,0.124,10,reviewed,ci,ci
2019-07-06T04:05:27.720Z,35.6578333,-117.4866667,1.93,3.55,ml,18,87,0.07392,0.16,ci,ci37221404,2019-09-26T14:30:00.040Z,"14km SSW of Searles Valley, CA",earthquake,0.3,0.37,0.186,8,reviewed,ci,ci
2019-07-06T04:05:40.640Z,35.8291667,-117.657,6.3,3.05,ml,14,105,0.05017,0.07,ci,ci37263236,2020-03-02T22:16:03.016Z,"23km N of Ridgecrest, CA",earthquake,0.19,0.56,0.154,8,reviewed,ci,ci
2019-07-06T04:05:49.900Z,35.917,-117.7088333,2.34,3.9,ml,19,83,0.05658,0.11,ci,ci37221188,2019-09-26T14:30:00.040Z,"18km E of Little Lake, CA",earthquake,0.17,0.18,0.221,9,reviewed,ci,ci
2019-07-06T04:06:10.320Z,35.8736667,-117.738,-0.41,3.13,ml,10,68,0.1027,0.25,ci,ci37221196,2019-08-08T22:50:25.407Z,"17km ESE of Little Lake, CA",earthquake,0.38,1.65,0.059,3,reviewed,ci,ci
2019-07-06T04:06:14.580Z,35.578,-117.3738333,5.91,3.79,mlr,18,73,0.05347,0.19,ci,ci38457887,2019-09-26T14:30:25.040Z,"21km S of Trona, CA",earthquake,0.28,0.62,0.124,44,reviewed,ci,ci
2019-07-06T04:06:31.960Z,35.598,-117.3588333,5.81,3.21,ml,9,205,0.07304,0.1,ci,ci37221204,2019-08-08T23:11:19.817Z,"19km S of Trona, CA",earthquake,0.78,0.5,0.192,4,reviewed,ci,ci
2019-07-06T04:06:50.070Z,35.6196667,-117.4608333,10.76,3.18,ml,13,86,0.03311,0.14,ci,ci37221212,2019-08-08T23:47:42.163Z,"17km SSW of Searles Valley, CA",earthquake,0.29,0.39,0.219,6,reviewed,ci,ci
2019-07-06T04:07:04.570Z,35.5551667,-117.5215,5.5,4.68,mlr,90,24,0.05757,0.23,ci,ci38457775,2020-03-02T22:19:38.728Z,"16km ESE of Ridgecrest, CA",earthquake,0.13,0.51,0.219,249,reviewed,ci,ci
2019-07-06T04:07:15.800Z,35.8646667,-117.6946667,2.73,3.74,mlr,12,75,0.09051,0.1,ci,ci37263244,2020-03-02T23:14:13.214Z,"21km ESE of Little Lake, CA",earthquake,0.22,0.35,0.172,3,reviewed,ci,ci
2019-07-06T04:07:37.930Z,35.9103333,-117.7176667,4.05,3.62,mlr,12,114,0.06624,0.11,ci,ci37221428,2020-03-03T01:20:05.832Z,"17km E of Little Lake, CA",earthquake,0.21,0.6,0.125,6,reviewed,ci,ci
2019-07-06T04:07:52.610Z,35.896,-117.7023333,7.88,3.03,ml,13,127,0.06679,0.07,ci,ci37221436,2020-03-03T01:04:19.619Z,"19km ESE of Little Lake, CA",earthquake,0.19,0.46,0.082,6,reviewed,ci,ci
2019-07-06T04:08:07.770Z,35.7398333,-117.5806667,11.65,3.13,ml,15,73,0.07697,0.12,ci,ci37263252,2020-03-03T01:26:15.856Z,"16km NNE of Ridgecrest, CA",earthquake,0.25,0.54,0.105,9,reviewed,ci,ci
2019-07-06T04:08:35.800Z,35.8688333,-117.6666667,6.45,3.41,ml,28,86,0.07723,0.14,ci,ci38457791,2019-09-26T14:30:26.040Z,"23km ESE of Little Lake, CA",earthquake,0.18,0.49,0.127,20,reviewed,ci,ci
2019-07-06T04:08:45.480Z,35.8875,-117.6833333,8.77,3.44,ml,23,47,0.06594,0.11,ci,ci37221444,2019-08-09T21:36:45.954Z,"21km ESE of Little Lake, CA",earthquake,0.16,0.43,0.112,14,reviewed,ci,ci
2019-07-06T04:08:55.760Z,35.8868333,-117.687,8.18,3,ml,7,85,0.0678,0.07,ci,ci37263260,2020-03-03T01:50:09.605Z,"20km ESE of Little Lake, CA",earthquake,0.29,0.74,0.08,4,reviewed,ci,ci
2019-07-06T04:09:31.080Z,35.6781667,-117.5466667,11.16,3.37,ml,17,69,0.1145,0.16,ci,ci37221460,2019-08-10T00:14:21.530Z,"13km ENE of Ridgecrest, CA",earthquake,0.27,0.46,0.188,12,reviewed,ci,ci
2019-07-06T04:09:50.190Z,35.6916667,-117.5116667,8.69,3.45,ml,20,102,0.1124,0.16,ci,ci37221548,2019-08-12T17:39:52.849Z,"13km SW of Searles Valley, CA",earthquake,0.25,0.91,0.085,9,reviewed,ci,ci
2019-07-06T04:10:05.710Z,35.6353333,-117.3996667,3.04,3.38,ml,6,196,0.0705,0.14,ci,ci37221556,2019-08-12T18:05:21.164Z,"14km S of Trona, CA",earthquake,0.55,2.2,0.159,4,reviewed,ci,ci
2019-07-06T04:10:06.490Z,35.8218333,-117.6493333,6.35,3.26,ml,16,96,0.04256,0.18,ci,ci37221564,2019-08-12T18:11:44.155Z,"22km N of Ridgecrest, CA",earthquake,0.36,0.72,0.262,6,reviewed,ci,ci
2019-07-06T04:10:37.520Z,35.835,-117.675,9.07,3.45,mlr,26,42,0.06584,0.14,ci,ci38457799,2019-09-26T14:30:26.040Z,"24km ESE of Little Lake, CA",earthquake,0.19,0.37,0.207,20,reviewed,ci,ci
2019-07-06T04:10:49.060Z,35.7778333,-117.5806667,10.58,3.69,mlr,25,74,0.04023,0.12,ci,ci37221580,2020-03-03T19:12:01.379Z,"16km W of Searles Valley, CA",earthquake,0.19,0.37,0.199,7,reviewed,ci,ci
2019-07-06T04:10:52.280Z,35.925,-117.6946667,3.18,3.4,ml,5,140,0.0762,0.14,ci,ci37221612,2020-03-03T19:22:14.703Z,"19km E of Little Lake, CA",earthquake,0.73,6.15,0.066,3,reviewed,ci,ci
2019-07-06T04:10:58.090Z,35.8768333,-117.7138333,9.75,3.57,mlr,13,68,0.07976,0.06,ci,ci37263324,2020-03-03T20:07:16.866Z,"19km ESE of Little Lake, CA",earthquake,0.14,0.47,0.226,10,reviewed,ci,ci
2019-07-06T04:11:02.280Z,35.9,-117.6926667,6.48,3.83,mlr,27,46,0.05885,0.15,ci,ci37221588,2020-03-03T19:35:12.257Z,"20km ESE of Little Lake, CA",earthquake,0.18,0.44,0.1,12,reviewed,ci,ci
2019-07-06T04:11:08.920Z,35.9213333,-117.7086667,9.03,3.49,ml,7,167,0.05423,0.12,ci,ci37258068,2020-02-07T00:08:27.817Z,"18km E of Little Lake, CA",earthquake,0.64,1.04,0.121,5,reviewed,ci,ci
2019-07-06T04:11:23.280Z,35.8793333,-117.6923333,11.35,3.25,ml,14,90,0.07643,0.13,ci,ci37221596,2019-08-12T19:42:47.056Z,"20km ESE of Little Lake, CA",earthquake,0.35,0.56,0.114,11,reviewed,ci,ci
2019-07-06T04:11:53.940Z,35.9116667,-117.7258333,6.76,3.08,ml,11,81,0.07112,0.1,ci,ci37221604,2019-08-12T20:09:48.006Z,"16km E of Little Lake, CA",earthquake,0.3,0.68,0.077,9,reviewed,ci,ci
2019-07-06T04:12:02.550Z,35.6775,-117.49,1.26,3.09,ml,7,107,0.09358,0.04,ci,ci37263332,2020-03-03T20:36:37.701Z,"13km SW of Searles Valley, CA",earthquake,0.16,0.33,0.108,2,reviewed,ci,ci
2019-07-06T04:12:13.840Z,35.659,-117.4798333,6.97,3.86,mlr,24,88,0.07375,0.14,ci,ci38457807,2019-12-10T22:48:06.325Z,"14km SSW of Searles Valley, CA",earthquake,0.22,0.47,0.201,16,reviewed,ci,ci
2019-07-06T04:12:18.850Z,35.8873333,-117.7228333,9.17,3.87,ml,13,188,0.08433,0.19,ci,ci37221620,2019-08-12T21:17:12.401Z,"17km ESE of Little Lake, CA",earthquake,0.59,0.79,0.102,9,reviewed,ci,ci
2019-07-06T04:12:44.170Z,35.841,-117.6408333,10.1,3.57,mlr,20,96,0.0433,0.13,ci,ci37221628,2019-08-12T21:30:35.253Z,"23km WNW of Searles Valley, CA",earthquake,0.24,0.45,0.115,13,reviewed,ci,ci
2019-07-06T04:13:06.130Z,35.9091667,-117.6893333,8.39,3.63,mlr,11,72,0.04993,0.05,ci,ci37220324,2019-08-15T03:31:10.040Z,"20km E of Little Lake, CA",earthquake,0.16,0.4,0.121,6,reviewed,ci,ci
2019-07-06T04:13:07.080Z,35.5846667,-117.6145,9.73,4.8,mlr,62,32,0.1185,0.18,ci,ci38457815,2019-11-15T18:23:14.307Z,"7km SE of Ridgecrest, CA",earthquake,0.13,0.36,0.165,229,reviewed,ci,ci
2019-07-06T04:13:30.590Z,35.891,-117.7268333,10.01,3.52,mlr,12,60,0.08411,0.12,ci,ci37263340,2020-03-03T20:58:47.538Z,"17km ESE of Little Lake, CA",earthquake,0.29,0.83,0.058,8,reviewed,ci,ci
2019-07-06T04:13:55.120Z,35.9041667,-117.6808333,9.43,3.43,ml,9,79,0.05015,0.18,ci,ci37221636,2019-08-12T21:43:53.163Z,"21km E of Little Lake, CA",earthquake,0.7,1.88,0.085,6,reviewed,ci,ci
2019-07-06T04:14:20.800Z,35.6041667,-117.4026667,6.72,3.84,mlr,23,103,0.05162,0.13,ci,ci37221644,2019-09-26T14:30:00.040Z,"18km S of Trona, CA",earthquake,0.23,0.35,0.304,3,reviewed,ci,ci
2019-07-06T04:14:31.370Z,35.6795,-117.4906667,0.91,3.74,mlr,13,70,0.09565,0.19,ci,ci37221708,2019-08-16T17:53:33.223Z,"12km SW of Searles Valley, CA",earthquake,0.33,0.57,0.141,5,reviewed,ci,ci
2019-07-06T04:14:55.290Z,35.7095,-117.5066667,7.01,3.02,ml,10,118,0.128,0.12,ci,ci37263348,2020-03-03T21:28:57.905Z,"11km SW of Searles Valley, CA",earthquake,0.29,0.7,0.154,3,reviewed,ci,ci
2019-07-06T04:14:59.200Z,35.903,-117.7271667,4.42,3.04,ml,9,172,0.07676,0.12,ci,ci37221716,2019-08-13T17:20:45.996Z,"17km ESE of Little Lake, CA",earthquake,0.42,0.51,0.085,5,reviewed,ci,ci
2019-07-06T04:16:01.980Z,35.887,-117.689,9.01,3.13,ml,15,86,0.06838,0.13,ci,ci37221876,2019-08-13T18:43:36.130Z,"20km ESE of Little Lake, CA",earthquake,0.23,0.52,0.105,10,reviewed,ci,ci
2019-07-06T04:16:17.230Z,35.8248333,-117.6715,8.56,3.52,ml,42,46,0.06081,0.12,ci,ci38457831,2019-09-26T14:30:26.040Z,"23km N of Ridgecrest, CA",earthquake,0.13,0.27,0.107,27,reviewed,ci,ci
2019-07-06T04:16:36.160Z,35.8115,-117.6263333,7.49,3.14,ml,6,112,0.02381,0.15,ci,ci37221892,2021-02-19T19:17:09.596Z,"21km WNW of Searles Valley, CA",earthquake,0.91,0.93,0.032,2,reviewed,ci,ci
2019-07-06T04:16:48.800Z,35.824,-117.66,5.81,3.58,ml,23,47,0.05145,0.27,ci,ci37221884,2019-09-26T14:30:00.040Z,"23km N of Ridgecrest, CA",earthquake,0.37,0.84,0.193,18,reviewed,ci,ci
2019-07-06T04:17:41.000Z,35.879,-117.6686667,6.95,2.96,ml,18,50,0.07847,0.12,ci,ci37221908,2019-08-13T20:42:22.527Z,"22km ESE of Little Lake, CA",earthquake,0.17,0.38,0.127,11,reviewed,ci,ci
2019-07-06T04:18:07.940Z,35.6658333,-117.4823333,4.15,3.39,mlr,33,47,0.08084,0.17,ci,ci38457839,2019-09-30T19:20:22.000Z,"13km SSW of Searles Valley, CA",earthquake,0.19,0.62,0.132,14,reviewed,ci,ci
2019-07-06T04:18:32.600Z,35.8975,-117.7268333,8.21,3.16,ml,4,237,0.09011,0.03,ci,ci37221924,2019-08-13T21:57:59.198Z,"17km ESE of Little Lake, CA",earthquake,0.42,0.73,0.091,3,reviewed,ci,ci
2019-07-06T04:18:36.030Z,35.694,-117.5381667,8.39,3.63,ml,22,76,0.1238,0.13,ci,ci37221916,2019-08-13T21:52:49.789Z,"15km SW of Searles Valley, CA",earthquake,0.19,0.67,0.124,17,reviewed,ci,ci
2019-07-06T04:18:55.790Z,35.9101667,-117.6848333,7.41,5.44,mw,66,37,0.07213,0.17,ci,ci38457847,2025-12-22T18:14:34.556Z,"20km E of Little Lake, CA",earthquake,0.12,0.36,,6,reviewed,ci,ci
2019-07-06T04:19:15.480Z,35.785,-117.6175,10.63,4.29,mlr,17,115,0.03471,0.1,ci,ci37221932,2020-03-04T00:08:20.747Z,"19km NNE of Ridgecrest, CA",earthquake,0.21,0.33,0.079,6,reviewed,ci,ci
2019-07-06T04:19:40.830Z,35.889,-117.7245,1.31,3.37,ml,7,139,0.08411,0.11,ci,ci37263380,2020-03-04T00:48:34.484Z,"17km ESE of Little Lake, CA",earthquake,0.23,2.82,0.09,3,reviewed,ci,ci
2019-07-06T04:19:54.940Z,35.885,-117.717,4.9,3.83,mlr,19,128,0.08562,0.11,ci,ci38457855,2019-11-15T18:34:20.909Z,"18km ESE of Little Lake, CA",earthquake,0.21,1.09,0.109,8,reviewed,ci,ci
2019-07-06T04:19:56.010Z,35.5808333,-117.4041667,5.18,4.01,mlr,7,201,0.04764,0.08,ci,ci38457863,2020-04-04T06:49:56.468Z,"20km S of Trona, CA",earthquake,0.47,0.36,0.066,3,reviewed,ci,ci
2019-07-06T04:20:06.180Z,35.8981667,-117.71,10.24,3.53,ml,8,85,0.09556,0.08,ci,ci37263396,2020-03-04T19:49:49.934Z,"18km ESE of Little Lake, CA",earthquake,0.28,1.09,0.168,2,reviewed,ci,ci
2019-07-06T04:20:22.140Z,35.8773333,-117.7265,4.23,3.36,ml,12,68,0.07538,0.13,ci,ci37263484,2020-03-04T20:36:07.287Z,"18km ESE of Little Lake, CA",earthquake,0.25,0.66,0.069,5,reviewed,ci,ci
2019-07-06T04:20:28.200Z,35.9246667,-117.7088333,2.76,3.68,ml,11,120,0.08764,0.2,ci,ci37221940,2019-08-14T17:35:22.960Z,"18km E of Little Lake, CA",earthquake,0.51,1.28,0.109,6,reviewed,ci,ci
2019-07-06T04:20:46.910Z,35.8735,-117.7,3.16,3.6,ml,9,96,0.08354,0.1,ci,ci37221948,2019-08-14T00:18:25.516Z,"20km ESE of Little Lake, CA",earthquake,0.23,5.05,0.112,7,reviewed,ci,ci
2019-07-06T04:21:00.220Z,35.7971667,-117.6243333,8.47,3.53,ml,24,76,0.02862,0.09,ci,ci37263500,2020-03-04T21:43:36.324Z,"20km NNE of Ridgecrest, CA",earthquake,0.14,0.26,0.118,17,reviewed,ci,ci
2019-07-06T04:21:35.820Z,35.7786667,-117.6121667,2.59,4.17,mlr,41,53,0.03887,0.17,ci,ci38457871,2019-09-26T14:29:59.040Z,"18km NNE of Ridgecrest, CA",earthquake,0.15,0.24,0.19,66,reviewed,ci,ci
2019-07-06T04:21:53.760Z,35.7166667,-117.5548333,6.81,3.62,ml,20,89,0.1048,0.15,ci,ci37222028,2019-08-14T16:48:50.040Z,"15km WSW of Searles Valley, CA",earthquake,0.22,0.7,0.147,9,reviewed,ci,ci
2019-07-06T04:22:16.200Z,35.8611667,-117.6911667,7.72,3.64,ml,26,47,0.07965,0.1,ci,ci37222036,2019-09-26T14:30:00.040Z,"21km ESE of Little Lake, CA",earthquake,0.13,0.41,0.134,16,reviewed,ci,ci
2019-07-06T04:22:39.100Z,35.913,-117.7446667,6.21,3.09,ml,18,60,0.06951,0.11,ci,ci37222044,2019-08-14T17:12:32.861Z,"15km E of Little Lake, CA",earthquake,0.19,0.51,0.132,11,reviewed,ci,ci
2019-07-06T04:23:29.510Z,35.6506667,-117.488,1.08,3.37,ml,16,64,0.06739,0.2,ci,ci37222052,2019-08-14T18:02:04.410Z,"15km SSW of Searles Valley, CA",earthquake,0.3,0.55,0.094,5,reviewed,ci,ci
2019-07-06T04:23:29.830Z,35.8885,-117.7186667,4.63,3.34,ml,25,56,0.1008,0.11,ci,ci37222060,2019-08-14T18:05:37.200Z,"18km ESE of Little Lake, CA",earthquake,0.13,0.28,0.156,11,reviewed,ci,ci
2019-07-06T04:23:52.580Z,35.8926667,-117.6963333,9.72,3.09,ml,10,240,0.06655,0.11,ci,ci37263508,2020-03-04T21:56:06.986Z,"20km ESE of Little Lake, CA",earthquake,0.55,0.4,0.121,5,reviewed,ci,ci
2019-07-06T04:24:14.940Z,35.6356667,-117.429,5.65,3.26,ml,17,99,0.1223,0.12,ci,ci38457879,2019-09-26T14:30:27.040Z,"15km S of Searles Valley, CA",earthquake,0.18,0.83,0.129,11,reviewed,ci,ci
2019-07-06T04:24:40.670Z,35.8976667,-117.6995,7.41,3.65,mlr,34,45,0.08799,0.11,ci,ci38457895,2019-09-26T14:30:27.040Z,"19km ESE of Little Lake, CA",earthquake,0.13,0.4,0.157,19,reviewed,ci,ci
2019-07-06T04:24:43.320Z,35.6741667,-117.549,7.96,3.67,ml,18,58,0.1125,0.19,ci,ci37222092,2019-08-14T20:22:26.598Z,"13km ENE of Ridgecrest, CA",earthquake,0.32,1.2,0.19,10,reviewed,ci,ci
2019-07-06T04:25:36.100Z,35.8838333,-117.7311667,3,2.96,ml,20,63,0.07995,0.18,ci,ci37222116,2019-08-14T20:45:51.753Z,"17km ESE of Little Lake, CA",earthquake,0.26,1.27,0.083,9,reviewed,ci,ci
2019-07-06T04:26:37.290Z,35.9016667,-117.7136667,10.01,3.23,ml,17,73,0.09693,0.14,ci,ci37222140,2019-08-14T21:47:12.850Z,"18km ESE of Little Lake, CA",earthquake,0.25,0.51,0.183,12,reviewed,ci,ci
2019-07-06T04:27:10.340Z,35.8871667,-117.7131667,5.98,3.59,mlr,42,38,0.08898,0.14,ci,ci38457903,2019-09-30T19:20:46.137Z,"18km ESE of Little Lake, CA",earthquake,0.12,0.4,0.144,23,reviewed,ci,ci
2019-07-06T04:28:09.260Z,35.8821667,-117.7261667,3.78,3.51,ml,37,34,0.0799,0.1,ci,ci37222156,2019-09-26T14:30:00.040Z,"17km ESE of Little Lake, CA",earthquake,0.11,0.28,0.157,20,reviewed,ci,ci
2019-07-06T04:28:38.500Z,35.8953333,-117.731,6.95,3.16,ml,19,106,0.08866,0.07,ci,ci37222164,2019-08-15T00:17:55.339Z,"16km ESE of Little Lake, CA",earthquake,0.15,0.44,0.095,9,reviewed,ci,ci
2019-07-06T04:29:02.200Z,35.7955,-117.6306667,2.82,3.6,mlr,39,54,0.03368,0.16,ci,ci38457911,2020-03-05T18:02:46.530Z,"20km NNE of Ridgecrest, CA",earthquake,0.14,0.22,0.197,38,reviewed,ci,ci
2019-07-06T04:29:21.400Z,35.8655,-117.6895,9.06,3.08,ml,11,80,0.08355,0.09,ci,ci37263516,2020-03-04T22:33:39.651Z,"21km ESE of Little Lake, CA",earthquake,0.22,0.59,0.031,7,reviewed,ci,ci
2019-07-06T04:30:03.430Z,35.8991667,-117.6965,2.48,3.23,ml,19,58,0.06137,0.11,ci,ci37224788,2019-09-06T21:25:06.632Z,"19km ESE of Little Lake, CA",earthquake,0.15,0.23,0.155,18,reviewed,ci,ci
2019-07-06T04:30:09.210Z,35.894,-117.6998333,0.8,3,ml,8,210,0.08987,0.12,ci,ci37263644,2020-03-05T18:20:34.110Z,"19km ESE of Little Lake, CA",earthquake,0.45,0.36,0.183,3,reviewed,ci,ci
2019-07-06T04:30:44.040Z,35.8723333,-117.6735,8.26,3.04,ml,15,90,0.08367,0.11,ci,ci38457919,2019-09-26T14:30:47.040Z,"22km ESE of Little Lake, CA",earthquake,0.31,0.7,0.138,6,reviewed,ci,ci
2019-07-06T04:30:46.820Z,35.6833333,-117.5111667,10.89,3.49,ml,20,101,0.1045,0.19,ci,ci37224748,2019-09-06T18:39:15.207Z,"14km SW of Searles Valley, CA",earthquake,0.32,0.59,0.172,17,reviewed,ci,ci
2019-07-06T04:31:05.250Z,35.8408333,-117.6601667,4.81,3.54,ml,37,36,0.05674,0.15,ci,ci38457927,2019-09-26T14:30:27.040Z,"24km N of Ridgecrest, CA",earthquake,0.14,0.32,0.134,25,reviewed,ci,ci
2019-07-06T04:31:19.460Z,35.5656667,-117.3958333,3.36,3.75,mlr,27,102,0.04798,0.18,ci,ci37224756,2021-02-19T19:17:08.187Z,"22km S of Trona, CA",earthquake,0.26,0.54,0.204,28,reviewed,ci,ci
2019-07-06T04:31:38.200Z,35.8988333,-117.7261667,5.82,3.41,ml,18,131,0.0898,0.13,ci,ci37224764,2022-09-24T01:20:54.564Z,"17km ESE of Little Lake, CA",earthquake,0.25,0.61,0.1,10,reviewed,ci,ci
2019-07-06T04:31:42.380Z,35.8936667,-117.7336667,6.66,3.28,ml,11,120,0.0866,0.09,ci,ci37263532,2020-03-05T18:53:37.930Z,"16km ESE of Little Lake, CA",earthquake,0.27,0.56,0.098,6,reviewed,ci,ci
2019-07-06T04:32:12.860Z,35.7818333,-117.605,4.56,3.17,ml,24,125,0.03438,0.16,ci,ci37263548,2020-03-05T00:47:31.995Z,"18km W of Searles Valley, CA",earthquake,0.29,0.31,0.088,17,reviewed,ci,ci
2019-07-06T04:32:42.690Z,35.6618333,-117.5356667,9.13,2.97,ml,25,60,0.09609,0.13,ci,ci37263564,2020-03-05T01:21:03.259Z,"14km ENE of Ridgecrest, CA",earthquake,0.17,0.51,0.13,14,reviewed,ci,ci
2019-07-06T04:33:24.410Z,35.9205,-117.714,2.58,3.34,ml,38,43,0.05842,0.12,ci,ci38457935,2020-03-05T19:36:43.960Z,"17km E of Little Lake, CA",earthquake,0.11,0.17,0.194,27,reviewed,ci,ci
2019-07-06T04:33:34.330Z,35.8866667,-117.7138333,5.16,2.98,ml,7,147,0.08829,0.07,ci,ci37263676,2020-03-05T19:40:35.186Z,"18km ESE of Little Lake, CA",earthquake,0.23,1.04,0.016,4,reviewed,ci,ci
2019-07-06T04:33:40.150Z,35.8786667,-117.703,6.57,3.05,ml,11,92,0.08615,0.11,ci,ci37263684,2020-03-05T19:48:26.283Z,"19km ESE of Little Lake, CA",earthquake,0.24,0.81,0.052,6,reviewed,ci,ci
2019-07-06T04:33:50.060Z,35.8285,-117.6625,2.97,3.61,mlr,32,47,0.05433,0.18,ci,ci37224772,2019-09-26T14:31:14.040Z,"23km N of Ridgecrest, CA",earthquake,0.19,0.31,0.178,36,reviewed,ci,ci
2019-07-06T04:34:01.800Z,35.8741667,-117.7021667,6.32,3.22,ml,17,71,0.08296,0.1,ci,ci37224796,2019-09-06T21:39:13.742Z,"20km ESE of Little Lake, CA",earthquake,0.17,0.55,0.101,9,reviewed,ci,ci
2019-07-06T04:34:11.150Z,35.8965,-117.7398333,7.81,3.53,ml,22,113,0.08234,0.11,ci,ci37224780,2020-03-05T19:52:42.614Z,"16km ESE of Little Lake, CA",earthquake,0.19,0.45,0.117,23,reviewed,ci,ci
2019-07-06T04:34:24.330Z,35.8736667,-117.7163333,4.45,3.13,ml,18,122,0.076,0.13,ci,ci37224804,2019-09-06T23:37:53.269Z,"18km ESE of Little Lake, CA",earthquake,0.25,0.41,0.125,13,reviewed,ci,ci
2019-07-06T04:34:38.320Z,35.6751667,-117.5348333,7.76,3.18,ml,15,97,0.1064,0.18,ci,ci37224812,2019-09-06T23:46:44.361Z,"14km ENE of Ridgecrest, CA",earthquake,0.38,1.38,0.081,12,reviewed,ci,ci
2019-07-06T04:35:15.900Z,35.5975,-117.4043333,4.86,3.21,ml,19,79,0.04842,0.12,ci,ci37224820,2019-09-09T17:29:27.099Z,"19km S of Trona, CA",earthquake,0.27,0.31,0.181,7,reviewed,ci,ci
2019-07-06T04:36:30.490Z,35.7061667,-117.512,2.29,3.17,ml,19,79,0.1261,0.14,ci,ci38457951,2019-09-09T18:53:06.250Z,"12km SW of Searles Valley, CA",earthquake,0.2,0.39,0.195,10,reviewed,ci,ci
2019-07-06T04:36:50.230Z,35.8688333,-117.7066667,2.76,3.8,mlr,29,34,0.07652,0.11,ci,ci37224932,2019-09-26T14:31:14.040Z,"20km ESE of Little Lake, CA",earthquake,0.16,0.3,0.137,6,reviewed,ci,ci
2019-07-06T04:36:55.310Z,35.9,-117.7376667,1.9,4.85,mw,62,35,0.08153,0.17,ci,ci38457967,2020-03-05T21:00:31.509Z,"16km ESE of Little Lake, CA",earthquake,0.13,0.21,,5,reviewed,ci,ci
2019-07-06T04:37:13.570Z,35.91,-117.7453333,8.01,4.33,mlr,24,48,0.07067,0.11,ci,ci37224964,2019-09-09T19:30:50.611Z,"15km ESE of Little Lake, CA",earthquake,0.16,0.4,0.109,13,reviewed,ci,ci
2019-07-06T04:37:31.520Z,35.7051667,-117.5266667,8.94,3.22,ml,8,157,0.1245,0.21,ci,ci37263716,2020-03-05T21:33:15.915Z,"13km WSW of Searles Valley, CA",earthquake,0.85,2.01,,1,reviewed,ci,ci
2019-07-06T04:37:43.640Z,35.8266667,-117.6645,8.41,3.27,ml,9,107,0.05552,0.06,ci,ci37224972,2019-09-09T19:44:56.628Z,"23km N of Ridgecrest, CA",earthquake,0.22,0.65,0.06,6,reviewed,ci,ci
2019-07-06T04:38:08.610Z,35.6326667,-117.434,6.26,3.59,mlr,33,74,0.05148,0.15,ci,ci37263724,2020-03-05T21:54:11.681Z,"15km S of Searles Valley, CA",earthquake,0.17,0.41,0.184,19,reviewed,ci,ci
2019-07-06T04:38:24.630Z,35.686,-117.5345,8.09,3.02,ml,10,134,0.1154,0.09,ci,ci37263732,2020-03-05T22:15:06.020Z,"15km ENE of Ridgecrest, CA",earthquake,0.34,0.88,0.166,3,reviewed,ci,ci
2019-07-06T04:39:10.040Z,35.8893333,-117.7431667,6.63,3.15,ml,21,53,0.08251,0.13,ci,ci38457975,2019-09-26T14:30:28.040Z,"16km ESE of Little Lake, CA",earthquake,0.18,0.42,0.091,12,reviewed,ci,ci
2019-07-06T04:39:43.930Z,35.8901667,-117.7095,8.36,3.42,ml,16,50,0.09304,0.11,ci,ci37224980,2019-09-09T20:08:07.958Z,"18km ESE of Little Lake, CA",earthquake,0.23,0.66,0.056,4,reviewed,ci,ci
2019-07-06T04:39:46.020Z,35.89,-117.711,7.54,3.4,ml,15,66,0.09976,0.1,ci,ci37224988,2019-09-09T20:24:05.905Z,"18km ESE of Little Lake, CA",earthquake,0.26,0.66,0.103,9,reviewed,ci,ci
2019-07-06T04:40:09.690Z,35.837,-117.6663333,9.8,3.42,ml,25,47,0.05982,0.16,ci,ci37224996,2019-09-09T20:34:11.438Z,"24km N of Ridgecrest, CA",earthquake,0.25,0.59,0.17,10,reviewed,ci,ci
2019-07-06T04:40:15.980Z,35.6428333,-117.4456667,2.88,4.24,mlr,43,67,0.0578,0.15,ci,ci38457983,2019-09-26T14:30:27.040Z,"14km SSW of Searles Valley, CA",earthquake,0.15,0.28,0.16,29,reviewed,ci,ci
2019-07-06T04:40:39.610Z,35.8805,-117.7151667,3.41,3.39,ml,21,65,0.08237,0.13,ci,ci37225004,2019-09-09T21:36:54.449Z,"18km ESE of Little Lake, CA",earthquake,0.19,0.69,0.13,12,reviewed,ci,ci
2019-07-06T04:41:03.050Z,35.8993333,-117.7248333,5.62,3.61,mlr,27,59,0.09042,0.1,ci,ci38457991,2019-09-09T21:55:41.988Z,"17km ESE of Little Lake, CA",earthquake,0.14,0.43,0.106,19,reviewed,ci,ci
2019-07-06T04:41:49.210Z,35.8868333,-117.691,6.77,3.45,mlr,49,39,0.06929,0.13,ci,ci38457999,2019-09-26T14:30:28.040Z,"20km ESE of Little Lake, CA",earthquake,0.11,0.26,0.127,32,reviewed,ci,ci
2019-07-06T04:42:54.390Z,35.6915,-117.6045,6.63,3.36,ml,43,42,0.1189,0.2,ci,ci38458007,2019-09-26T14:30:28.040Z,"10km NE of Ridgecrest, CA",earthquake,0.18,0.54,0.144,35,reviewed,ci,ci
2019-07-06T04:43:22.910Z,35.6975,-117.5495,10.37,3.14,ml,29,74,0.1243,0.16,ci,ci37225044,2019-09-10T00:42:40.095Z,"14km NE of Ridgecrest, CA",earthquake,0.19,0.51,0.143,23,reviewed,ci,ci
2019-07-06T04:44:09.190Z,35.887,-117.7276667,6.17,3.03,ml,25,34,0.08391,0.09,ci,ci38458015,2019-09-26T14:30:28.040Z,"17km ESE of Little Lake, CA",earthquake,0.12,0.37,0.14,17,reviewed,ci,ci
2019-07-06T04:44:32.390Z,35.6228333,-117.5791667,7,3.33,ml,25,114,0.102,0.18,ci,ci38458023,2019-09-26T14:30:28.040Z,"9km E of Ridgecrest, CA",earthquake,0.27,0.69,0.13,18,reviewed,ci,ci
2019-07-06T04:44:37.670Z,35.9085,-117.7411667,6.48,3.14,ml,17,115,0.07431,0.1,ci,ci37225084,2019-09-10T17:38:09.116Z,"15km ESE of Little Lake, CA",earthquake,0.17,0.41,0.151,12,reviewed,ci,ci
2019-07-06T04:45:36.470Z,35.9051667,-117.7241667,4.51,3.56,ml,50,36,0.07352,0.13,ci,ci38458031,2019-09-26T14:30:28.040Z,"17km ESE of Little Lake, CA",earthquake,0.1,0.23,0.106,28,reviewed,ci,ci
2019-07-06T04:45:40.920Z,35.903,-117.6748333,9,3.33,ml,15,83,0.049,0.11,ci,ci37225100,2019-09-10T18:06:35.637Z,"21km E of Little Lake, CA",earthquake,0.24,0.54,0.034,4,reviewed,ci,ci
2019-07-06T04:47:30.930Z,35.754,-117.5516667,11.09,3.05,ml,42,45,0.07201,0.16,ci,ci38458047,2019-09-26T14:30:28.040Z,"13km W of Searles Valley, CA",earthquake,0.18,0.34,0.259,11,reviewed,ci,ci
2019-07-06T04:47:37.150Z,35.6303333,-117.3601667,4.83,3.16,ml,8,119,0.09395,0.13,ci,ci37225172,2019-09-10T21:24:17.192Z,"15km S of Trona, CA",earthquake,0.49,0.76,0.057,2,reviewed,ci,ci
2019-07-06T04:48:35.640Z,35.8793333,-117.6918333,4.2,2.97,ml,19,48,0.09225,0.09,ci,ci37225188,2019-09-10T22:39:53.307Z,"20km ESE of Little Lake, CA",earthquake,0.14,0.36,0.132,6,reviewed,ci,ci
2019-07-06T04:48:48.860Z,35.8293333,-117.6585,7.38,3.12,ml,26,42,0.05139,0.13,ci,ci37225196,2019-09-10T22:46:41.821Z,"23km N of Ridgecrest, CA",earthquake,0.17,0.46,0.166,16,reviewed,ci,ci
2019-07-06T04:48:57.880Z,35.8686667,-117.7036667,5.8,2.97,ml,11,92,0.07792,0.05,ci,ci37263740,2020-03-05T23:01:37.663Z,"20km ESE of Little Lake, CA",earthquake,0.15,0.76,0.044,6,reviewed,ci,ci
2019-07-06T04:49:02.340Z,35.6426667,-117.4406667,2.63,3.05,ml,15,96,0.05873,0.16,ci,ci37225204,2019-09-11T00:03:17.359Z,"14km SSW of Searles Valley, CA",earthquake,0.28,0.42,0.136,18,reviewed,ci,ci
2019-07-06T04:49:42.550Z,35.8815,-117.7301667,8.06,3.71,mlr,50,33,0.07806,0.14,ci,ci38458063,2019-09-26T14:30:29.040Z,"17km ESE of Little Lake, CA",earthquake,0.11,0.32,0.147,33,reviewed,ci,ci
2019-07-06T04:49:56.620Z,35.7826667,-117.6471667,9.31,2.98,ml,10,92,0.05214,0.15,ci,ci37263756,2020-03-06T00:59:24.001Z,"18km N of Ridgecrest, CA",earthquake,0.39,1.01,0.048,6,reviewed,ci,ci
2019-07-06T04:50:04.100Z,35.7906667,-117.6133333,7.19,3.68,mlr,25,73,0.02813,0.15,ci,ci37225220,2019-09-26T14:30:29.040Z,"19km W of Searles Valley, CA",earthquake,0.23,0.31,0.089,22,reviewed,ci,ci
2019-07-06T04:50:11.880Z,35.892,-117.7288333,5.64,3.51,mlr,12,109,0.08826,0.1,ci,ci37263764,2020-03-06T01:15:14.793Z,"17km ESE of Little Lake, CA",earthquake,0.24,1.07,0.135,6,reviewed,ci,ci
2019-07-06T04:50:16.120Z,35.896,-117.732,7.18,3.72,mlr,26,51,0.08761,0.16,ci,ci37225228,2019-09-26T14:31:14.040Z,"16km ESE of Little Lake, CA",earthquake,0.19,0.77,0.146,23,reviewed,ci,ci
2019-07-06T04:50:23.490Z,35.897,-117.7081667,5.62,3.41,ml,6,120,0.09466,0.09,ci,ci37263772,2020-03-06T18:00:54.347Z,"18km ESE of Little Lake, CA",earthquake,0.31,1.8,0.114,4,reviewed,ci,ci
2019-07-06T04:50:42.220Z,35.7078333,-117.5008333,1.53,3.45,ml,14,83,0.1251,0.19,ci,ci37225388,2019-09-11T18:08:37.256Z,"11km SW of Searles Valley, CA",earthquake,0.38,0.52,0.062,6,reviewed,ci,ci
2019-07-06T04:51:49.070Z,35.923,-117.7113333,3.86,3.04,ml,13,80,0.08988,0.1,ci,ci37225412,2019-09-11T19:31:17.286Z,"18km E of Little Lake, CA",earthquake,0.21,0.5,0.075,7,reviewed,ci,ci
2019-07-06T04:52:04.010Z,35.8895,-117.7323333,5.37,3.54,mlr,33,34,0.08499,0.13,ci,ci38458071,2019-12-06T04:27:18.990Z,"17km ESE of Little Lake, CA",earthquake,0.13,0.52,0.188,24,reviewed,ci,ci
2019-07-06T04:52:17.710Z,35.8773333,-117.6945,3.32,4.47,mlr,62,39,0.08933,0.17,ci,ci38458079,2019-09-26T14:30:29.040Z,"20km ESE of Little Lake, CA",earthquake,0.11,0.37,0.199,38,reviewed,ci,ci
2019-07-06T04:52:45.230Z,35.8698333,-117.6935,2.45,3.4,ml,11,85,0.08427,0.09,ci,ci37225420,2019-09-11T20:47:02.826Z,"21km ESE of Little Lake, CA",earthquake,0.18,0.27,0.162,6,reviewed,ci,ci
2019-07-06T04:53:03.960Z,35.8966667,-117.7353333,6.77,3.54,ml,17,54,0.08507,0.09,ci,ci37225428,2019-09-11T20:56:05.084Z,"16km ESE of Little Lake, CA",earthquake,0.17,0.32,0.132,11,reviewed,ci,ci
2019-07-06T04:53:41.990Z,35.875,-117.6595,6.86,3.98,mlr,49,41,0.07662,0.15,ci,ci38458087,2019-09-26T14:30:29.040Z,"23km ESE of Little Lake, CA",earthquake,0.12,0.27,0.102,34,reviewed,ci,ci
2019-07-06T04:53:45.340Z,35.5921667,-117.5275,9.9,3.66,mlr,11,144,0.05352,0.15,ci,ci37225436,2019-09-12T00:30:24.674Z,"14km ESE of Ridgecrest, CA",earthquake,0.77,0.47,0.18,4,reviewed,ci,ci
2019-07-06T04:55:21.890Z,35.7133333,-117.5515,4.83,3,ml,18,75,0.1088,0.14,ci,ci37225548,2019-09-12T18:02:04.010Z,"15km WSW of Searles Valley, CA",earthquake,0.26,0.76,0.111,4,reviewed,ci,ci
2019-07-06T04:55:22.740Z,35.7413333,-117.5661667,11.17,3.14,ml,22,69,0.0785,0.23,ci,ci38458103,2019-09-26T14:30:29.040Z,"15km W of Searles Valley, CA",earthquake,0.34,0.66,0.108,29,reviewed,ci,ci
2019-07-06T04:55:47.030Z,35.8775,-117.7021667,11.01,3.04,ml,24,38,0.08187,0.15,ci,ci38458111,2019-09-12T18:14:14.877Z,"20km ESE of Little Lake, CA",earthquake,0.24,0.34,0.09,12,reviewed,ci,ci
2019-07-06T04:56:02.220Z,35.8755,-117.6553333,7.35,3.22,ml,33,55,0.07419,0.09,ci,ci38458119,2019-09-26T14:30:29.040Z,"24km ESE of Little Lake, CA",earthquake,0.12,0.33,0.176,25,reviewed,ci,ci
2019-07-06T04:57:26.620Z,35.926,-117.7065,3.93,3.26,ml,28,46,0.0856,0.11,ci,ci38458127,2019-09-26T14:30:29.040Z,"18km E of Little Lake, CA",earthquake,0.13,0.34,0.151,27,reviewed,ci,ci
2019-07-06T04:58:12.040Z,35.6321667,-117.433,3.19,3.45,mlr,37,85,0.05141,0.13,ci,ci38458135,2019-09-26T14:30:29.040Z,"15km S of Searles Valley, CA",earthquake,0.16,0.45,0.172,30,reviewed,ci,ci
2019-07-06T04:58:36.690Z,35.7073333,-117.5706667,2.9,4.03,mlr,52,43,0.1104,0.15,ci,ci38458143,2019-11-15T18:43:19.009Z,"14km NE of Ridgecrest, CA",earthquake,0.12,0.33,0.176,48,reviewed,ci,ci
2019-07-06T04:59:16.420Z,35.8731667,-117.716,8.45,2.98,ml,18,64,0.07572,0.11,ci,ci37427053,2019-09-12T21:29:09.084Z,"19km ESE of Little Lake, CA",earthquake,0.19,0.54,0.134,12,reviewed,ci,ci
2019-07-06T05:00:29.050Z,35.8813333,-117.7041667,2.94,3.24,ml,43,39,0.07949,0.13,ci,ci38458159,2019-09-26T14:30:29.040Z,"19km ESE of Little Lake, CA",earthquake,0.11,0.36,0.122,26,reviewed,ci,ci
2019-07-06T05:00:43.610Z,35.9031667,-117.731,6.16,3.09,ml,21,70,0.08413,0.1,ci,ci37427093,2019-09-13T00:20:15.913Z,"16km ESE of Little Lake, CA",earthquake,0.17,0.53,0.064,12,reviewed,ci,ci
2019-07-06T05:01:50.660Z,35.8945,-117.6968333,6.17,2.98,ml,16,84,0.08749,0.11,ci,ci37427173,2019-09-13T19:30:00.620Z,"20km ESE of Little Lake, CA",earthquake,0.18,0.65,0.203,6,reviewed,ci,ci
2019-07-06T05:01:53.030Z,35.7096667,-117.5468333,6.56,3,ml,18,92,0.1136,0.12,ci,ci37427197,2019-09-13T21:04:18.624Z,"14km WSW of Searles Valley, CA",earthquake,0.21,0.63,0.109,12,reviewed,ci,ci
2019-07-06T05:03:07.180Z,35.8925,-117.7126667,2.43,3.51,ml,33,38,0.09389,0.12,ci,ci37427213,2019-09-13T22:24:50.580Z,"18km ESE of Little Lake, CA",earthquake,0.11,0.19,0.118,147,reviewed,ci,ci
2019-07-06T05:03:36.720Z,35.8855,-117.6973333,3.71,3.45,ml,34,42,0.07301,0.18,ci,ci38458167,2020-01-07T19:54:06.926Z,"20km ESE of Little Lake, CA",earthquake,0.17,0.51,0.132,74,reviewed,ci,ci
2019-07-06T05:04:19.720Z,35.8793333,-117.6948333,7.37,3.63,mlr,49,40,0.0907,0.13,ci,ci38458175,2019-09-26T14:30:30.040Z,"20km ESE of Little Lake, CA",earthquake,0.1,0.34,0.177,24,reviewed,ci,ci
2019-07-06T05:04:23.380Z,35.8806667,-117.6978333,5.67,3.61,mlr,16,74,0.09543,0.16,ci,ci37427253,2019-09-14T00:20:10.916Z,"20km ESE of Little Lake, CA",earthquake,0.28,0.99,0.031,9,reviewed,ci,ci
2019-07-06T05:04:53.860Z,35.8846667,-117.706,2.59,3.11,ml,21,40,0.08976,0.1,ci,ci38458183,2019-09-26T14:30:30.040Z,"19km ESE of Little Lake, CA",earthquake,0.15,0.22,0.139,12,reviewed,ci,ci
2019-07-06T05:05:35.650Z,35.905,-117.7281667,6.32,2.95,ml,22,56,0.0851,0.08,ci,ci37427381,2019-09-17T17:31:41.143Z,"16km ESE of Little Lake, CA",earthquake,0.15,0.36,0.162,10,reviewed,ci,ci
2019-07-06T05:06:56.030Z,35.9165,-117.7333333,6.17,3.27,ml,35,35,0.07426,0.11,ci,ci38458199,2019-09-26T14:30:30.040Z,"16km E of Little Lake, CA",earthquake,0.14,0.31,0.141,20,reviewed,ci,ci
2019-07-06T05:08:11.260Z,35.717,-117.5636667,7.99,3.67,mlr,65,36,0.1023,0.14,ci,ci38458215,2022-09-24T01:27:34.291Z,"15km NE of Ridgecrest, CA",earthquake,0.1,0.37,0.123,53,reviewed,ci,ci
2019-07-06T05:08:42.570Z,35.6803333,-117.4636667,1.61,3,ml,13,69,0.09364,0.16,ci,ci37427405,2019-09-17T20:07:44.020Z,"11km SSW of Searles Valley, CA",earthquake,0.28,0.63,0.09,6,reviewed,ci,ci
2019-07-06T05:09:31.790Z,35.7526667,-117.5785,3.16,3.44,mlr,37,46,0.06481,0.15,ci,ci38458223,2019-09-26T14:30:30.040Z,"16km W of Searles Valley, CA",earthquake,0.15,0.29,0.224,30,reviewed,ci,ci
2019-07-06T05:09:59.590Z,35.9166667,-117.7113333,2.51,3.11,ml,15,54,0.09099,0.08,ci,ci37427421,2019-09-17T20:27:26.977Z,"18km E of Little Lake, CA",earthquake,0.14,0.18,0.124,8,reviewed,ci,ci
2019-07-06T05:10:09.260Z,35.8918333,-117.7218333,4.02,3.51,ml,28,40,0.09016,0.13,ci,ci37427437,2019-09-17T20:37:31.285Z,"17km ESE of Little Lake, CA",earthquake,0.16,0.4,0.136,83,reviewed,ci,ci
2019-07-06T05:12:13.040Z,35.8823333,-117.6475,9.37,2.99,ml,24,59,0.06495,0.21,ci,ci38458247,2020-03-06T21:34:33.630Z,"24km ESE of Little Lake, CA",earthquake,0.3,0.64,0.156,24,reviewed,ci,ci
2019-07-06T05:13:14.990Z,35.8755,-117.6608333,7.14,3.97,mlr,56,41,0.0769,0.14,ci,ci38458263,2022-09-24T01:28:44.618Z,"23km ESE of Little Lake, CA",earthquake,0.11,0.33,0.124,35,reviewed,ci,ci
2019-07-06T05:13:51.490Z,35.9065,-117.7238333,5.97,3.21,ml,16,83,0.08738,0.1,ci,ci37427557,2019-09-19T23:30:41.286Z,"17km ESE of Little Lake, CA",earthquake,0.21,0.69,0.147,10,reviewed,ci,ci
2019-07-06T05:14:56.880Z,35.7508333,-117.5593333,10.91,3.38,ml,26,115,0.07182,0.16,ci,ci38458287,2019-09-26T14:30:30.040Z,"14km W of Searles Valley, CA",earthquake,0.29,0.34,0.139,20,reviewed,ci,ci
2019-07-06T05:15:31.400Z,35.5656667,-117.4513333,4.18,2.99,ml,6,139,0.0226,0.15,ci,ci37226836,2019-09-24T19:25:04.314Z,"21km ESE of Ridgecrest, CA",earthquake,1.09,0.47,0.03,2,reviewed,ci,ci
2019-07-06T05:15:37.240Z,35.9128333,-117.7448333,8.56,3.52,ml,36,35,0.06948,0.18,ci,ci38458295,2019-09-26T14:30:30.040Z,"15km E of Little Lake, CA",earthquake,0.17,0.43,0.134,23,reviewed,ci,ci
2019-07-06T05:16:05.280Z,35.9116667,-117.7355,7.27,3.32,ml,18,64,0.07659,0.06,ci,ci37226844,2019-09-24T19:09:54.070Z,"16km E of Little Lake, CA",earthquake,0.13,0.32,0.12,15,reviewed,ci,ci
2019-07-06T05:16:20.470Z,35.913,-117.7313333,4.63,3.17,ml,28,38,0.07893,0.09,ci,ci37226852,2019-09-24T20:35:57.468Z,"16km E of Little Lake, CA",earthquake,0.11,0.24,0.101,12,reviewed,ci,ci
2019-07-06T05:18:30.310Z,35.8905,-117.7338333,5.18,3.07,ml,30,51,0.08557,0.12,ci,ci37226900,2019-09-24T21:31:17.027Z,"16km ESE of Little Lake, CA",earthquake,0.15,0.58,0.164,15,reviewed,ci,ci
2019-07-06T05:19:37.350Z,35.7006667,-117.551,10.72,3.06,ml,26,74,0.1209,0.17,ci,ci38458303,2019-09-26T14:30:30.040Z,"14km NE of Ridgecrest, CA",earthquake,0.22,0.53,0.112,24,reviewed,ci,ci
2019-07-06T05:21:02.300Z,35.7465,-117.5485,5.25,3.06,ml,21,83,0.07976,0.2,ci,ci37226940,2019-09-25T19:27:40.482Z,"13km W of Searles Valley, CA",earthquake,0.35,1.11,0.075,9,reviewed,ci,ci
2019-07-06T05:21:11.120Z,35.6001667,-117.4273333,1.84,3.26,ml,15,99,0.03152,0.21,ci,ci38458327,2019-09-26T14:30:30.040Z,"19km S of Searles Valley, CA",earthquake,0.35,0.27,0.119,12,reviewed,ci,ci
2019-07-06T05:21:36.180Z,35.797,-117.5895,10.72,2.95,ml,26,72,0.0198,0.1,ci,ci37263884,2020-03-06T23:07:15.377Z,"17km W of Searles Valley, CA",earthquake,0.15,0.29,0.147,18,reviewed,ci,ci
2019-07-06T05:22:31.120Z,35.5891667,-117.3916667,5.81,2.99,ml,16,117,0.05755,0.16,ci,ci38458335,2020-03-09T19:20:35.830Z,"20km S of Trona, CA",earthquake,0.36,0.46,0.138,11,reviewed,ci,ci
2019-07-06T05:22:34.420Z,35.8796667,-117.691,2.89,3.06,ml,24,78,0.07565,0.07,ci,ci37226956,2019-09-25T22:24:53.989Z,"20km ESE of Little Lake, CA",earthquake,0.11,0.24,0.191,12,reviewed,ci,ci
2019-07-06T05:22:52.800Z,35.9063333,-117.7225,6.27,3.16,ml,17,102,0.0884,0.09,ci,ci37226964,2019-09-25T23:22:22.317Z,"17km ESE of Little Lake, CA",earthquake,0.2,0.53,0.11,11,reviewed,ci,ci
2019-07-06T05:23:49.830Z,35.8953333,-117.7063333,6.49,3.05,ml,25,43,0.094,0.14,ci,ci38458359,2019-09-26T18:24:36.650Z,"19km ESE of Little Lake, CA",earthquake,0.17,0.54,0.128,38,reviewed,ci,ci
2019-07-06T05:24:17.130Z,35.7438333,-117.5393333,13.9,2.96,ml,9,178,0.08594,0.13,ci,ci37227004,2019-09-26T19:22:40.768Z,"12km WSW of Searles Valley, CA",earthquake,0.41,0.84,0.078,7,reviewed,ci,ci
2019-07-06T05:25:04.870Z,35.833,-117.6775,3.43,4.29,mlr,72,23,0.06725,0.14,ci,ci38458375,2022-06-21T05:28:58.225Z,"24km N of Ridgecrest, CA",earthquake,0.09,0.3,0.128,189,reviewed,ci,ci
2019-07-06T05:25:36.710Z,35.7331667,-117.561,6.77,3.5,ml,16,87,0.08758,0.09,ci,ci37227020,2019-09-26T20:29:26.932Z,"15km WSW of Searles Valley, CA",earthquake,0.25,0.43,0.175,5,reviewed,ci,ci
2019-07-06T05:25:41.850Z,35.9091667,-117.7,6.22,3.32,ml,13,67,0.08407,0.11,ci,ci37263980,2020-03-09T21:02:30.256Z,"19km E of Little Lake, CA",earthquake,0.22,0.8,0.082,4,reviewed,ci,ci
2019-07-06T05:26:05.990Z,35.9033333,-117.7201667,6.16,3.3,ml,24,40,0.09153,0.07,ci,ci38458383,2019-09-26T20:38:27.873Z,"17km ESE of Little Lake, CA",earthquake,0.11,0.32,0.139,17,reviewed,ci,ci
2019-07-06T05:26:53.000Z,35.6468333,-117.4601667,3.11,3.45,mlr,31,92,0.06022,0.18,ci,ci38458391,2019-09-26T23:52:36.315Z,"14km SSW of Searles Valley, CA",earthquake,0.23,0.43,0.105,15,reviewed,ci,ci
2019-07-06T05:27:05.020Z,35.8563333,-117.6735,2.69,3.44,ml,26,44,0.07385,0.15,ci,ci37227036,2019-09-26T21:05:23.628Z,"23km ESE of Little Lake, CA",earthquake,0.18,0.29,0.135,18,reviewed,ci,ci
2019-07-06T05:27:28.120Z,35.8928333,-117.7376667,8.61,3.07,ml,16,56,0.08605,0.1,ci,ci37227044,2019-09-26T21:32:33.720Z,"16km ESE of Little Lake, CA",earthquake,0.18,0.53,0.216,11,reviewed,ci,ci
2019-07-06T05:28:05.080Z,35.5621667,-117.5248333,7.13,3.04,ml,13,84,0.05654,0.26,ci,ci37227068,2019-09-26T22:17:41.988Z,"15km ESE of Ridgecrest, CA",earthquake,0.62,1.78,0.235,6,reviewed,ci,ci
2019-07-06T05:28:39.220Z,35.9026667,-117.7258333,5.41,3.16,ml,21,57,0.07608,0.13,ci,ci38458407,2019-09-26T23:35:53.075Z,"17km ESE of Little Lake, CA",earthquake,0.2,0.69,0.089,10,reviewed,ci,ci
2019-07-06T05:28:43.140Z,35.8501667,-117.6586667,10.97,3.48,mlr,31,49,0.06041,0.18,ci,ci37227076,2019-09-26T23:36:25.401Z,"24km ESE of Little Lake, CA",earthquake,0.21,0.38,0.196,22,reviewed,ci,ci
2019-07-06T05:29:07.270Z,35.9088333,-117.6756667,4.06,3.17,ml,13,151,0.04406,0.1,ci,ci37227084,2019-09-26T23:48:47.931Z,"21km E of Little Lake, CA",earthquake,0.28,0.44,0.101,5,reviewed,ci,ci
2019-07-06T05:29:28.650Z,35.6463333,-117.4525,5.05,3,ml,15,93,0.06022,0.13,ci,ci37227156,2019-09-30T16:09:40.569Z,"14km SSW of Searles Valley, CA",earthquake,0.26,0.53,0.256,7,reviewed,ci,ci
2019-07-06T05:29:40.360Z,35.8915,-117.7301667,3.98,3.04,ml,28,36,0.08744,0.16,ci,ci38458415,2019-09-30T16:30:54.130Z,"17km ESE of Little Lake, CA",earthquake,0.17,0.45,0.148,17,reviewed,ci,ci
2019-07-06T05:30:43.690Z,35.5493333,-117.3846667,4.47,3.09,ml,21,75,0.02935,0.14,ci,ci37227172,2019-09-30T17:57:12.139Z,"24km S of Trona, CA",earthquake,0.27,0.21,0.094,12,reviewed,ci,ci
2019-07-06T05:31:56.580Z,35.855,-117.682,8.65,3.39,ml,33,36,0.07904,0.14,ci,ci38458431,2019-09-30T18:36:56.460Z,"22km ESE of Little Lake, CA",earthquake,0.17,0.39,0.201,22,reviewed,ci,ci
2019-07-06T05:32:17.910Z,35.8945,-117.7201667,8.6,3.1,ml,11,158,0.07777,0.05,ci,ci37227196,2019-09-30T18:42:09.199Z,"17km ESE of Little Lake, CA",earthquake,0.22,0.44,0.182,7,reviewed,ci,ci
2019-07-06T05:32:29.140Z,35.881,-117.6933333,2.66,3.27,ml,25,55,0.07532,0.1,ci,ci37227204,2019-09-30T18:49:13.061Z,"20km ESE of Little Lake, CA",earthquake,0.13,0.2,0.148,15,reviewed,ci,ci
2019-07-06T05:32:43.080Z,35.8595,-117.6906667,9.04,3.14,ml,20,47,0.08739,0.14,ci,ci37227220,2020-03-09T21:28:18.251Z,"21km ESE of Little Lake, CA",earthquake,0.23,0.72,0.069,12,reviewed,ci,ci
2019-07-06T05:32:59.940Z,35.8441667,-117.6796667,7.73,3.61,mlr,44,32,0.07254,0.18,ci,ci38458439,2019-09-30T19:18:51.668Z,"23km ESE of Little Lake, CA",earthquake,0.16,0.47,0.168,30,reviewed,ci,ci
2019-07-06T05:33:13.660Z,35.8861667,-117.6685,2.45,3.38,ml,18,52,0.06333,0.1,ci,ci37227228,2019-09-30T20:07:38.520Z,"22km ESE of Little Lake, CA",earthquake,0.15,0.22,0.11,10,reviewed,ci,ci
2019-07-06T05:34:08.110Z,35.6696667,-117.5156667,1.62,3.03,ml,23,62,0.09372,0.17,ci,ci38458447,2019-09-30T21:17:42.927Z,"15km SW of Searles Valley, CA",earthquake,0.21,0.48,0.138,18,reviewed,ci,ci
2019-07-06T05:37:30.430Z,35.8793333,-117.7153333,4.43,3.32,ml,51,35,0.08129,0.14,ci,ci38458479,2019-10-01T17:47:10.670Z,"18km ESE of Little Lake, CA",earthquake,0.11,0.26,0.135,35,reviewed,ci,ci
2019-07-06T05:39:14.300Z,35.799,-117.6271667,9.77,3.44,ml,46,55,0.02933,0.13,ci,ci38458487,2019-10-01T20:14:11.810Z,"20km NNE of Ridgecrest, CA",earthquake,0.14,0.25,0.138,35,reviewed,ci,ci
2019-07-06T05:40:08.510Z,35.888,-117.6785,9.34,3.27,ml,18,85,0.06398,0.05,ci,ci38458495,2019-10-01T20:49:37.030Z,"21km ESE of Little Lake, CA",earthquake,0.12,0.29,0.188,18,reviewed,ci,ci
2019-07-06T05:40:09.270Z,35.7281667,-117.5683333,6.83,3.13,ml,17,113,0.09055,0.16,ci,ci37227348,2019-10-01T21:00:06.422Z,"15km NE of Ridgecrest, CA",earthquake,0.32,0.75,0.178,8,reviewed,ci,ci
2019-07-06T05:40:16.280Z,35.8545,-117.6526667,11.52,3.26,ml,19,97,0.0592,0.22,ci,ci37227356,2019-10-01T21:10:41.983Z,"24km WNW of Searles Valley, CA",earthquake,0.37,0.9,0.098,14,reviewed,ci,ci
2019-07-06T05:41:32.240Z,35.7838333,-117.6041667,2.95,3.56,mlr,32,64,0.0323,0.12,ci,ci38458503,2019-10-01T22:20:14.482Z,"18km W of Searles Valley, CA",earthquake,0.17,0.24,0.122,16,reviewed,ci,ci
2019-07-06T05:41:36.030Z,35.5586667,-117.419,8.89,3.66,mlr,10,136,0.04485,0.09,ci,ci37227372,2019-10-01T22:16:19.545Z,"23km S of Trona, CA",earthquake,0.29,0.29,0.049,4,reviewed,ci,ci
2019-07-06T05:41:48.390Z,35.7771667,-117.5573333,10.9,3.78,mlr,34,56,0.05048,0.15,ci,ci37227380,2019-10-01T22:21:40.332Z,"14km W of Searles Valley, CA",earthquake,0.19,0.31,0.167,38,reviewed,ci,ci
2019-07-06T05:42:32.470Z,35.8938333,-117.731,5.3,2.99,ml,18,130,0.08943,0.1,ci,ci37227388,2019-10-01T23:40:43.402Z,"16km ESE of Little Lake, CA",earthquake,0.21,0.62,0.151,12,reviewed,ci,ci
2019-07-06T05:43:22.370Z,35.8946667,-117.714,3.1,3.34,ml,41,38,0.09535,0.18,ci,ci38458511,2019-10-02T17:44:06.460Z,"18km ESE of Little Lake, CA",earthquake,0.16,0.62,0.16,28,reviewed,ci,ci
2019-07-06T05:44:08.930Z,35.9228333,-117.7113333,3.43,3.44,ml,36,34,0.05543,0.17,ci,ci38458527,2019-10-02T20:23:16.570Z,"18km E of Little Lake, CA",earthquake,0.16,0.5,0.157,28,reviewed,ci,ci
2019-07-06T05:44:17.230Z,35.9003333,-117.6693333,9.09,3.35,ml,19,88,0.0499,0.19,ci,ci37227500,2019-10-02T20:29:55.927Z,"22km E of Little Lake, CA",earthquake,0.28,0.74,0.093,10,reviewed,ci,ci
2019-07-06T05:45:26.320Z,35.9261667,-117.7041667,2.75,3.08,ml,35,35,0.04874,0.12,ci,ci38458535,2019-10-02T21:47:54.350Z,"18km E of Little Lake, CA",earthquake,0.13,0.27,0.139,20,reviewed,ci,ci
2019-07-06T05:46:06.840Z,35.7085,-117.553,2.11,3.05,ml,30,58,0.113,0.15,ci,ci38458543,2019-10-02T22:20:15.810Z,"15km NE of Ridgecrest, CA",earthquake,0.16,0.32,0.127,28,reviewed,ci,ci
2019-07-06T05:49:57.470Z,35.6391667,-117.4645,2.87,3.03,ml,23,58,0.05259,0.19,ci,ci37227996,2019-10-04T00:26:55.975Z,"15km SSW of Searles Valley, CA",earthquake,0.23,0.41,0.202,20,reviewed,ci,ci
2019-07-06T05:50:15.300Z,35.6308333,-117.4553333,8.83,3.02,ml,15,90,0.04459,0.18,ci,ci37228004,2019-10-04T00:35:04.386Z,"16km SSW of Searles Valley, CA",earthquake,0.44,0.72,0.152,12,reviewed,ci,ci
2019-07-06T05:51:49.700Z,35.9143333,-117.713,3.75,3.39,ml,23,45,0.06087,0.08,ci,ci38458567,2019-10-04T17:03:07.107Z,"18km E of Little Lake, CA",earthquake,0.12,0.35,0.219,14,reviewed,ci,ci
2019-07-06T05:52:05.350Z,35.6058333,-117.403,5.35,3.62,mlr,40,32,0.05196,0.14,ci,ci38458575,2019-10-04T18:13:52.853Z,"18km S of Trona, CA",earthquake,0.16,0.36,0.212,49,reviewed,ci,ci
2019-07-06T05:55:07.100Z,35.897,-117.7298333,4.57,2.98,ml,27,37,0.08209,0.1,ci,ci38458599,2019-10-04T18:44:05.026Z,"16km ESE of Little Lake, CA",earthquake,0.14,0.29,0.177,15,reviewed,ci,ci
2019-07-06T05:58:17.570Z,35.9323333,-117.6916667,1.86,4.15,mlr,42,34,0.07309,0.17,ci,ci38458655,2019-09-26T14:30:32.040Z,"19km E of Little Lake, CA",earthquake,0.15,0.27,0.216,25,reviewed,ci,ci
2019-07-06T05:58:45.840Z,35.8686667,-117.6751667,7.56,3.45,ml,15,88,0.08159,0.09,ci,ci38458647,2019-10-04T22:13:00.875Z,"22km ESE of Little Lake, CA",earthquake,0.2,0.49,0.108,10,reviewed,ci,ci
2019-07-06T05:59:44.190Z,35.7376667,-117.574,3.12,3.57,mlr,26,85,0.08022,0.17,ci,ci38458663,2019-10-04T22:49:37.472Z,"16km WSW of Searles Valley, CA",earthquake,0.21,0.49,0.197,33,reviewed,ci,ci
2019-07-06T06:00:57.770Z,35.5535,-117.3465,4.31,3.5,ml,33,87,0.03206,0.17,ci,ci38458671,2019-10-04T23:57:14.460Z,"24km S of Trona, CA",earthquake,0.21,0.32,0.191,46,reviewed,ci,ci
2019-07-06T06:01:46.390Z,35.6736667,-117.4801667,3.58,3.09,ml,10,109,0.0882,0.14,ci,ci37263996,2020-03-09T22:02:19.002Z,"12km SSW of Searles Valley, CA",earthquake,0.35,1.12,0.017,3,reviewed,ci,ci
2019-07-06T06:01:51.800Z,35.911,-117.7385,4.99,4.63,mw,67,36,0.07482,0.14,ci,ci38458679,2019-11-15T18:54:44.787Z,"15km E of Little Lake, CA",earthquake,0.09,0.4,,4,reviewed,ci,ci
2019-07-06T06:02:30.250Z,35.8111667,-117.6366667,6.83,3.2,ml,17,69,0.03215,0.12,ci,ci37420885,2019-10-05T00:27:00.790Z,"21km N of Ridgecrest, CA",earthquake,0.19,0.37,0.169,11,reviewed,ci,ci
2019-07-06T06:03:48.180Z,35.8963333,-117.6798333,2.01,3.19,ml,28,71,0.0746,0.15,ci,ci37228292,2019-10-07T17:58:06.412Z,"21km ESE of Little Lake, CA",earthquake,0.18,0.29,0.132,16,reviewed,ci,ci
2019-07-06T06:04:34.100Z,35.8878333,-117.7073333,4.8,3.46,mlr,52,39,0.0757,0.14,ci,ci38458687,2019-10-07T19:55:00.010Z,"19km ESE of Little Lake, CA",earthquake,0.11,0.26,0.16,31,reviewed,ci,ci
2019-07-06T06:06:58.610Z,35.8336667,-117.6325,8.89,3.02,ml,14,95,0.03359,0.1,ci,ci37228468,2019-10-07T23:58:23.359Z,"22km WNW of Searles Valley, CA",earthquake,0.26,0.56,0.13,10,reviewed,ci,ci
2019-07-06T06:07:08.680Z,35.5771667,-117.3635,3.81,3.53,ml,48,51,0.05211,0.16,ci,ci38458719,2019-10-07T23:52:33.852Z,"21km S of Trona, CA",earthquake,0.14,0.31,0.137,37,reviewed,ci,ci
2019-07-06T06:07:40.070Z,35.6233333,-117.4208333,6.36,3.37,ml,18,100,0.04987,0.11,ci,ci37420965,2021-02-19T19:17:00.772Z,"16km S of Searles Valley, CA",earthquake,0.23,0.35,0.153,46,reviewed,ci,ci
2019-07-06T06:09:08.080Z,35.8971667,-117.7055,7.42,3.02,ml,35,38,0.06756,0.13,ci,ci38458735,2019-10-08T18:24:29.770Z,"19km ESE of Little Lake, CA",earthquake,0.14,0.35,0.138,23,reviewed,ci,ci
2019-07-06T06:12:52.000Z,35.5813333,-117.3751667,5.45,4.27,mlr,55,42,0.05692,0.15,ci,ci38458759,2019-10-09T00:37:30.144Z,"20km S of Trona, CA",earthquake,0.15,0.43,0.19,25,reviewed,ci,ci
2019-07-06T06:13:23.000Z,35.6165,-117.4611667,9.36,3.02,ml,9,112,0.02995,0.12,ci,ci37264012,2020-03-10T00:07:49.949Z,"18km SSW of Searles Valley, CA",earthquake,0.38,0.53,0.094,2,reviewed,ci,ci
2019-07-06T06:13:35.610Z,35.6701667,-117.4668333,3,2.99,ml,8,113,0.08357,0.12,ci,ci37264020,2020-03-10T00:28:59.073Z,"12km SSW of Searles Valley, CA",earthquake,0.32,0.34,0.1,4,reviewed,ci,ci
2019-07-06T06:14:15.680Z,35.6731667,-117.4703333,7.25,3.33,ml,39,48,0.08673,0.16,ci,ci38458767,2019-10-09T18:06:47.610Z,"12km SSW of Searles Valley, CA",earthquake,0.17,0.64,0.121,25,reviewed,ci,ci
2019-07-06T06:16:01.130Z,35.8553333,-117.6815,4.56,3.21,ml,37,33,0.07886,0.16,ci,ci38458783,2019-10-10T17:56:32.533Z,"22km ESE of Little Lake, CA",earthquake,0.17,0.37,0.158,84,reviewed,ci,ci
2019-07-06T06:17:20.990Z,35.8795,-117.6891667,2.78,3.45,mlr,43,58,0.07517,0.19,ci,ci38458799,2019-10-10T20:53:02.414Z,"21km ESE of Little Lake, CA",earthquake,0.17,0.35,0.118,31,reviewed,ci,ci
2019-07-06T06:18:11.250Z,35.9191667,-117.684,8.98,3.55,ml,26,51,0.0688,0.2,ci,ci38458815,2019-10-10T21:37:41.555Z,"20km E of Little Lake, CA",earthquake,0.24,0.66,0.144,21,reviewed,ci,ci
2019-07-06T06:18:45.970Z,35.8198333,-117.6556667,2.19,3.45,ml,30,73,0.04744,0.16,ci,ci37228820,2019-10-10T22:16:00.980Z,"22km N of Ridgecrest, CA",earthquake,0.19,0.3,0.125,33,reviewed,ci,ci
2019-07-06T06:19:42.410Z,35.8841667,-117.7191667,4.42,3.14,ml,38,36,0.08409,0.16,ci,ci38458831,2019-10-10T22:54:10.510Z,"18km ESE of Little Lake, CA",earthquake,0.16,0.37,0.095,21,reviewed,ci,ci
2019-07-06T06:25:58.220Z,35.6728333,-117.4693333,8.54,2.99,ml,21,113,0.08634,0.17,ci,ci38458887,2019-10-11T23:27:21.322Z,"12km SSW of Searles Valley, CA",earthquake,0.27,0.78,0.189,22,reviewed,ci,ci
2019-07-06T06:26:18.620Z,35.7095,-117.5095,4.8,3.06,ml,35,52,0.1279,0.14,ci,ci38458895,2019-10-12T00:21:37.070Z,"12km SW of Searles Valley, CA",earthquake,0.15,0.51,0.13,30,reviewed,ci,ci
2019-07-06T06:26:53.340Z,35.874,-117.7026667,5.68,3.42,ml,44,36,0.08258,0.14,ci,ci38458903,2019-10-14T18:29:23.970Z,"20km ESE of Little Lake, CA",earthquake,0.11,0.39,0.118,32,reviewed,ci,ci
2019-07-06T06:28:57.500Z,35.707,-117.5305,10.08,3.3,ml,26,60,0.1214,0.23,ci,ci37229124,2019-10-14T19:30:01.908Z,"13km WSW of Searles Valley, CA",earthquake,0.3,0.83,0.165,48,reviewed,ci,ci
2019-07-06T06:29:25.330Z,35.8811667,-117.7236667,4.66,2.97,ml,15,65,0.07982,0.12,ci,ci37229132,2019-10-14T19:37:53.700Z,"18km ESE of Little Lake, CA",earthquake,0.22,0.49,0.165,9,reviewed,ci,ci
2019-07-06T06:30:45.870Z,35.87,-117.6666667,6.94,3.31,ml,28,47,0.07803,0.1,ci,ci38458943,2019-10-14T21:00:41.140Z,"23km ESE of Little Lake, CA",earthquake,0.13,0.25,0.158,26,reviewed,ci,ci
2019-07-06T06:30:50.570Z,35.639,-117.439,5.03,3.13,ml,8,146,0.05569,0.11,ci,ci37229172,2019-10-14T21:10:19.670Z,"15km SSW of Searles Valley, CA",earthquake,0.37,0.34,0.094,3,reviewed,ci,ci
2019-07-06T06:31:00.730Z,35.8785,-117.6868333,4.3,3.72,mlr,46,40,0.07531,0.17,ci,ci38458951,2019-10-14T21:23:35.810Z,"21km ESE of Little Lake, CA",earthquake,0.13,0.32,0.15,44,reviewed,ci,ci
2019-07-06T06:31:09.270Z,35.896,-117.6541667,2.71,3.31,ml,9,87,0.05188,0.12,ci,ci37264124,2020-03-10T19:45:27.012Z,"23km E of Little Lake, CA",earthquake,0.29,0.38,0.053,3,reviewed,ci,ci
2019-07-06T06:31:55.320Z,35.8893333,-117.7226667,4.65,3.55,ml,41,36,0.08759,0.16,ci,ci38458967,2019-10-14T21:49:10.614Z,"17km ESE of Little Lake, CA",earthquake,0.14,0.33,0.163,31,reviewed,ci,ci
2019-07-06T06:32:07.830Z,35.843,-117.7211667,-1.14,3.09,ml,10,180,0.04943,0.22,ci,ci37229188,2019-10-15T00:08:44.947Z,"20km ESE of Little Lake, CA",earthquake,0.52,0.94,0.069,5,reviewed,ci,ci
2019-07-06T06:32:26.660Z,35.7821667,-117.609,10.93,2.97,ml,25,58,0.03478,0.15,ci,ci38458975,2019-10-15T00:38:44.920Z,"19km W of Searles Valley, CA",earthquake,0.2,0.36,0.139,15,reviewed,ci,ci
2019-07-06T06:34:47.410Z,35.8926667,-117.7248333,8.17,4.05,mlr,58,36,0.09001,0.14,ci,ci38458999,2019-09-26T14:30:33.040Z,"17km ESE of Little Lake, CA",earthquake,0.1,0.28,0.132,40,reviewed,ci,ci
2019-07-06T06:35:33.690Z,35.8731667,-117.6965,7.98,3.09,ml,18,75,0.08511,0.12,ci,ci37229324,2019-10-15T22:58:14.638Z,"20km ESE of Little Lake, CA",earthquake,0.22,0.62,0.122,11,reviewed,ci,ci
2019-07-06T06:39:10.040Z,35.7311667,-117.5415,4.04,2.98,ml,47,36,0.0959,0.16,ci,ci38459031,2019-10-16T20:09:24.390Z,"13km WSW of Searles Valley, CA",earthquake,0.12,0.51,0.176,37,reviewed,ci,ci
2019-07-06T06:40:02.000Z,35.8958333,-117.7276667,4.47,3.03,ml,26,37,0.09053,0.12,ci,ci38459039,2019-10-16T20:58:50.400Z,"17km ESE of Little Lake, CA",earthquake,0.13,0.34,0.139,18,reviewed,ci,ci
2019-07-06T06:41:15.060Z,35.8041667,-117.6378333,7.51,3.9,mlr,63,42,0.03475,0.16,ci,ci38459047,2019-10-16T22:16:13.422Z,"21km N of Ridgecrest, CA",earthquake,0.11,0.3,0.124,43,reviewed,ci,ci
2019-07-06T06:47:08.020Z,35.7903333,-117.6193333,4.86,3.24,ml,28,73,0.03094,0.12,ci,ci38459127,2019-10-17T21:43:02.109Z,"20km NNE of Ridgecrest, CA",earthquake,0.23,0.46,0.122,4,reviewed,ci,ci
2019-07-06T06:47:10.840Z,35.8661667,-117.6466667,6.77,3.57,mlr,21,109,0.06424,0.23,ci,ci38459135,2019-10-17T21:54:01.552Z,"24km WNW of Searles Valley, CA",earthquake,0.36,0.82,0.131,160,reviewed,ci,ci
2019-07-06T06:48:07.660Z,35.8968333,-117.7315,5.93,2.99,ml,17,79,0.08743,0.08,ci,ci37230652,2019-10-17T23:51:59.081Z,"16km ESE of Little Lake, CA",earthquake,0.14,0.46,0.13,9,reviewed,ci,ci
2019-07-06T06:49:28.910Z,35.9258333,-117.6945,3.45,3.32,ml,40,35,0.07596,0.15,ci,ci38459167,2019-10-18T18:10:08.072Z,"19km E of Little Lake, CA",earthquake,0.14,0.44,0.147,27,reviewed,ci,ci
2019-07-06T06:50:36.520Z,35.6871667,-117.4843333,6.93,3.39,ml,40,64,0.1021,0.16,ci,ci38459183,2019-10-18T20:18:43.501Z,"12km SW of Searles Valley, CA",earthquake,0.16,0.49,0.166,79,reviewed,ci,ci
2019-07-06T06:52:25.970Z,35.5601667,-117.3983333,3.76,3.77,mlr,60,26,0.04466,0.15,ci,ci38459207,2019-10-18T21:44:29.920Z,"23km S of Trona, CA",earthquake,0.13,0.29,0.22,44,reviewed,ci,ci
2019-07-06T06:53:09.890Z,35.6718333,-117.4946667,1.76,3.4,mlr,25,85,0.08916,0.15,ci,ci38459215,2019-10-18T22:01:27.355Z,"13km SW of Searles Valley, CA",earthquake,0.18,0.4,0.152,27,reviewed,ci,ci
2019-07-06T06:53:23.110Z,35.8908333,-117.7326667,4.29,3.11,ml,16,57,0.08617,0.11,ci,ci37231492,2019-10-18T22:07:15.895Z,"16km ESE of Little Lake, CA",earthquake,0.18,0.45,0.086,8,reviewed,ci,ci
2019-07-06T06:56:21.180Z,35.6866667,-117.4808333,8.33,3.25,ml,38,47,0.1011,0.14,ci,ci38459239,2019-10-21T17:50:05.280Z,"11km SW of Searles Valley, CA",earthquake,0.14,0.47,0.163,30,reviewed,ci,ci
2019-07-06T06:57:47.530Z,35.8626667,-117.7105,8.86,3.24,ml,39,35,0.06977,0.11,ci,ci38459247,2019-10-21T19:24:09.820Z,"20km ESE of Little Lake, CA",earthquake,0.11,0.29,0.197,30,reviewed,ci,ci
2019-07-06T06:59:59.430Z,35.6763333,-117.5486667,1.6,3.46,mlr,42,51,0.114,0.17,ci,ci38459279,2019-10-21T21:38:49.710Z,"13km ENE of Ridgecrest, CA",earthquake,0.14,0.28,0.175,50,reviewed,ci,ci
2019-07-06T07:00:59.980Z,35.8876667,-117.7075,7.46,2.96,ml,35,39,0.09168,0.11,ci,ci38459295,2019-10-22T19:32:03.886Z,"19km ESE of Little Lake, CA",earthquake,0.12,0.39,0.151,20,reviewed,ci,ci
2019-07-06T07:03:14.700Z,35.6568333,-117.5353333,9.18,3.46,mlr,64,37,0.09206,0.13,ci,ci38459311,2019-10-22T23:47:19.350Z,"13km ENE of Ridgecrest, CA",earthquake,0.1,0.31,0.162,42,reviewed,ci,ci
2019-07-06T07:04:22.230Z,35.7436667,-117.5585,3.47,3.01,ml,25,57,0.0786,0.16,ci,ci38459319,2019-10-23T21:11:11.260Z,"14km W of Searles Valley, CA",earthquake,0.22,0.69,0.16,15,reviewed,ci,ci
2019-07-06T07:04:42.040Z,35.89,-117.7315,4.8,3.88,mlr,57,35,0.08567,0.15,ci,ci38459327,2022-06-19T00:29:42.603Z,"17km ESE of Little Lake, CA",earthquake,0.11,0.27,0.17,38,reviewed,ci,ci
2019-07-06T07:05:21.030Z,35.8891667,-117.7306667,5.96,3.56,mlr,26,39,0.0851,0.11,ci,ci38459335,2019-10-23T22:00:02.917Z,"17km ESE of Little Lake, CA",earthquake,0.13,0.39,0.117,21,reviewed,ci,ci
2019-07-06T07:09:56.770Z,35.905,-117.7488333,6.22,3.22,ml,35,34,0.07131,0.11,ci,ci38459383,2019-10-24T19:15:37.276Z,"15km ESE of Little Lake, CA",earthquake,0.11,0.31,0.219,23,reviewed,ci,ci
2019-07-06T07:13:36.110Z,35.9456667,-117.7196667,2.44,3.09,ml,43,35,0.07963,0.14,ci,ci38459415,2019-10-25T21:26:22.360Z,"17km E of Little Lake, CA",earthquake,0.11,0.19,0.158,32,reviewed,ci,ci
2019-07-06T07:15:26.440Z,35.705,-117.5066667,9.02,3.34,ml,42,46,0.1237,0.13,ci,ci38459439,2021-02-19T19:16:48.589Z,"12km SW of Searles Valley, CA",earthquake,0.12,0.41,0.128,33,reviewed,ci,ci
2019-07-06T07:16:03.150Z,35.9243333,-117.748,2.33,3.75,mlr,36,44,0.06184,0.22,ci,ci37233156,2019-10-25T23:51:20.913Z,"14km E of Little Lake, CA",earthquake,0.23,0.32,0.147,162,reviewed,ci,ci
2019-07-06T07:24:31.110Z,35.7836667,-117.6113333,5.48,3,ml,26,57,0.03392,0.22,ci,ci37233956,2019-10-29T18:17:23.448Z,"19km W of Searles Valley, CA",earthquake,0.3,0.62,0.152,33,reviewed,ci,ci
2019-07-06T07:28:48.310Z,35.907,-117.6853333,2.11,3.02,ml,29,37,0.07368,0.17,ci,ci38459567,2019-10-30T19:35:20.412Z,"20km E of Little Lake, CA",earthquake,0.16,0.27,0.2,47,reviewed,ci,ci
2019-07-06T07:31:14.490Z,35.7043333,-117.505,2.01,3.62,mlr,52,46,0.1226,0.17,ci,ci38459599,2019-10-30T22:00:17.534Z,"12km SW of Searles Valley, CA",earthquake,0.14,0.34,0.156,44,reviewed,ci,ci
2019-07-06T07:34:55.450Z,35.9351667,-117.7121667,4.3,3.09,ml,23,52,0.0868,0.12,ci,ci38459647,2019-10-31T20:22:16.740Z,"18km E of Little Lake, CA",earthquake,0.16,0.38,0.186,14,reviewed,ci,ci
2019-07-06T07:34:59.650Z,35.7833333,-117.6123333,6.98,3.21,ml,21,81,0.03451,0.13,ci,ci37235380,2019-10-31T20:27:46.023Z,"19km W of Searles Valley, CA",earthquake,0.25,0.33,0.095,12,reviewed,ci,ci
2019-07-06T07:36:15.590Z,35.6301667,-117.4158333,6.95,3.1,ml,10,130,0.05767,0.18,ci,ci37235404,2019-10-31T21:08:02.281Z,"15km SSW of Trona, CA",earthquake,0.49,1,0.166,6,reviewed,ci,ci
2019-07-06T07:36:23.540Z,35.732,-117.5848333,8.49,3.44,ml,31,43,0.08419,0.23,ci,ci38459671,2019-10-31T21:02:50.690Z,"15km NNE of Ridgecrest, CA",earthquake,0.25,0.76,0.151,147,reviewed,ci,ci
2019-07-06T07:46:16.830Z,35.7833333,-117.5936667,8.7,2.96,ml,37,60,0.03249,0.21,ci,ci38459807,2019-11-02T00:31:14.950Z,"17km W of Searles Valley, CA",earthquake,0.2,0.51,0.187,26,reviewed,ci,ci
2019-07-06T07:46:30.340Z,35.66,-117.479,2.17,3.33,ml,33,64,0.07461,0.18,ci,ci37235820,2022-06-18T16:51:11.286Z,"14km SSW of Searles Valley, CA",earthquake,0.21,0.39,0.176,103,reviewed,ci,ci
2019-07-06T07:49:00.000Z,35.603,-117.3996667,7.88,3.05,ml,39,64,0.05356,0.14,ci,ci38459831,2019-11-04T21:05:25.220Z,"18km S of Trona, CA",earthquake,0.16,0.37,0.129,32,reviewed,ci,ci
2019-07-06T07:50:01.980Z,35.7036667,-117.5571667,2.98,3.21,ml,38,58,0.1165,0.14,ci,ci38459839,2019-11-04T22:47:15.861Z,"14km NE of Ridgecrest, CA",earthquake,0.17,0.57,0.217,25,reviewed,ci,ci
2019-07-06T07:50:15.380Z,35.55,-117.383,2.85,3.43,ml,27,50,0.02918,0.14,ci,ci37235916,2022-06-18T16:51:48.652Z,"24km S of Trona, CA",earthquake,0.2,0.16,0.141,30,reviewed,ci,ci
2019-07-06T07:52:11.720Z,35.8033333,-117.6301667,2.92,3.24,ml,40,51,0.02929,0.16,ci,ci38459855,2019-11-05T00:30:40.050Z,"21km NNE of Ridgecrest, CA",earthquake,0.15,0.28,0.207,16,reviewed,ci,ci
2019-07-06T07:52:24.520Z,35.8848333,-117.729,5.54,3.73,mlr,45,34,0.0815,0.16,ci,ci38459863,2019-11-05T01:07:39.449Z,"17km ESE of Little Lake, CA",earthquake,0.13,0.48,0.184,32,reviewed,ci,ci
2019-07-06T07:54:46.580Z,35.7051667,-117.5576667,8.49,3.87,mlr,66,43,0.115,0.14,ci,ci38459887,2019-11-05T22:58:47.605Z,"14km NE of Ridgecrest, CA",earthquake,0.11,0.38,0.156,33,reviewed,ci,ci
2019-07-06T07:56:03.660Z,35.6746667,-117.475,2,3.55,mlr,53,38,0.08859,0.17,ci,ci38459895,2019-11-05T23:18:09.824Z,"12km SSW of Searles Valley, CA",earthquake,0.13,0.33,0.178,30,reviewed,ci,ci
2019-07-06T08:01:00.680Z,35.6705,-117.501,1.31,3.24,ml,40,62,0.08958,0.15,ci,ci38459943,2019-11-06T20:51:03.600Z,"14km SW of Searles Valley, CA",earthquake,0.15,0.33,0.155,36,reviewed,ci,ci
2019-07-06T08:10:50.100Z,35.9135,-117.7191667,2.67,3.62,mw,50,36,0.06554,0.13,ci,ci38460039,2020-03-10T21:03:41.160Z,"17km E of Little Lake, CA",earthquake,0.11,0.22,,4,reviewed,ci,ci
2019-07-06T08:26:51.080Z,35.5693333,-117.388,7.04,3.27,ml,11,186,0.04824,0.3,ci,ci38460223,2019-12-17T22:11:05.260Z,"22km S of Trona, CA",earthquake,1.18,0.79,0.306,7,reviewed,ci,ci
2019-07-06T08:26:52.560Z,35.8965,-117.7306667,4.98,3.53,ml,29,36,0.08817,0.1,ci,ci37264140,2020-03-10T21:13:46.522Z,"16km ESE of Little Lake, CA",earthquake,0.12,0.5,0.152,15,reviewed,ci,ci
2019-07-06T08:28:33.770Z,35.6318333,-117.4105,3.15,3.59,mlr,52,26,0.06181,0.15,ci,ci38460255,2019-12-11T01:30:02.651Z,"15km S of Trona, CA",earthquake,0.13,0.43,0.163,179,reviewed,ci,ci
2019-07-06T08:31:09.290Z,35.8936667,-117.7228333,4.24,3.23,ml,36,37,0.07992,0.13,ci,ci38460279,2020-01-07T20:04:55.950Z,"17km ESE of Little Lake, CA",earthquake,0.14,0.31,0.151,25,reviewed,ci,ci
2019-07-06T08:32:57.550Z,35.639,-117.4913333,3.14,4.56,mw,83,24,0.05751,0.15,ci,ci38460311,2019-09-26T14:30:37.040Z,"16km SSW of Searles Valley, CA",earthquake,0.11,0.27,,6,reviewed,ci,ci
2019-07-06T08:36:48.870Z,35.6788333,-117.493,1.38,3.07,ml,31,63,0.09549,0.11,ci,ci38460335,2020-01-21T18:53:03.980Z,"13km SW of Searles Valley, CA",earthquake,0.12,0.26,0.16,33,reviewed,ci,ci
2019-07-06T08:39:42.830Z,35.922,-117.7103333,2.78,3.09,ml,33,37,0.08922,0.09,ci,ci38460375,2020-01-14T00:03:48.650Z,"18km E of Little Lake, CA",earthquake,0.1,0.2,0.115,13,reviewed,ci,ci
2019-07-06T08:39:55.090Z,35.8143333,-117.6406667,4.07,3.32,ml,30,44,0.0351,0.21,ci,ci37489525,2022-03-04T21:44:17.963Z,"22km N of Ridgecrest, CA",earthquake,0.21,0.38,0.102,14,reviewed,ci,ci
2019-07-06T08:41:33.040Z,35.7016667,-117.5096667,2.55,3.35,ml,53,38,0.1212,0.15,ci,ci38460415,2022-09-24T01:47:39.568Z,"12km SW of Searles Valley, CA",earthquake,0.12,0.27,0.199,25,reviewed,ci,ci
2019-07-06T08:41:59.620Z,35.905,-117.7355,3.38,3.13,ml,26,44,0.08008,0.11,ci,ci37264148,2020-03-10T21:33:40.871Z,"16km ESE of Little Lake, CA",earthquake,0.14,0.43,0.136,18,reviewed,ci,ci
2019-07-06T08:46:32.430Z,35.677,-117.5856667,9.19,3.27,ml,40,57,0.1351,0.16,ci,ci38460471,2019-12-18T00:00:57.950Z,"10km NE of Ridgecrest, CA",earthquake,0.17,0.49,0.154,22,reviewed,ci,ci
2019-07-06T08:59:09.290Z,35.8635,-117.6716667,3.87,3.29,ml,29,46,0.07682,0.11,ci,ci38460623,2020-01-07T20:59:13.740Z,"23km ESE of Little Lake, CA",earthquake,0.13,0.32,0.134,19,reviewed,ci,ci
2019-07-06T08:59:55.720Z,35.6021667,-117.3878333,6.72,3.6,mlr,27,73,0.06259,0.12,ci,ci38460631,2020-04-22T17:04:19.237Z,"18km S of Trona, CA",earthquake,0.26,0.57,0.203,3,reviewed,ci,ci
2019-07-06T08:59:57.510Z,35.5498333,-117.3855,3.71,3.96,mw,34,71,0.03015,0.17,ci,ci38460639,2019-09-26T14:30:47.040Z,"24km S of Trona, CA",earthquake,0.22,0.56,,4,reviewed,ci,ci
2019-07-06T09:00:56.060Z,35.899,-117.7313333,5.31,2.99,ml,21,57,0.08626,0.09,ci,ci38460647,2020-01-07T21:06:13.909Z,"16km ESE of Little Lake, CA",earthquake,0.13,0.49,0.18,15,reviewed,ci,ci
2019-07-06T09:02:22.210Z,35.5678333,-117.3676667,5.26,3.05,ml,31,66,0.04287,0.16,ci,ci38460655,2021-10-13T21:20:55.310Z,"22km S of Trona, CA",earthquake,0.22,0.4,0.171,49,reviewed,ci,ci
2019-07-06T09:03:12.250Z,35.6878333,-117.5343333,9.92,2.98,ml,26,77,0.1169,0.14,ci,ci38460671,2019-12-05T01:55:50.570Z,"15km SW of Searles Valley, CA",earthquake,0.2,0.48,0.157,48,reviewed,ci,ci
2019-07-06T09:05:25.910Z,35.8211667,-117.6345,3.24,3.21,ml,38,50,0.03055,0.17,ci,ci38460719,2022-01-27T20:05:05.166Z,"22km WNW of Searles Valley, CA",earthquake,0.17,0.44,0.152,47,reviewed,ci,ci
2019-07-06T09:06:21.730Z,35.6735,-117.4728333,3.08,3.37,ml,49,55,0.08724,0.15,ci,ci38460727,2019-12-18T00:40:08.470Z,"12km SSW of Searles Valley, CA",earthquake,0.13,0.29,0.156,32,reviewed,ci,ci
2019-07-06T09:08:03.220Z,35.8815,-117.7231667,3.49,3.44,ml,56,34,0.08029,0.13,ci,ci38460743,2019-12-18T18:40:17.550Z,"18km ESE of Little Lake, CA",earthquake,0.09,0.3,0.171,41,reviewed,ci,ci
2019-07-06T09:12:41.470Z,35.8265,-117.6661667,7.23,2.99,ml,35,42,0.05682,0.12,ci,ci38460791,2019-12-05T16:48:26.360Z,"23km N of Ridgecrest, CA",earthquake,0.15,0.36,0.11,17,reviewed,ci,ci
2019-07-06T09:20:59.260Z,35.8748333,-117.7216667,7.75,3.06,ml,37,33,0.07487,0.09,ci,ci38460887,2020-01-21T19:15:16.830Z,"18km ESE of Little Lake, CA",earthquake,0.12,0.3,0.166,29,reviewed,ci,ci
2019-07-06T09:21:22.990Z,35.7483333,-117.569,4.35,3.17,ml,38,44,0.07114,0.16,ci,ci38460895,2020-01-14T01:27:10.750Z,"15km W of Searles Valley, CA",earthquake,0.16,0.44,0.167,32,reviewed,ci,ci
2019-07-06T09:23:41.570Z,36.063,-117.8526667,1.86,3.25,ml,37,54,0.0545,0.15,ci,ci38460911,2020-01-21T19:26:24.890Z,"9km ENE of Coso Junction, CA",earthquake,0.13,0.19,0.253,102,reviewed,ci,ci
2019-07-06T09:24:23.070Z,35.8015,-117.641,1.2,3.59,mw,36,53,0.0381,0.22,ci,ci38460927,2020-03-10T22:12:11.674Z,"20km N of Ridgecrest, CA",earthquake,0.22,0.39,,4,reviewed,ci,ci
2019-07-06T09:24:30.940Z,35.9095,-117.7401667,9.47,2.99,ml,7,116,0.07445,0.04,ci,ci37264164,2020-03-10T21:59:40.975Z,"15km ESE of Little Lake, CA",earthquake,0.18,0.53,0.068,5,reviewed,ci,ci
2019-07-06T09:27:08.460Z,35.6183333,-117.5836667,10.78,3.51,ml,34,66,0.104,0.14,ci,ci38460951,2019-12-11T18:16:39.085Z,"8km E of Ridgecrest, CA",earthquake,0.16,0.35,0.146,17,reviewed,ci,ci
2019-07-06T09:28:28.980Z,35.898,-117.7271667,3.95,4.89,mw,67,37,0.0896,0.16,ci,ci38460967,2025-12-22T18:17:38.659Z,"17km ESE of Little Lake, CA",earthquake,0.13,0.38,,6,reviewed,ci,ci
2019-07-06T09:28:41.790Z,35.887,-117.7168333,4.78,4.24,mlr,25,64,0.08126,0.16,ci,ci37258076,2020-03-10T22:18:04.083Z,"18km ESE of Little Lake, CA",earthquake,0.19,0.45,0.119,14,reviewed,ci,ci
2019-07-06T09:28:59.630Z,35.9011667,-117.7291667,4.46,3.48,ml,10,70,0.07915,0.06,ci,ci37264180,2020-03-10T23:51:51.395Z,"16km ESE of Little Lake, CA",earthquake,0.16,0.45,0.074,6,reviewed,ci,ci
2019-07-06T09:29:09.300Z,35.9226667,-117.7288333,2.38,3.38,ml,5,209,0.07688,0.05,ci,ci37264188,2020-03-11T00:25:04.020Z,"16km E of Little Lake, CA",earthquake,0.44,0.32,0.043,3,reviewed,ci,ci
2019-07-06T09:29:20.970Z,35.8811667,-117.7175,5.5,4.41,mlr,59,35,0.08204,0.15,ci,ci38460975,2020-03-11T00:32:36.775Z,"18km ESE of Little Lake, CA",earthquake,0.11,0.4,0.246,35,reviewed,ci,ci
2019-07-06T09:29:44.490Z,35.8881667,-117.7153333,4.09,3.39,ml,9,65,0.08905,0.06,ci,ci37264196,2020-03-11T00:39:11.532Z,"18km ESE of Little Lake, CA",earthquake,0.16,0.62,0.068,4,reviewed,ci,ci
2019-07-06T09:29:59.500Z,35.7443333,-117.5895,10.83,3.47,ml,24,70,0.07155,0.1,ci,ci37264204,2020-03-11T00:58:35.884Z,"16km NNE of Ridgecrest, CA",earthquake,0.15,0.3,0.073,12,reviewed,ci,ci
2019-07-06T09:30:41.240Z,35.9098333,-117.7323333,4.15,4.49,mw,64,36,0.0766,0.13,ci,ci38460983,2019-09-26T14:30:38.040Z,"16km E of Little Lake, CA",earthquake,0.09,0.24,,6,reviewed,ci,ci
2019-07-06T09:30:57.620Z,35.9,-117.7255,4.17,3.45,mlr,15,58,0.07747,0.14,ci,ci37264284,2020-03-11T17:42:27.178Z,"17km ESE of Little Lake, CA",earthquake,0.24,0.61,0.134,8,reviewed,ci,ci
2019-07-06T09:31:19.000Z,35.9563333,-117.6798333,2.25,3.32,ml,11,105,0.06666,0.08,ci,ci37264292,2020-03-11T17:53:03.612Z,"20km E of Little Lake, CA",earthquake,0.17,0.23,0.123,4,reviewed,ci,ci
2019-07-06T09:31:32.070Z,35.897,-117.7225,5.59,3.08,ml,10,60,0.09473,0.15,ci,ci37264300,2020-03-11T18:05:09.545Z,"17km ESE of Little Lake, CA",earthquake,0.34,1.68,0.023,1,reviewed,ci,ci
2019-07-06T09:33:25.010Z,35.875,-117.7206667,8.05,3.2,ml,37,33,0.07541,0.09,ci,ci38460991,2019-12-18T18:50:37.800Z,"18km ESE of Little Lake, CA",earthquake,0.11,0.31,0.16,22,reviewed,ci,ci
2019-07-06T09:33:59.740Z,35.8953333,-117.7235,4.91,3.6,mlr,37,37,0.09289,0.18,ci,ci38460999,2019-12-10T22:53:45.513Z,"17km ESE of Little Lake, CA",earthquake,0.17,0.55,0.219,30,reviewed,ci,ci
2019-07-06T09:34:27.830Z,35.8871667,-117.7133333,7.69,3.51,mlr,20,52,0.07927,0.1,ci,ci38461007,2019-12-10T23:00:15.805Z,"18km ESE of Little Lake, CA",earthquake,0.16,0.43,0.177,13,reviewed,ci,ci
2019-07-06T09:36:39.360Z,35.8736667,-117.7036667,7.87,3.15,ml,45,37,0.08182,0.12,ci,ci38461023,2020-01-07T21:26:34.340Z,"20km ESE of Little Lake, CA",earthquake,0.11,0.33,0.144,90,reviewed,ci,ci
2019-07-06T09:46:39.930Z,35.8015,-117.6278333,2.81,3.39,ml,49,52,0.02845,0.14,ci,ci38461127,2019-12-18T19:05:49.720Z,"20km NNE of Ridgecrest, CA",earthquake,0.11,0.24,0.155,45,reviewed,ci,ci
2019-07-06T09:48:29.810Z,35.8805,-117.713,4.24,3.39,ml,57,36,0.08325,0.12,ci,ci38461151,2019-12-18T19:25:59.110Z,"18km ESE of Little Lake, CA",earthquake,0.09,0.23,0.164,39,reviewed,ci,ci
2019-07-06T09:49:33.290Z,35.894,-117.7208333,7.52,3.22,ml,46,37,0.09246,0.13,ci,ci38461159,2019-12-18T19:42:09.860Z,"17km ESE of Little Lake, CA",earthquake,0.12,0.35,0.138,31,reviewed,ci,ci
2019-07-06T09:50:43.220Z,35.7106667,-117.578,8.88,3.06,ml,36,56,0.106,0.15,ci,ci38461183,2020-01-21T19:38:32.570Z,"13km NE of Ridgecrest, CA",earthquake,0.17,0.51,0.096,24,reviewed,ci,ci
2019-07-06T09:57:34.960Z,35.9531667,-117.7016667,5.38,3.08,ml,39,42,0.08297,0.11,ci,ci38461295,2022-03-05T00:13:37.730Z,"18km E of Little Lake, CA",earthquake,0.11,0.37,0.178,25,reviewed,ci,ci
2019-07-06T09:57:51.490Z,35.8713333,-117.6843333,4.82,3.07,ml,20,66,0.08974,0.08,ci,ci37400764,2022-03-05T00:15:35.114Z,"21km ESE of Little Lake, CA",earthquake,0.12,0.33,0.144,84,reviewed,ci,ci
2019-07-06T09:59:26.600Z,35.883,-117.7105,7.28,3.75,mw,57,38,0.08643,0.15,ci,ci38461311,2019-12-11T19:04:55.067Z,"19km ESE of Little Lake, CA",earthquake,0.11,0.34,,6,reviewed,ci,ci
2019-07-06T09:59:56.230Z,35.9526667,-117.7006667,5.12,3.21,ml,13,47,0.04108,0.08,ci,ci37400772,2022-03-05T00:51:52.217Z,"19km E of Little Lake, CA",earthquake,0.19,0.47,0.109,6,reviewed,ci,ci
2019-07-06T10:00:00.350Z,35.7871667,-117.6373333,8.88,3.48,ml,37,52,0.04314,0.14,ci,ci37264308,2020-03-11T18:41:22.550Z,"19km N of Ridgecrest, CA",earthquake,0.14,0.35,0.143,25,reviewed,ci,ci
2019-07-06T10:02:24.360Z,35.6905,-117.5305,8.41,3.04,ml,20,61,0.1177,0.09,ci,ci38461327,2019-12-05T17:05:45.820Z,"14km SW of Searles Valley, CA",earthquake,0.13,0.45,0.208,12,reviewed,ci,ci
2019-07-06T10:02:37.020Z,35.727,-117.5918333,10.79,3.18,ml,39,56,0.08867,0.15,ci,ci38461335,2020-01-07T21:36:38.160Z,"14km NNE of Ridgecrest, CA",earthquake,0.17,0.34,0.14,43,reviewed,ci,ci
2019-07-06T10:03:22.380Z,35.6503333,-117.4563333,4.23,2.96,ml,29,67,0.06387,0.14,ci,ci38461351,2020-01-27T20:30:18.450Z,"14km SSW of Searles Valley, CA",earthquake,0.17,0.36,0.172,24,reviewed,ci,ci
2019-07-06T10:05:20.150Z,35.6763333,-117.5388333,4.83,3,ml,24,60,0.1092,0.12,ci,ci38461383,2020-01-21T19:57:45.265Z,"14km ENE of Ridgecrest, CA",earthquake,0.17,0.51,0.235,12,reviewed,ci,ci
2019-07-06T10:05:32.610Z,35.9036667,-117.7263333,3.94,3.41,ml,40,37,0.07582,0.14,ci,ci38461391,2019-12-18T20:12:59.564Z,"17km ESE of Little Lake, CA",earthquake,0.12,0.32,0.07,31,reviewed,ci,ci
2019-07-06T10:08:02.530Z,35.8638333,-117.6866667,9.8,3.26,ml,29,42,0.08415,0.11,ci,ci38461423,2020-01-07T21:47:48.580Z,"21km ESE of Little Lake, CA",earthquake,0.14,0.29,0.17,94,reviewed,ci,ci
2019-07-06T10:08:26.830Z,35.7856667,-117.6133333,10.33,3.04,ml,35,58,0.03265,0.11,ci,ci38461431,2020-01-21T20:10:43.356Z,"19km W of Searles Valley, CA",earthquake,0.15,0.31,0.19,24,reviewed,ci,ci
2019-07-06T10:09:18.110Z,35.5755,-117.5176667,10.36,3.52,ml,52,35,0.04653,0.16,ci,ci38461447,2019-12-11T20:19:41.481Z,"15km ESE of Ridgecrest, CA",earthquake,0.13,0.29,0.198,40,reviewed,ci,ci
2019-07-06T10:25:07.050Z,35.8905,-117.6933333,3.48,3.3,ml,37,44,0.06706,0.14,ci,ci38461599,2020-01-07T22:00:58.010Z,"20km ESE of Little Lake, CA",earthquake,0.16,0.49,0.162,28,reviewed,ci,ci
2019-07-06T10:25:23.910Z,35.8978333,-117.7268333,5.14,3.12,ml,31,37,0.07967,0.09,ci,ci38461607,2020-01-14T01:39:50.793Z,"17km ESE of Little Lake, CA",earthquake,0.1,0.43,0.121,42,reviewed,ci,ci
2019-07-06T10:27:59.460Z,35.6878333,-117.5496667,10.3,3.16,ml,52,51,0.1237,0.15,ci,ci38461631,2020-01-07T22:16:05.830Z,"14km ENE of Ridgecrest, CA",earthquake,0.12,0.32,0.141,118,reviewed,ci,ci
2019-07-06T10:28:43.030Z,35.9043333,-117.7276667,5.66,3.08,ml,45,37,0.07632,0.12,ci,ci38461639,2020-01-21T20:44:07.060Z,"16km ESE of Little Lake, CA",earthquake,0.1,0.36,0.114,40,reviewed,ci,ci
2019-07-06T10:31:43.930Z,35.6486667,-117.4546667,3.97,3.51,mlr,38,66,0.06233,0.14,ci,ci38461655,2019-11-15T00:04:48.455Z,"14km SSW of Searles Valley, CA",earthquake,0.16,0.44,0.153,64,reviewed,ci,ci
2019-07-06T10:35:18.060Z,35.5603333,-117.3548333,9.04,3.36,ml,31,74,0.03618,0.17,ci,ci38461703,2019-12-17T23:04:10.726Z,"23km S of Trona, CA",earthquake,0.24,0.4,0.169,131,reviewed,ci,ci
2019-07-06T10:37:09.160Z,35.8826667,-117.6966667,4.43,3.09,ml,24,46,0.07516,0.1,ci,ci38461727,2020-01-14T18:41:49.570Z,"20km ESE of Little Lake, CA",earthquake,0.13,0.31,0.183,12,reviewed,ci,ci
2019-07-06T10:37:27.560Z,35.5745,-117.3528333,2.85,3.82,mw,36,35,0.05035,0.16,ci,ci38461735,2019-12-11T20:31:15.227Z,"21km S of Trona, CA",earthquake,0.17,0.24,,4,reviewed,ci,ci
2019-07-06T10:38:31.260Z,35.913,-117.7331667,6.34,2.98,ml,35,35,0.07568,0.1,ci,ci38461743,2020-01-27T20:42:26.720Z,"16km E of Little Lake, CA",earthquake,0.11,0.28,0.096,18,reviewed,ci,ci
2019-07-06T10:40:24.700Z,35.6713333,-117.5503333,1.68,3.45,ml,61,52,0.111,0.13,ci,ci38461775,2019-12-18T20:33:29.420Z,"13km ENE of Ridgecrest, CA",earthquake,0.1,0.21,0.187,34,reviewed,ci,ci
2019-07-06T10:41:26.280Z,35.8855,-117.6971667,7.96,3.07,ml,29,86,0.07294,0.12,ci,ci38461783,2020-01-14T18:55:00.210Z,"20km ESE of Little Lake, CA",earthquake,0.18,0.35,0.139,33,reviewed,ci,ci
2019-07-06T10:41:32.400Z,35.9888333,-117.7115,6.11,3.09,ml,17,110,0.06424,0.21,ci,ci37489469,2022-03-04T19:18:53.020Z,"18km ENE of Little Lake, CA",earthquake,0.39,0.48,0.146,2,reviewed,ci,ci
2019-07-06T10:43:30.560Z,35.898,-117.7286667,4.19,2.96,ml,37,37,0.08073,0.14,ci,ci38461807,2020-01-27T21:02:39.010Z,"17km ESE of Little Lake, CA",earthquake,0.13,0.33,0.125,85,reviewed,ci,ci
2019-07-06T10:48:24.460Z,35.5785,-117.372,5.6,4.04,mw,58,27,0.05378,0.14,ci,ci38461879,2021-01-26T21:48:24.725Z,"21km S of Trona, CA",earthquake,0.14,0.36,,6,reviewed,ci,ci
2019-07-06T10:48:35.460Z,35.8883333,-117.7326667,6.08,3.24,ml,7,133,0.0838,0.09,ci,ci37264316,2020-03-11T19:36:00.177Z,"17km ESE of Little Lake, CA",earthquake,0.32,1.24,0.079,3,reviewed,ci,ci
2019-07-06T10:49:48.630Z,35.9235,-117.7071667,2.85,3.28,ml,35,45,0.05212,0.11,ci,ci38461887,2019-12-18T20:45:35.470Z,"18km E of Little Lake, CA",earthquake,0.11,0.42,0.178,30,reviewed,ci,ci
2019-07-06T10:50:46.520Z,35.8651667,-117.7091667,8.61,3.47,ml,47,33,0.07239,0.13,ci,ci38461903,2019-12-11T20:41:23.575Z,"20km ESE of Little Lake, CA",earthquake,0.13,0.35,0.186,32,reviewed,ci,ci
2019-07-06T10:59:24.310Z,35.8196667,-117.629,9.81,3.19,ml,33,45,0.02589,0.16,ci,ci38461991,2020-01-14T19:06:05.205Z,"21km WNW of Searles Valley, CA",earthquake,0.18,0.35,0.126,83,reviewed,ci,ci
2019-07-06T11:06:43.350Z,35.7948333,-117.621,4.82,3.84,mw,62,42,0.02828,0.15,ci,ci38462063,2019-12-11T20:58:04.777Z,"20km W of Searles Valley, CA",earthquake,0.1,0.25,,6,reviewed,ci,ci
2019-07-06T11:11:42.210Z,35.907,-117.7326667,4.39,3,ml,44,36,0.07827,0.12,ci,ci38462111,2020-01-21T20:54:20.446Z,"16km ESE of Little Lake, CA",earthquake,0.11,0.26,0.165,77,reviewed,ci,ci
2019-07-06T11:15:20.710Z,35.646,-117.4656667,-0.13,3.68,mw,37,66,0.05944,0.16,ci,ci38462175,2019-12-11T21:10:06.991Z,"15km SSW of Searles Valley, CA",earthquake,0.16,0.29,,4,reviewed,ci,ci
2019-07-06T11:18:03.660Z,35.6761667,-117.5331667,8.03,2.95,ml,44,44,0.1065,0.14,ci,ci38462207,2020-01-27T21:24:31.195Z,"14km ENE of Ridgecrest, CA",earthquake,0.14,0.51,0.123,98,reviewed,ci,ci
2019-07-06T11:31:09.930Z,35.9271667,-117.7018333,2.4,3.17,ml,45,35,0.0466,0.14,ci,ci38462351,2020-01-14T19:21:12.730Z,"18km E of Little Lake, CA",earthquake,0.1,0.19,0.134,31,reviewed,ci,ci
2019-07-06T11:45:11.440Z,35.8353333,-117.6676667,4.77,3.41,ml,52,37,0.06027,0.15,ci,ci38462559,2019-12-18T21:10:51.320Z,"24km N of Ridgecrest, CA",earthquake,0.13,0.31,0.13,58,reviewed,ci,ci
2019-07-06T11:51:08.210Z,35.57,-117.3425,2.55,3.07,ml,26,77,0.04841,0.21,ci,ci37264324,2020-03-11T20:36:57.889Z,"22km S of Trona, CA",earthquake,0.23,0.32,0.159,14,reviewed,ci,ci
2019-07-06T11:53:08.090Z,35.8953333,-117.7336667,2.1,4.12,mw,53,35,0.08557,0.14,ci,ci38462679,2019-09-26T14:30:41.040Z,"16km ESE of Little Lake, CA",earthquake,0.11,0.19,,6,reviewed,ci,ci
2019-07-06T11:54:54.030Z,35.8968333,-117.7368333,2.14,3.21,ml,47,35,0.08401,0.14,ci,ci38462687,2020-01-07T23:33:40.460Z,"16km ESE of Little Lake, CA",earthquake,0.1,0.19,0.129,30,reviewed,ci,ci
2019-07-06T12:05:00.770Z,35.824,-117.6605,6.32,3.57,mlr,38,27,0.05185,0.14,ci,ci38462839,2020-01-07T01:36:44.810Z,"23km N of Ridgecrest, CA",earthquake,0.14,0.35,0.148,66,reviewed,ci,ci
2019-07-06T12:05:21.290Z,35.789,-117.6286667,8.33,3.34,ml,32,52,0.03679,0.17,ci,ci38462847,2020-01-07T23:53:14.144Z,"19km NNE of Ridgecrest, CA",earthquake,0.21,0.45,0.161,23,reviewed,ci,ci
2019-07-06T12:12:35.820Z,35.7776667,-117.5968333,8,3.03,ml,22,65,0.038,0.14,ci,ci38462927,2020-01-21T20:59:57.968Z,"17km W of Searles Valley, CA",earthquake,0.2,0.56,0.179,60,reviewed,ci,ci
2019-07-06T12:20:59.050Z,35.7578333,-117.5798333,8.32,3.49,mlr,52,43,0.05954,0.13,ci,ci38463007,2019-12-11T21:32:02.044Z,"16km W of Searles Valley, CA",earthquake,0.11,0.33,0.123,34,reviewed,ci,ci
2019-07-06T12:29:19.810Z,35.8155,-117.5918333,9.3,3.4,ml,53,43,0.00462,0.18,ci,ci38463087,2019-12-12T16:59:36.415Z,"18km WNW of Searles Valley, CA",earthquake,0.15,0.31,0.121,33,reviewed,ci,ci
2019-07-06T12:36:30.300Z,35.6201667,-117.4366667,8.56,3.04,ml,49,29,0.03952,0.13,ci,ci38463159,2020-01-27T22:16:08.820Z,"17km S of Searles Valley, CA",earthquake,0.11,0.29,0.152,111,reviewed,ci,ci
2019-07-06T12:40:45.760Z,35.903,-117.6565,9.64,3.24,ml,26,81,0.04508,0.08,ci,ci38463223,2020-01-08T18:29:59.040Z,"23km E of Little Lake, CA",earthquake,0.12,0.24,0.1,23,reviewed,ci,ci
2019-07-06T12:40:48.320Z,35.9401667,-117.3088333,11.01,3.24,ml,6,191,0.0533,0.04,ci,ci37264348,2020-03-11T21:06:52.346Z,"21km NNE of Trona, CA",earthquake,0.39,1.05,0.086,3,reviewed,ci,ci
2019-07-06T12:48:42.880Z,35.857,-117.6718333,8.53,3.09,ml,49,37,0.07309,0.13,ci,ci38463359,2020-01-21T21:14:26.140Z,"23km ESE of Little Lake, CA",earthquake,0.12,0.3,0.135,24,reviewed,ci,ci
2019-07-06T12:49:39.110Z,35.6048333,-117.4011667,7.12,3.12,ml,39,79,0.053,0.12,ci,ci38463375,2020-01-08T18:49:39.670Z,"18km S of Trona, CA",earthquake,0.14,0.3,0.168,19,reviewed,ci,ci
2019-07-06T12:55:24.800Z,35.9005,-117.7303333,4.38,3.07,ml,58,37,0.0803,0.14,ci,ci38463439,2020-01-08T20:04:22.010Z,"16km ESE of Little Lake, CA",earthquake,0.09,0.23,0.173,89,reviewed,ci,ci
2019-07-06T13:00:44.170Z,35.8768333,-117.7053333,5.07,2.97,ml,49,37,0.08356,0.12,ci,ci38463495,2020-01-27T22:33:19.660Z,"19km ESE of Little Lake, CA",earthquake,0.11,0.5,0.162,21,reviewed,ci,ci
2019-07-06T13:06:55.260Z,35.9283333,-117.705,2.37,4.5,mw,64,34,0.04844,0.16,ci,ci38463551,2019-09-26T14:30:42.040Z,"18km E of Little Lake, CA",earthquake,0.12,0.21,,6,reviewed,ci,ci
2019-07-06T13:07:13.840Z,35.921,-117.7083333,4.91,3.3,ml,7,149,0.05415,0.05,ci,ci37264364,2020-03-11T22:02:30.122Z,"18km E of Little Lake, CA",earthquake,0.37,0.77,0.048,4,reviewed,ci,ci
2019-07-06T13:16:57.730Z,35.6518333,-117.519,10.16,3.07,ml,62,38,0.07995,0.13,ci,ci38463631,2020-01-14T20:24:36.040Z,"15km ENE of Ridgecrest, CA",earthquake,0.1,0.24,0.165,24,reviewed,ci,ci
2019-07-06T13:27:38.660Z,35.709,-117.5555,1.9,2.95,ml,32,58,0.1119,0.14,ci,ci38463727,2020-03-12T17:01:46.440Z,"15km NE of Ridgecrest, CA",earthquake,0.16,0.3,0.158,28,reviewed,ci,ci
2019-07-06T13:32:59.500Z,35.6761667,-117.4873333,1.6,3.65,mw,42,47,0.09178,0.14,ci,ci38463791,2022-08-08T14:35:00.951Z,"13km SW of Searles Valley, CA",earthquake,0.15,0.35,,7,reviewed,ci,ci
2019-07-06T13:34:46.310Z,35.903,-117.6925,2.53,3.17,ml,48,38,0.05636,0.12,ci,ci38463807,2020-01-08T20:32:30.270Z,"20km E of Little Lake, CA",earthquake,0.09,0.15,0.169,76,reviewed,ci,ci
2019-07-06T13:36:26.800Z,35.8641667,-117.6863333,7.86,3.36,ml,59,36,0.08457,0.14,ci,ci38463831,2019-12-18T21:27:07.270Z,"21km ESE of Little Lake, CA",earthquake,0.1,0.28,0.171,38,reviewed,ci,ci
2019-07-06T13:41:42.730Z,35.5895,-117.4235,6.78,3.17,ml,54,41,0.03168,0.12,ci,ci38463903,2020-01-14T20:51:45.720Z,"20km SSW of Trona, CA",earthquake,0.11,0.25,0.211,24,reviewed,ci,ci
2019-07-06T13:43:18.740Z,35.6163333,-117.4755,8.8,3.64,mw,68,30,0.03168,0.14,ci,ci38463911,2019-12-12T17:32:35.450Z,"18km SSW of Searles Valley, CA",earthquake,0.11,0.27,,4,reviewed,ci,ci
2019-07-06T13:43:49.660Z,35.919,-117.7171667,0.52,3.37,ml,12,227,0.08703,0.08,ci,ci37264444,2020-03-12T19:18:14.325Z,"17km E of Little Lake, CA",earthquake,0.45,0.21,0.111,6,reviewed,ci,ci
2019-07-06T13:55:51.090Z,35.868,-117.705,7.89,3.54,mw,55,32,0.07672,0.14,ci,ci38464047,2019-12-12T17:48:12.657Z,"20km ESE of Little Lake, CA",earthquake,0.11,0.28,,6,reviewed,ci,ci
2019-07-06T14:30:07.580Z,35.8175,-117.6338333,9.3,3.16,ml,51,34,0.02957,0.16,ci,ci38464383,2020-01-21T21:38:38.360Z,"22km WNW of Searles Valley, CA",earthquake,0.14,0.29,0.178,126,reviewed,ci,ci
2019-07-06T14:33:30.510Z,35.6333333,-117.427,2.85,3.14,ml,26,98,0.05483,0.17,ci,ci38464447,2020-01-14T21:02:52.840Z,"15km S of Searles Valley, CA",earthquake,0.23,0.37,0.137,163,reviewed,ci,ci
2019-07-06T15:07:05.970Z,35.6691667,-117.5175,7.69,3.28,ml,67,30,0.09399,0.15,ci,ci38464775,2022-06-18T16:53:00.526Z,"15km SW of Searles Valley, CA",earthquake,0.11,0.43,0.144,49,reviewed,ci,ci
2019-07-06T15:08:22.000Z,35.6666667,-117.4661667,10.76,2.98,ml,36,56,0.08006,0.19,ci,ci38464791,2020-01-21T22:03:52.240Z,"12km SSW of Searles Valley, CA",earthquake,0.19,0.44,0.179,39,reviewed,ci,ci
2019-07-06T15:09:15.230Z,35.8831667,-117.7236667,4.31,3.28,ml,49,35,0.08163,0.12,ci,ci38464799,2019-12-18T23:14:49.400Z,"18km ESE of Little Lake, CA",earthquake,0.1,0.25,0.154,35,reviewed,ci,ci
2019-07-06T15:10:49.810Z,35.5545,-117.396,4.59,3.19,ml,25,64,0.03909,0.17,ci,ci37483669,2021-10-28T18:09:56.727Z,"23km S of Trona, CA",earthquake,0.23,0.32,0.209,6,reviewed,ci,ci
2019-07-06T15:12:01.450Z,35.652,-117.5626667,4.38,3.08,ml,51,43,0.1047,0.14,ci,ci38464839,2020-01-21T22:19:02.260Z,"11km ENE of Ridgecrest, CA",earthquake,0.11,0.36,0.139,143,reviewed,ci,ci
2019-07-06T15:22:26.670Z,35.9043333,-117.737,2.77,3.38,ml,52,36,0.07944,0.13,ci,ci38464927,2022-06-19T00:30:39.985Z,"16km ESE of Little Lake, CA",earthquake,0.09,0.2,0.171,37,reviewed,ci,ci
2019-07-06T15:23:28.500Z,35.8475,-117.667,9,3.26,ml,52,33,0.06475,0.16,ci,ci38464943,2020-01-14T21:15:03.080Z,"24km ESE of Little Lake, CA",earthquake,0.13,0.29,0.156,35,reviewed,ci,ci
2019-07-06T15:30:49.900Z,35.6941667,-117.5551667,10.08,3.31,ml,59,36,0.1261,0.14,ci,ci38465063,2019-12-18T23:57:10.620Z,"14km NE of Ridgecrest, CA",earthquake,0.12,0.31,0.165,51,reviewed,ci,ci
2019-07-06T15:32:43.690Z,35.8791667,-117.7043333,2.96,3.18,ml,55,38,0.08138,0.16,ci,ci38465087,2020-01-14T21:51:26.346Z,"19km ESE of Little Lake, CA",earthquake,0.11,0.34,0.138,27,reviewed,ci,ci
2019-07-06T15:45:46.040Z,36.0993333,-117.827,2.51,3.58,mw,50,28,0.02899,0.16,ci,ci38465239,2019-12-12T18:01:46.407Z,"12km ENE of Coso Junction, CA",earthquake,0.13,0.23,,6,reviewed,ci,ci
2019-07-06T15:59:29.290Z,35.877,-117.6976667,2.33,3.55,ml,52,38,0.08049,0.15,ci,ci38465351,2019-12-12T18:13:06.997Z,"20km ESE of Little Lake, CA",earthquake,0.11,0.19,0.178,26,reviewed,ci,ci
2019-07-06T16:01:08.210Z,35.5945,-117.3941667,4.98,3.41,ml,66,26,0.05602,0.13,ci,ci38465367,2019-12-19T18:26:25.580Z,"19km S of Trona, CA",earthquake,0.11,0.23,0.174,40,reviewed,ci,ci
2019-07-06T16:05:46.960Z,35.9533333,-117.2758333,3.84,2.99,ml,28,91,0.06255,0.21,ci,ci37409996,2022-04-05T21:27:31.732Z,"23km NNE of Trona, CA",earthquake,0.27,0.8,0.117,35,reviewed,ci,ci
2019-07-06T16:07:25.570Z,35.6861667,-117.545,2.12,3.49,ml,71,52,0.1202,0.13,ci,ci38465415,2019-12-19T18:56:37.270Z,"14km ENE of Ridgecrest, CA",earthquake,0.1,0.23,0.155,52,reviewed,ci,ci
2019-07-06T16:10:10.260Z,36.078,-117.843,1.67,3.2,ml,45,67,0.04065,0.13,ci,ci38465439,2020-01-14T22:01:30.720Z,"10km ENE of Coso Junction, CA",earthquake,0.12,0.15,0.137,98,reviewed,ci,ci
2019-07-06T16:12:25.170Z,35.6103333,-117.4135,3.3,3.18,ml,61,27,0.04627,0.13,ci,ci38465447,2020-01-14T22:46:46.330Z,"17km S of Trona, CA",earthquake,0.1,0.27,0.138,29,reviewed,ci,ci
2019-07-06T16:31:50.710Z,35.6771667,-117.5325,8.41,3.05,ml,58,37,0.1071,0.14,ci,ci38465647,2022-04-13T20:25:52.000Z,"14km ENE of Ridgecrest, CA",earthquake,0.11,0.37,0.16,137,reviewed,ci,ci
2019-07-06T16:36:05.820Z,35.5705,-117.523,10.05,4.14,mw,58,37,0.05207,0.17,ci,ci38465703,2019-11-19T23:27:35.269Z,"15km ESE of Ridgecrest, CA",earthquake,0.15,0.35,,6,reviewed,ci,ci
2019-07-06T16:38:01.320Z,35.5951667,-117.3768333,5.26,3.37,ml,61,27,0.07011,0.16,ci,ci38465711,2019-12-19T19:39:34.963Z,"19km S of Trona, CA",earthquake,0.14,0.35,0.22,45,reviewed,ci,ci
2019-07-06T16:40:46.160Z,36.1183333,-117.877,5.14,3.07,ml,29,92,0.01794,0.12,ci,ci38465735,2021-10-28T15:52:06.440Z,"10km NE of Coso Junction, CA",earthquake,0.18,0.43,0.261,20,reviewed,ci,ci
2019-07-06T16:42:05.120Z,35.879,-117.7121667,4.55,3.51,ml,49,37,0.08231,0.13,ci,ci38465759,2022-09-24T02:05:08.990Z,"19km ESE of Little Lake, CA",earthquake,0.11,0.26,0.123,124,reviewed,ci,ci
2019-07-06T16:47:21.410Z,35.885,-117.7271667,6.84,2.96,ml,37,45,0.0822,0.15,ci,ci38465815,2020-01-27T23:22:46.920Z,"17km ESE of Little Lake, CA",earthquake,0.16,0.3,0.12,57,reviewed,ci,ci
2019-07-06T17:09:01.450Z,35.9623333,-117.2748333,3.84,3.32,ml,43,31,0.07156,0.14,ci,ci38466023,2022-06-22T08:25:42.593Z,"24km NNE of Trona, CA",earthquake,0.14,0.41,0.139,81,reviewed,ci,ci
2019-07-06T17:14:17.330Z,35.6365,-117.434,2.72,3.07,ml,41,50,0.05493,0.17,ci,ci38466063,2019-09-26T14:30:45.040Z,"15km S of Searles Valley, CA",earthquake,0.17,0.32,0.128,156,reviewed,ci,ci
2019-07-06T17:18:21.440Z,35.569,-117.3585,3.57,3.14,ml,46,32,0.04423,0.14,ci,ci38466103,2022-04-13T14:43:53.050Z,"22km S of Trona, CA",earthquake,0.16,0.34,0.116,111,reviewed,ci,ci
2019-07-06T17:31:22.170Z,35.7808333,-117.6173333,8.58,3,ml,54,42,0.03838,0.12,ci,ci38466247,2020-01-22T00:14:44.824Z,"19km NNE of Ridgecrest, CA",earthquake,0.11,0.27,0.138,121,reviewed,ci,ci
2019-07-06T17:41:33.190Z,35.8716667,-117.7168333,7.74,3.98,mw,62,31,0.07409,0.14,ci,ci38466343,2019-09-26T14:30:45.040Z,"19km ESE of Little Lake, CA",earthquake,0.1,0.27,,6,reviewed,ci,ci
2019-07-06T17:59:14.790Z,35.9021667,-117.7295,4.27,3.96,mw,59,37,0.07878,0.11,ci,ci38466495,2021-04-22T17:49:51.671Z,"16km ESE of Little Lake, CA",earthquake,0.08,0.22,,6,reviewed,ci,ci
2019-07-06T18:13:16.110Z,35.9175,-117.7118333,2.57,3.33,ml,41,37,0.05838,0.11,ci,ci38466583,2020-01-08T21:25:04.810Z,"18km E of Little Lake, CA",earthquake,0.09,0.17,0.127,174,reviewed,ci,ci
2019-07-06T18:19:39.620Z,35.448,-117.3256667,4.54,3.55,ml,45,44,0.06926,0.14,ci,ci38466623,2019-12-10T23:10:49.670Z,"29km ENE of Johannesburg, CA",earthquake,0.15,0.39,0.134,230,reviewed,ci,ci
2019-07-06T18:23:08.690Z,35.5983333,-117.3966667,3.68,3.11,ml,38,29,0.0547,0.13,ci,ci38466655,2020-01-14T23:03:16.058Z,"18km S of Trona, CA",earthquake,0.12,0.27,0.086,24,reviewed,ci,ci
2019-07-06T18:30:39.760Z,35.7196667,-117.5611667,8.82,3.32,ml,62,44,0.1003,0.14,ci,ci38466711,2022-07-26T21:40:43.920Z,"15km NE of Ridgecrest, CA",earthquake,0.11,0.32,0.106,50,reviewed,ci,ci
2019-07-06T18:36:49.990Z,35.907,-117.7383333,2.87,3.72,mw,58,36,0.07706,0.14,ci,ci38466775,2019-12-12T19:59:52.415Z,"16km ESE of Little Lake, CA",earthquake,0.09,0.48,,6,reviewed,ci,ci
2019-07-06T18:46:26.040Z,35.6541667,-117.4648333,1.9,3.87,mw,47,64,0.06755,0.13,ci,ci38466847,2019-12-12T20:12:49.337Z,"14km SSW of Searles Valley, CA",earthquake,0.13,0.3,,6,reviewed,ci,ci
2019-07-06T18:47:47.400Z,35.7176667,-117.5656667,7.12,3.37,ml,42,57,0.1012,0.14,ci,ci38466855,2020-01-14T23:35:05.230Z,"15km NE of Ridgecrest, CA",earthquake,0.15,0.46,0.181,33,reviewed,ci,ci
2019-07-06T18:56:39.130Z,35.6325,-117.5751667,10.76,3.33,ml,57,41,0.1029,0.13,ci,ci38466959,2020-01-08T22:26:52.250Z,"9km E of Ridgecrest, CA",earthquake,0.1,0.25,0.195,105,reviewed,ci,ci
2019-07-06T18:58:59.240Z,35.8983333,-117.6726667,4.28,3.1,ml,43,38,0.05267,0.1,ci,ci38466983,2020-01-22T00:24:49.379Z,"22km ESE of Little Lake, CA",earthquake,0.1,0.22,0.164,129,reviewed,ci,ci
2019-07-06T18:59:41.540Z,35.5673333,-117.4043333,7.88,3.08,ml,47,34,0.0509,0.13,ci,ci38466991,2020-01-22T00:45:55.060Z,"22km S of Trona, CA",earthquake,0.13,0.26,0.127,131,reviewed,ci,ci
2019-07-06T19:37:33.160Z,35.9021667,-117.6785,3.04,3.07,ml,39,38,0.05103,0.13,ci,ci38467303,2020-01-22T01:13:04.230Z,"21km E of Little Lake, CA",earthquake,0.11,0.43,0.133,55,reviewed,ci,ci
2019-07-06T19:37:59.670Z,35.6625,-117.505,2.51,2.97,ml,34,63,0.08347,0.14,ci,ci38467311,2020-01-27T23:31:59.708Z,"15km SW of Searles Valley, CA",earthquake,0.15,0.32,0.149,48,reviewed,ci,ci
2019-07-06T19:46:23.750Z,35.8921667,-117.7261667,3.51,3.3,ml,55,36,0.08293,0.17,ci,ci38467359,2019-12-19T21:04:28.620Z,"17km ESE of Little Lake, CA",earthquake,0.12,0.37,0.18,42,reviewed,ci,ci
2019-07-06T19:49:04.530Z,35.8618333,-117.6858333,7.91,3.45,mlr,55,35,0.08338,0.16,ci,ci38467391,2019-12-19T21:21:39.210Z,"22km ESE of Little Lake, CA",earthquake,0.12,0.31,0.151,48,reviewed,ci,ci
2019-07-06T19:54:29.800Z,35.8978333,-117.7258333,6.1,3.23,ml,47,38,0.07904,0.11,ci,ci38467423,2019-12-19T21:41:49.800Z,"17km ESE of Little Lake, CA",earthquake,0.09,0.27,0.196,38,reviewed,ci,ci
2019-07-06T20:22:34.030Z,35.8121667,-117.6338333,8.52,3.07,ml,48,41,0.02974,0.13,ci,ci38467671,2020-01-22T01:25:09.950Z,"21km WNW of Searles Valley, CA",earthquake,0.12,0.26,0.19,132,reviewed,ci,ci
2019-07-06T20:41:30.750Z,35.692,-117.5133333,2.71,3.51,ml,64,38,0.1132,0.14,ci,ci38467815,2019-12-19T22:08:43.333Z,"13km SW of Searles Valley, CA",earthquake,0.11,0.3,0.146,47,reviewed,ci,ci
2019-07-06T21:05:24.590Z,35.7206667,-117.6026667,10.82,3.51,ml,51,42,0.09496,0.15,ci,ci38468007,2019-12-12T20:30:20.850Z,"13km NNE of Ridgecrest, CA",earthquake,0.13,0.27,0.124,44,reviewed,ci,ci
2019-07-06T21:07:44.780Z,35.961,-117.2755,2.8,3.19,ml,27,65,0.07019,0.17,ci,ci38468023,2022-09-24T02:07:35.777Z,"24km NNE of Trona, CA",earthquake,0.2,0.35,0.119,31,reviewed,ci,ci
2019-07-06T21:14:59.790Z,35.8981667,-117.6731667,2.68,3.17,ml,44,38,0.05296,0.13,ci,ci38468063,2022-05-12T22:43:57.900Z,"22km ESE of Little Lake, CA",earthquake,0.11,0.21,0.137,33,reviewed,ci,ci
2019-07-06T21:28:41.920Z,35.8951667,-117.6803333,2.4,3.02,ml,50,39,0.07557,0.13,ci,ci38468151,2020-01-22T18:20:06.750Z,"21km ESE of Little Lake, CA",earthquake,0.1,0.17,0.144,102,reviewed,ci,ci
2019-07-06T21:41:25.350Z,35.696,-117.4863333,10.59,3.24,ml,42,54,0.111,0.22,ci,ci38468247,2022-06-19T00:31:07.065Z,"11km SW of Searles Valley, CA",earthquake,0.21,0.47,0.259,87,reviewed,ci,ci
2019-07-06T22:04:09.580Z,35.6295,-117.4601667,2.47,3.03,ml,54,59,0.04294,0.15,ci,ci38468407,2022-06-09T22:10:07.040Z,"16km SSW of Searles Valley, CA",earthquake,0.14,0.26,0.15,87,reviewed,ci,ci
2019-07-06T22:51:35.910Z,35.6346667,-117.4561667,6.33,3.16,ml,48,43,0.04831,0.13,ci,ci38468767,2022-06-19T00:31:31.284Z,"16km SSW of Searles Valley, CA",earthquake,0.13,0.3,0.132,167,reviewed,ci,ci
2019-07-06T23:21:34.140Z,35.7003333,-117.5083333,9.09,3.71,mw,55,37,0.1196,0.14,ci,ci38469079,2022-06-22T21:38:49.480Z,"12km SW of Searles Valley, CA",earthquake,0.12,0.34,,6,reviewed,ci,ci
2019-07-06T23:26:22.290Z,35.7775,-117.5915,3.86,3.29,ml,50,54,0.03847,0.13,ci,ci38469119,2022-09-24T02:08:51.502Z,"17km W of Searles Valley, CA",earthquake,0.11,0.3,0.133,104,reviewed,ci,ci
2019-07-06T23:34:09.820Z,35.8738333,-117.6656667,6.42,3.45,ml,55,40,0.08017,0.14,ci,ci38469215,2022-06-19T00:31:56.817Z,"23km ESE of Little Lake, CA",earthquake,0.1,0.28,0.18,40,reviewed,ci,ci
2019-07-06T23:38:32.860Z,36.0283333,-117.8473333,2.71,3.31,ml,21,52,0.04051,0.08,ci,ci38469271,2019-12-05T17:23:59.120Z,"9km ESE of Coso Junction, CA",earthquake,0.13,0.36,0.209,27,reviewed,ci,ci
2019-07-06T23:50:41.990Z,35.8235,-117.663,6.51,4.5,mw,69,28,0.05379,0.14,ci,ci38469375,2019-09-26T14:30:48.040Z,"23km N of Ridgecrest, CA",earthquake,0.11,0.3,,6,reviewed,ci,ci
2019-07-06T23:56:34.560Z,35.8223333,-117.661,6.32,3.48,mlr,55,29,0.05202,0.14,ci,ci38469415,2022-06-16T17:44:34.310Z,"22km N of Ridgecrest, CA",earthquake,0.11,0.29,0.168,35,reviewed,ci,ci
2019-07-07T00:08:56.710Z,35.6823333,-117.526,8.94,2.96,ml,48,53,0.1088,0.13,ci,ci38469511,2020-01-28T00:08:13.110Z,"14km SW of Searles Valley, CA",earthquake,0.12,0.35,0.124,110,reviewed,ci,ci
2019-07-07T00:41:52.120Z,35.8283333,-117.6686667,5.01,3.47,mw,61,24,0.05918,0.14,ci,ci38469775,2019-12-20T00:37:07.388Z,"23km N of Ridgecrest, CA",earthquake,0.09,0.23,,4,reviewed,ci,ci
2019-07-07T00:53:51.210Z,35.6505,-117.4513333,10.76,3.08,ml,58,24,0.06447,0.14,ci,ci38469903,2020-01-22T19:16:32.560Z,"14km SSW of Searles Valley, CA",earthquake,0.11,0.2,0.172,145,reviewed,ci,ci
2019-07-07T01:05:07.130Z,35.6695,-117.516,5.05,3.55,ml,67,23,0.0937,0.13,ci,ci38469967,2019-12-20T00:57:33.669Z,"15km SW of Searles Valley, CA",earthquake,0.09,0.35,0.15,64,reviewed,ci,ci
2019-07-07T01:23:55.590Z,35.9128333,-117.7343333,2.92,3.27,ml,53,35,0.07686,0.13,ci,ci38470119,2020-01-08T23:20:14.200Z,"16km E of Little Lake, CA",earthquake,0.09,0.36,0.155,169,reviewed,ci,ci
2019-07-07T01:30:52.470Z,35.689,-117.536,6.88,3.29,ml,57,36,0.1186,0.13,ci,ci38470159,2020-01-08T23:45:26.880Z,"15km ENE of Ridgecrest, CA",earthquake,0.11,0.37,0.149,37,reviewed,ci,ci
2019-07-07T02:06:04.700Z,35.7601667,-117.5621667,10.75,3.6,mw,45,57,0.06246,0.21,ci,ci38470415,2019-12-12T21:12:26.498Z,"14km W of Searles Valley, CA",earthquake,0.19,0.4,,4,reviewed,ci,ci
2019-07-07T02:10:48.820Z,35.5993333,-117.4043333,7.31,3.48,ml,58,26,0.04887,0.14,ci,ci38470439,2020-01-09T01:30:59.660Z,"18km S of Trona, CA",earthquake,0.12,0.29,0.183,132,reviewed,ci,ci
2019-07-07T02:17:01.710Z,35.6035,-117.4668333,2.83,3.64,mw,63,40,0.01738,0.14,ci,ci38470471,2019-12-12T21:29:01.927Z,"19km E of Ridgecrest, CA",earthquake,0.12,0.27,,7,reviewed,ci,ci
2019-07-07T02:59:17.550Z,35.8056667,-117.6345,6.09,3.37,ml,60,42,0.0317,0.16,ci,ci38470887,2019-12-20T01:16:18.120Z,"21km N of Ridgecrest, CA",earthquake,0.12,0.32,0.151,45,reviewed,ci,ci
2019-07-07T03:13:12.460Z,35.749,-117.5956667,10.05,3.62,mw,62,43,0.06661,0.15,ci,ci38470999,2019-12-12T21:49:16.188Z,"16km NNE of Ridgecrest, CA",earthquake,0.11,0.27,,6,reviewed,ci,ci
2019-07-07T03:23:26.660Z,35.8723333,-117.7165,7.66,3.3,ml,56,32,0.0748,0.12,ci,ci38471103,2019-12-20T01:35:24.330Z,"19km ESE of Little Lake, CA",earthquake,0.08,0.25,0.141,47,reviewed,ci,ci
2019-07-07T03:50:55.980Z,35.8488333,-117.6975,7.34,3.12,ml,40,41,0.06792,0.16,ci,ci37264612,2022-11-17T22:57:46.537Z,"21km ESE of Little Lake, CA",earthquake,0.16,0.44,0.167,121,reviewed,ci,ci
2019-07-07T04:26:57.560Z,35.5816667,-117.6151667,10.83,3.32,ml,65,22,0.1156,0.14,ci,ci38471687,2020-01-09T19:24:37.340Z,"7km SE of Ridgecrest, CA",earthquake,0.1,0.24,0.157,215,reviewed,ci,ci
2019-07-07T04:56:31.290Z,35.6941667,-117.5271667,7.49,3.05,ml,66,36,0.1198,0.13,ci,ci38471927,2020-01-15T19:06:44.925Z,"14km SW of Searles Valley, CA",earthquake,0.09,0.45,0.126,235,reviewed,ci,ci
2019-07-07T05:38:15.480Z,35.7683333,-117.5781667,10.45,4.53,mw,77,44,0.04985,0.16,ci,ci38472279,2021-11-09T22:57:42.940Z,"16km W of Searles Valley, CA",earthquake,0.12,0.26,,6,reviewed,ci,ci
2019-07-07T06:07:06.460Z,35.6661667,-117.524,9.04,3.5,mlr,69,37,0.0941,0.13,ci,ci38472463,2022-06-16T17:44:49.167Z,"15km ENE of Ridgecrest, CA",earthquake,0.09,0.27,0.16,56,reviewed,ci,ci
2019-07-07T06:57:27.880Z,35.645,-117.4546667,2.98,3.43,ml,64,25,0.05869,0.13,ci,ci38472895,2020-01-09T19:55:19.180Z,"14km SSW of Searles Valley, CA",earthquake,0.11,0.22,0.163,125,reviewed,ci,ci
2019-07-07T07:09:38.840Z,35.6165,-117.4385,3.27,3.6,mlr,68,24,0.03562,0.12,ci,ci38473039,2019-12-12T22:25:55.547Z,"17km S of Searles Valley, CA",earthquake,0.1,0.24,0.157,31,reviewed,ci,ci
2019-07-07T07:13:02.660Z,35.9121667,-117.706,2.53,3.17,ml,52,36,0.08785,0.15,ci,ci38473063,2020-01-15T19:18:37.555Z,"18km E of Little Lake, CA",earthquake,0.1,0.21,0.133,131,reviewed,ci,ci
2019-07-07T07:19:14.380Z,35.7806667,-117.6438333,9.54,3.37,mw,61,41,0.05141,0.14,ci,ci38473119,2022-06-21T05:52:14.320Z,"18km N of Ridgecrest, CA",earthquake,0.1,0.24,,4,reviewed,ci,ci
2019-07-07T07:20:26.120Z,35.6915,-117.5393333,9.6,3.45,ml,61,51,0.1222,0.14,ci,ci38473135,2019-12-20T19:19:29.850Z,"15km ENE of Ridgecrest, CA",earthquake,0.11,0.29,0.127,61,reviewed,ci,ci
2019-07-07T07:31:06.530Z,35.8241667,-117.6436667,9.15,3.11,ml,39,33,0.03844,0.11,ci,ci38473223,2020-01-22T19:26:55.312Z,"22km WNW of Searles Valley, CA",earthquake,0.12,0.25,0.198,142,reviewed,ci,ci
2019-07-07T08:03:25.610Z,36.086,-117.8508333,1.24,3.68,mw,54,51,0.03168,0.15,ci,ci38473511,2019-12-13T00:15:17.550Z,"10km ENE of Coso Junction, CA",earthquake,0.11,0.18,,4,reviewed,ci,ci
2019-07-07T08:38:27.500Z,35.555,-117.3843333,1.03,3.33,ml,30,67,0.03406,0.14,ci,ci38473831,2020-01-15T19:29:39.440Z,"23km S of Trona, CA",earthquake,0.17,0.25,0.123,192,reviewed,ci,ci
2019-07-07T08:39:05.650Z,35.6768333,-117.5455,1.84,2.98,ml,42,59,0.1128,0.12,ci,ci38473839,2020-01-28T17:58:34.510Z,"13km ENE of Ridgecrest, CA",earthquake,0.12,0.24,0.139,35,reviewed,ci,ci
2019-07-07T08:54:18.630Z,35.9188333,-117.722,3.03,3.1,ml,53,35,0.06496,0.12,ci,ci38473967,2020-01-22T19:39:43.500Z,"17km E of Little Lake, CA",earthquake,0.1,0.36,0.168,94,reviewed,ci,ci
2019-07-07T08:56:40.130Z,35.6805,-117.4931667,1.31,3.38,ml,61,23,0.09713,0.13,ci,ci38473983,2020-01-09T20:26:27.190Z,"13km SW of Searles Valley, CA",earthquake,0.11,0.26,0.137,174,reviewed,ci,ci
2019-07-07T09:09:25.030Z,35.6718333,-117.5221667,9.4,3.11,ml,41,38,0.09817,0.12,ci,ci38474119,2020-01-22T20:09:59.784Z,"15km ENE of Ridgecrest, CA",earthquake,0.1,0.29,0.15,110,reviewed,ci,ci
2019-07-07T09:10:01.710Z,35.9311667,-117.7033333,2.57,3.5,mw,39,47,0.08261,0.13,ci,ci38474127,2019-12-13T00:40:12.035Z,"18km E of Little Lake, CA",earthquake,0.11,0.2,,4,reviewed,ci,ci
2019-07-07T09:41:23.000Z,35.7493333,-117.55,11.08,3.45,mw,70,45,0.0767,0.16,ci,ci38474415,2019-12-20T20:11:40.393Z,"13km W of Searles Valley, CA",earthquake,0.1,0.21,,4,reviewed,ci,ci
2019-07-07T09:46:49.800Z,35.671,-117.515,4.29,2.99,ml,63,33,0.09465,0.12,ci,ci38474463,2020-01-28T18:32:51.270Z,"15km SW of Searles Valley, CA",earthquake,0.09,0.31,0.156,125,reviewed,ci,ci
2019-07-07T10:02:27.590Z,35.7193333,-117.4961667,3.74,3.32,ml,38,47,0.1267,0.16,ci,ci38474639,2019-12-17T23:26:41.610Z,"10km WSW of Searles Valley, CA",earthquake,0.17,0.57,0.167,137,reviewed,ci,ci
2019-07-07T10:06:12.980Z,35.9141667,-117.7366667,2.23,3.47,mw,62,35,0.07456,0.14,ci,ci38474687,2019-12-20T21:04:39.020Z,"16km E of Little Lake, CA",earthquake,0.09,0.17,,4,reviewed,ci,ci
2019-07-07T10:21:27.220Z,35.658,-117.4678333,7.64,3.48,mlr,72,24,0.07149,0.13,ci,ci38474855,2019-12-20T21:31:58.090Z,"14km SSW of Searles Valley, CA",earthquake,0.09,0.33,0.143,68,reviewed,ci,ci
2019-07-07T10:32:54.640Z,35.7951667,-117.622,6.59,3.39,ml,58,42,0.0286,0.14,ci,ci38474959,2019-12-20T21:53:05.430Z,"20km W of Searles Valley, CA",earthquake,0.1,0.25,0.181,56,reviewed,ci,ci
2019-07-07T10:37:45.720Z,35.7578333,-117.5943333,3.6,3.24,ml,57,43,0.05784,0.15,ci,ci38475007,2022-06-19T00:32:22.061Z,"17km NNE of Ridgecrest, CA",earthquake,0.11,0.35,0.154,160,reviewed,ci,ci
2019-07-07T11:22:16.240Z,35.8056667,-117.594,10.06,4.16,mw,50,43,0.01045,0.16,ci,ci38475431,2022-10-27T17:48:20.284Z,"18km WNW of Searles Valley, CA",earthquake,0.13,0.28,,6,reviewed,ci,ci
2019-07-07T11:33:50.220Z,35.5668333,-117.3513333,3.15,3.49,mw,64,27,0.04315,0.14,ci,ci38475511,2019-12-20T22:31:07.344Z,"22km S of Trona, CA",earthquake,0.11,0.33,,6,reviewed,ci,ci
2019-07-07T11:41:04.190Z,35.9166667,-117.7108333,1.96,3.2,ml,56,35,0.05813,0.15,ci,ci38475551,2020-01-09T21:25:00.810Z,"18km E of Little Lake, CA",earthquake,0.1,0.17,0.144,130,reviewed,ci,ci
2019-07-07T12:39:48.530Z,35.6448333,-117.4835,3.62,3.44,ml,69,23,0.06074,0.13,ci,ci38475967,2020-01-09T21:45:12.690Z,"15km SSW of Searles Valley, CA",earthquake,0.1,0.29,0.156,216,reviewed,ci,ci
2019-07-07T13:23:52.310Z,35.895,-117.6926667,7,3.19,ml,56,39,0.06297,0.13,ci,ci38476279,2022-06-19T00:32:50.535Z,"20km ESE of Little Lake, CA",earthquake,0.1,0.22,0.152,177,reviewed,ci,ci
2019-07-07T14:21:34.990Z,35.6456667,-117.4211667,4.7,3.33,ml,64,60,0.06785,0.15,ci,ci38476671,2020-01-09T22:52:52.870Z,"14km S of Searles Valley, CA",earthquake,0.12,0.34,0.124,217,reviewed,ci,ci
2019-07-07T14:28:18.780Z,35.6583333,-117.5846667,9.78,3.04,ml,55,36,0.1229,0.14,ci,ci38476711,2022-08-08T14:41:47.386Z,"9km ENE of Ridgecrest, CA",earthquake,0.1,0.29,0.137,111,reviewed,ci,ci
2019-07-07T14:46:40.570Z,35.9136667,-117.7108333,2.37,3.6,mw,56,36,0.05978,0.15,ci,ci38476855,2019-12-13T00:59:58.883Z,"18km E of Little Lake, CA",earthquake,0.1,0.18,,4,reviewed,ci,ci
2019-07-07T15:05:04.970Z,35.5745,-117.4153333,7.71,2.96,ml,41,70,0.04004,0.11,ci,ci38477007,2020-03-16T17:43:37.040Z,"21km S of Trona, CA",earthquake,0.14,0.33,0.17,28,reviewed,ci,ci
2019-07-07T15:48:11.730Z,35.8225,-117.6583333,6.67,3.56,ml,63,29,0.04989,0.12,ci,ci38477303,2019-12-20T23:04:39.141Z,"22km N of Ridgecrest, CA",earthquake,0.09,0.22,0.141,60,reviewed,ci,ci
2019-07-07T15:49:15.080Z,35.87,-117.7021667,4.21,3.15,ml,50,36,0.07972,0.12,ci,ci38477319,2019-12-20T23:22:47.093Z,"20km ESE of Little Lake, CA",earthquake,0.1,0.26,0.149,60,reviewed,ci,ci
2019-07-07T16:08:00.630Z,35.6698333,-117.5256667,4.79,3.05,ml,62,37,0.09792,0.19,ci,ci38477415,2022-06-16T17:45:03.963Z,"15km ENE of Ridgecrest, CA",earthquake,0.13,0.52,0.168,110,reviewed,ci,ci
2019-07-07T16:40:41.590Z,35.8945,-117.6971667,6.79,3.06,ml,27,44,0.06543,0.18,ci,ci37485653,2024-01-30T21:39:07.958Z,"19 km ESE of Little Lake, CA",earthquake,0.25,0.52,0.188,102,reviewed,ci,ci
2019-07-07T18:05:57.760Z,35.9291667,-117.7158333,2.07,3.07,ml,56,33,0.05631,0.14,ci,ci38478335,2021-11-16T22:08:32.060Z,"17km E of Little Lake, CA",earthquake,0.1,0.17,0.144,86,reviewed,ci,ci
2019-07-07T18:19:19.940Z,35.8883333,-117.7325,5.2,3.1,ml,60,34,0.08384,0.14,ci,ci38478423,2021-11-16T22:12:37.790Z,"17km ESE of Little Lake, CA",earthquake,0.09,0.35,0.164,100,reviewed,ci,ci
2019-07-07T18:50:02.290Z,35.5976667,-117.4283333,6.07,3.59,mw,69,26,0.02977,0.14,ci,ci38478703,2021-11-17T21:00:28.080Z,"19km S of Searles Valley, CA",earthquake,0.11,0.24,,4,reviewed,ci,ci
2019-07-07T19:00:51.300Z,35.6546667,-117.4721667,3.2,3.35,ml,67,24,0.0685,0.14,ci,ci38478823,2022-09-24T02:10:56.817Z,"14km SSW of Searles Valley, CA",earthquake,0.1,0.23,0.155,179,reviewed,ci,ci
2019-07-07T19:37:10.170Z,35.656,-117.5243333,10.94,3.14,ml,60,37,0.08586,0.13,ci,ci38479143,2021-11-16T22:21:44.530Z,"14km ENE of Ridgecrest, CA",earthquake,0.1,0.21,0.136,173,reviewed,ci,ci
2019-07-07T19:48:36.830Z,35.9386667,-117.6995,2.38,3.03,ml,41,33,0.04091,0.13,ci,ci38479239,2021-11-16T22:01:11.358Z,"19km E of Little Lake, CA",earthquake,0.11,0.18,0.138,56,reviewed,ci,ci
2019-07-07T20:46:41.090Z,35.8136667,-117.5946667,9.7,3.13,ml,56,43,0.003102,0.16,ci,ci38479783,2021-11-16T22:20:35.604Z,"18km WNW of Searles Valley, CA",earthquake,0.12,0.22,0.15,176,reviewed,ci,ci
2019-07-07T21:02:51.730Z,35.777,-117.6046667,9.13,3.47,ml,60,53,0.007641,0.14,ci,ci38479903,2020-03-16T19:11:43.139Z,"18km W of Searles Valley, CA",earthquake,0.11,0.22,0.161,52,reviewed,ci,ci
2019-07-07T21:15:29.660Z,35.9458333,-117.6898333,2.42,3.79,mw,61,32,0.03208,0.16,ci,ci38479967,2020-02-10T22:24:20.024Z,"20km E of Little Lake, CA",earthquake,0.1,0.18,,4,reviewed,ci,ci
2019-07-07T22:33:21.390Z,35.683,-117.529,1.46,3.52,ml,66,37,0.05258,0.15,ci,ci38480447,2020-02-10T22:27:59.830Z,"15km SW of Searles Valley, CA",earthquake,0.11,0.21,0.142,215,reviewed,ci,ci
2019-07-07T22:52:52.840Z,35.6405,-117.5536667,7.09,3.38,ml,69,37,0.08306,0.12,ci,ci38480559,2020-03-16T19:19:39.630Z,"11km E of Ridgecrest, CA",earthquake,0.09,0.25,0.17,54,reviewed,ci,ci
2019-07-07T23:02:24.490Z,35.5456667,-117.414,4.93,3.13,ml,55,26,0.04533,0.14,ci,ci38480631,2021-11-16T22:19:18.881Z,"24km S of Trona, CA",earthquake,0.13,0.2,0.124,184,reviewed,ci,ci
2019-07-07T23:36:56.940Z,35.8303333,-117.6685,4.97,3.93,mw,66,22,0.0595,0.15,ci,ci38480919,2021-11-17T20:57:25.280Z,"23km N of Ridgecrest, CA",earthquake,0.09,0.22,,4,reviewed,ci,ci
2019-07-07T23:44:57.550Z,35.559,-117.3853333,9.93,3.45,mlr,65,30,0.03798,0.14,ci,ci38480967,2020-03-16T19:25:46.350Z,"23km S of Trona, CA",earthquake,0.12,0.21,0.155,68,reviewed,ci,ci
2019-07-07T23:45:25.550Z,35.6761667,-117.4888333,3.01,3.4,ml,37,63,0.08185,0.16,ci,ci38480975,2021-11-17T20:47:57.521Z,"13km SW of Searles Valley, CA",earthquake,0.17,0.29,0.162,68,reviewed,ci,ci
2019-07-08T00:13:25.810Z,35.83,-117.6643333,5.8,3.12,ml,61,22,0.05614,0.12,ci,ci38481167,2021-11-23T21:23:39.150Z,"23km N of Ridgecrest, CA",earthquake,0.08,0.26,0.129,143,reviewed,ci,ci
2019-07-08T01:36:58.300Z,36.1135,-117.8813333,4.97,3.76,mw,61,53,0.02182,0.16,ci,ci38481735,2021-11-23T22:32:25.810Z,"10km NE of Coso Junction, CA",earthquake,0.14,0.34,,4,reviewed,ci,ci
2019-07-08T01:37:07.910Z,35.9045,-117.6978333,9.08,3.5,ml,25,45,0.05796,0.13,ci,ci37264764,2021-11-23T22:23:26.505Z,"19km E of Little Lake, CA",earthquake,0.2,0.45,0.097,11,reviewed,ci,ci
2019-07-08T03:12:26.590Z,35.6655,-117.5043333,8.31,3.07,ml,66,35,0.06568,0.12,ci,ci38482375,2021-11-23T21:18:20.210Z,"14km SW of Searles Valley, CA",earthquake,0.09,0.24,0.14,162,reviewed,ci,ci
2019-07-08T04:03:07.840Z,35.611,-117.3876667,3.34,3.15,ml,61,25,0.06146,0.14,ci,ci38482775,2021-11-23T21:55:18.310Z,"17km S of Trona, CA",earthquake,0.11,0.18,0.131,128,reviewed,ci,ci
2019-07-08T05:02:10.410Z,35.8738333,-117.72,8.05,3.02,ml,58,22,0.07465,0.14,ci,ci38483215,2021-11-23T21:17:05.940Z,"18km ESE of Little Lake, CA",earthquake,0.1,0.3,0.179,95,reviewed,ci,ci
2019-07-08T05:15:02.730Z,35.677,-117.5441667,4.95,3.22,ml,67,19,0.05061,0.13,ci,ci38483327,2021-11-23T22:14:16.660Z,"13km ENE of Ridgecrest, CA",earthquake,0.08,0.18,0.138,144,reviewed,ci,ci
2019-07-08T05:24:16.810Z,35.9476667,-117.722,2.75,3.3,ml,56,31,0.05811,0.12,ci,ci38483383,2021-11-23T22:17:47.810Z,"17km E of Little Lake, CA",earthquake,0.09,0.2,0.14,125,reviewed,ci,ci
2019-07-08T05:54:05.090Z,35.8751667,-117.7095,8.52,3.49,ml,61,25,0.08026,0.15,ci,ci38483591,2021-11-23T22:21:30.420Z,"19km ESE of Little Lake, CA",earthquake,0.11,0.29,0.171,52,reviewed,ci,ci
2019-07-08T06:18:08.550Z,35.9596667,-117.278,3.35,3.15,ml,59,23,0.06871,0.16,ci,ci38483743,2021-11-23T21:58:30.470Z,"24km NNE of Trona, CA",earthquake,0.12,0.4,0.134,102,reviewed,ci,ci
2019-07-08T06:45:16.580Z,35.73,-117.5671667,7.37,3.1,ml,62,38,0.008506,0.13,ci,ci38483983,2020-03-16T21:54:57.077Z,"15km WSW of Searles Valley, CA",earthquake,0.09,0.25,0.172,154,reviewed,ci,ci
2019-07-08T07:18:34.580Z,35.5498333,-117.377,2.6,3.56,ml,70,27,0.02683,0.17,ci,ci38484231,2021-11-23T22:31:15.630Z,"24km S of Trona, CA",earthquake,0.13,0.19,0.183,68,reviewed,ci,ci
2019-07-08T07:31:58.400Z,36.1566667,-117.8738333,2.63,3.55,ml,64,51,0.04192,0.17,ci,ci38484311,2021-11-23T22:28:06.420Z,"14km NNE of Coso Junction, CA",earthquake,0.12,0.36,0.131,42,reviewed,ci,ci
2019-07-08T08:20:02.410Z,36.1208333,-117.8575,3.71,3.9,mw,68,51,0.003887,0.17,ci,ci38484631,2021-11-23T22:38:10.600Z,"12km NE of Coso Junction, CA",earthquake,0.12,0.26,,4,reviewed,ci,ci
2019-07-08T09:57:10.970Z,35.6541667,-117.4618333,9.65,3.5,mw,79,24,0.03294,0.15,ci,ci38485391,2021-11-23T22:25:44.470Z,"14km SSW of Searles Valley, CA",earthquake,0.1,0.21,,6,reviewed,ci,ci
2019-07-08T11:23:22.590Z,35.9073333,-117.7075,4.96,3.16,ml,61,24,0.06155,0.14,ci,ci38486063,2021-11-23T22:08:03.760Z,"18km E of Little Lake, CA",earthquake,0.09,0.41,0.168,90,reviewed,ci,ci
2019-07-08T11:34:56.180Z,35.9478333,-117.7241667,3.39,2.98,ml,56,31,0.05987,0.16,ci,ci38486199,2021-11-23T21:15:52.110Z,"16km E of Little Lake, CA",earthquake,0.11,0.32,0.114,78,reviewed,ci,ci
2019-07-08T12:14:57.890Z,35.626,-117.4373333,9.99,3.47,mlr,72,25,0.04059,0.14,ci,ci38486591,2022-08-08T14:40:39.799Z,"16km S of Searles Valley, CA",earthquake,0.11,0.19,0.162,65,reviewed,ci,ci
2019-07-08T12:21:28.510Z,35.6691667,-117.525,8.59,3.18,ml,64,23,0.06541,0.13,ci,ci38486639,2021-12-03T01:31:29.870Z,"15km ENE of Ridgecrest, CA",earthquake,0.1,0.23,0.154,167,reviewed,ci,ci
2019-07-08T12:42:38.170Z,35.7151667,-117.57,6.51,3.1,ml,65,33,0.007381,0.13,ci,ci38486831,2020-03-17T17:11:03.030Z,"14km NE of Ridgecrest, CA",earthquake,0.09,0.19,0.165,158,reviewed,ci,ci
2019-07-08T13:58:19.180Z,35.5593333,-117.3916667,2.41,3.15,ml,50,49,0.04083,0.15,ci,ci38487519,2021-11-23T21:59:40.510Z,"23km S of Trona, CA",earthquake,0.14,0.22,0.136,113,reviewed,ci,ci
2019-07-08T14:31:01.380Z,35.6588333,-117.4868333,5.09,3.26,ml,70,21,0.05181,0.13,ci,ci38487839,2022-08-08T14:41:28.330Z,"14km SSW of Searles Valley, CA",earthquake,0.09,0.22,0.155,121,reviewed,ci,ci
2019-07-08T16:04:28.280Z,35.678,-117.5103333,4.3,3.83,mw,79,23,0.06689,0.16,ci,ci38488719,2022-06-16T17:45:24.940Z,"14km SW of Searles Valley, CA",earthquake,0.1,0.25,,6,reviewed,ci,ci
2019-07-08T16:09:57.580Z,35.6231667,-117.4311667,2.84,3.48,ml,72,25,0.0423,0.13,ci,ci38488767,2020-02-11T00:41:03.110Z,"16km S of Searles Valley, CA",earthquake,0.1,0.15,0.2,49,reviewed,ci,ci
2019-07-08T16:31:08.670Z,35.7418333,-117.5641667,9.35,3.03,ml,54,42,0.02039,0.13,ci,ci38488975,2020-03-17T23:48:30.540Z,"15km W of Searles Valley, CA",earthquake,0.11,0.2,0.13,100,reviewed,ci,ci
2019-07-08T17:50:01.470Z,35.6671667,-117.5003333,2.43,3.52,mw,72,32,0.06245,0.15,ci,ci38489727,2021-11-23T22:26:55.550Z,"14km SW of Searles Valley, CA",earthquake,0.09,0.17,,4,reviewed,ci,ci
2019-07-08T17:53:47.170Z,35.555,-117.3123333,7.7,3.81,mw,84,28,0.05207,0.16,ci,ci38489751,2021-11-23T22:33:36.840Z,"24km SSE of Trona, CA",earthquake,0.1,0.29,,6,reviewed,ci,ci
2019-07-08T18:03:54.630Z,35.7398333,-117.5641667,3.82,3.02,ml,65,43,0.0185,0.14,ci,ci38489847,2020-03-19T20:51:03.930Z,"15km WSW of Searles Valley, CA",earthquake,0.1,0.22,0.143,96,reviewed,ci,ci
2019-07-08T18:10:19.710Z,35.6715,-117.494,2.62,3.23,ml,67,21,0.05761,0.13,ci,ci38489903,2021-11-23T22:16:29.050Z,"13km SW of Searles Valley, CA",earthquake,0.1,0.16,0.179,120,reviewed,ci,ci
2019-07-08T18:20:57.730Z,35.9156667,-117.6868333,2.8,2.96,ml,44,24,0.0437,0.15,ci,ci38490007,2021-11-23T21:12:23.910Z,"20km E of Little Lake, CA",earthquake,0.12,0.26,0.13,23,reviewed,ci,ci
2019-07-08T19:45:21.870Z,35.9346667,-117.7318333,8.81,2.96,ml,56,23,0.0674,0.14,ci,ci38490727,2021-11-23T21:14:39.400Z,"16km E of Little Lake, CA",earthquake,0.11,0.24,0.197,75,reviewed,ci,ci
2019-07-08T22:18:49.260Z,35.9266667,-117.312,6.85,3.15,ml,60,30,0.04257,0.15,ci,ci38492271,2022-08-08T14:43:06.560Z,"19km NNE of Trona, CA",earthquake,0.12,0.31,0.156,80,reviewed,ci,ci
2019-07-08T22:57:40.960Z,36.0488333,-117.8461667,1.95,3.37,mlr,59,52,0.05447,0.17,ci,ci38492599,2021-11-23T22:19:08.550Z,"9km E of Coso Junction, CA",earthquake,0.13,0.18,0.18,40,reviewed,ci,ci
2019-07-08T23:23:41.570Z,35.6276667,-117.4293333,4.34,3.31,ml,64,25,0.03765,0.14,ci,ci38492831,2021-11-23T22:18:56.800Z,"16km S of Searles Valley, CA",earthquake,0.11,0.23,0.165,179,reviewed,ci,ci
2019-07-09T00:00:01.000Z,35.6793333,-117.5111667,5,3.22,ml,64,24,0.0655,0.14,ci,ci38493191,2021-12-03T00:41:57.160Z,"14km SW of Searles Valley, CA",earthquake,0.1,0.21,0.142,57,reviewed,ci,ci
2019-07-09T00:00:07.060Z,36.1328333,-117.8446667,5.14,3.01,ml,15,198,0.01731,0.11,ci,ci37265084,2020-03-20T00:56:54.564Z,"14km NE of Coso Junction, CA",earthquake,0.35,0.4,0.256,5,reviewed,ci,ci
2019-07-09T00:57:30.690Z,35.8635,-117.693,8.49,3.06,ml,62,24,0.08011,0.14,ci,ci38493743,2021-12-03T00:24:17.800Z,"21km ESE of Little Lake, CA",earthquake,0.09,0.26,0.148,89,reviewed,ci,ci
2019-07-09T04:02:54.020Z,35.9235,-117.4551667,7.05,3.56,mw,61,36,0.1195,0.16,ci,ci38495767,2020-02-11T01:16:54.506Z,"18km NNW of Searles Valley, CA",earthquake,0.12,0.47,,4,reviewed,ci,ci
2019-07-09T05:28:15.760Z,35.684,-117.534,10.45,2.98,ml,58,39,0.04919,0.12,ci,ci38496663,2020-03-20T21:29:44.860Z,"15km ENE of Ridgecrest, CA",earthquake,0.1,0.18,0.156,101,reviewed,ci,ci
2019-07-09T06:24:10.890Z,35.8951667,-117.6845,3,3.06,ml,62,26,0.05946,0.14,ci,ci38497239,2021-12-03T00:24:29.880Z,"20km ESE of Little Lake, CA",earthquake,0.1,0.31,0.136,79,reviewed,ci,ci
2019-07-09T07:04:16.270Z,35.8988333,-117.6723333,8.39,3.1,ml,64,24,0.0521,0.15,ci,ci38497719,2021-12-03T00:27:43.140Z,"22km E of Little Lake, CA",earthquake,0.11,0.28,0.179,87,reviewed,ci,ci
2019-07-09T08:17:31.570Z,35.782,-117.6143333,9.21,3.58,mw,75,42,0.01653,0.15,ci,ci38498615,2021-12-03T01:30:20.950Z,"19km NNE of Ridgecrest, CA",earthquake,0.1,0.19,,4,reviewed,ci,ci
2019-07-09T08:23:46.920Z,36.0245,-117.8681667,1.72,3.21,ml,62,53,0.02459,0.16,ci,ci38498647,2021-12-03T00:39:26.410Z,"8km ESE of Coso Junction, CA",earthquake,0.12,0.17,0.122,78,reviewed,ci,ci
2019-07-09T09:11:15.400Z,35.6626667,-117.5418333,8.72,3.21,ml,72,25,0.04623,0.12,ci,ci38499159,2021-12-03T00:40:36.540Z,"13km ENE of Ridgecrest, CA",earthquake,0.09,0.18,0.155,125,reviewed,ci,ci
2019-07-09T09:22:32.000Z,35.88,-117.6865,3.81,3.14,ml,61,28,0.07383,0.15,ci,ci38499303,2021-12-03T00:38:15.670Z,"21km ESE of Little Lake, CA",earthquake,0.1,0.3,0.151,89,reviewed,ci,ci
2019-07-09T10:21:52.370Z,35.9543333,-117.6768333,2.04,3.54,mw,66,27,0.0224,0.14,ci,ci38500135,2021-12-03T01:28:09.230Z,"21km E of Little Lake, CA",earthquake,0.09,0.14,,4,reviewed,ci,ci
2019-07-09T10:41:31.880Z,35.6838333,-117.5428333,5.01,3.11,ml,72,38,0.04517,0.13,ci,ci38500391,2021-12-03T00:30:02.760Z,"14km ENE of Ridgecrest, CA",earthquake,0.09,0.16,0.158,117,reviewed,ci,ci
2019-07-09T12:58:21.680Z,35.675,-117.4841667,2.34,3.47,mw,73,24,0.05023,0.14,ci,ci38501895,2022-08-08T14:46:24.587Z,"13km SW of Searles Valley, CA",earthquake,0.1,0.16,,4,reviewed,ci,ci
2019-07-09T12:58:31.930Z,35.6796667,-117.487,2.63,3.03,ml,18,70,0.05356,0.17,ci,ci37265404,2021-12-03T00:22:22.335Z,"12km SW of Searles Valley, CA",earthquake,0.24,0.26,0.105,9,reviewed,ci,ci
2019-07-09T13:28:48.060Z,35.5476667,-117.3818333,3.13,3.42,ml,66,26,0.0267,0.17,ci,ci38502215,2021-12-03T01:24:45.880Z,"24km S of Trona, CA",earthquake,0.14,0.2,0.143,137,reviewed,ci,ci
2019-07-09T15:40:45.550Z,35.5748333,-117.3633333,3.67,3.49,mw,76,27,0.04978,0.15,ci,ci38503631,2020-02-11T01:27:28.930Z,"21km S of Trona, CA",earthquake,0.11,0.28,,4,reviewed,ci,ci
2019-07-09T16:47:03.120Z,35.8916667,-117.7076667,7.4,3.33,mlr,64,26,0.07288,0.17,ci,ci38504415,2022-08-08T14:47:30.287Z,"19km ESE of Little Lake, CA",earthquake,0.1,0.34,0.143,56,reviewed,ci,ci
2019-07-09T17:11:28.660Z,35.7021667,-117.4941667,10.55,3.55,mw,82,23,0.0664,0.15,ci,ci38504647,2022-06-16T17:45:44.876Z,"11km SW of Searles Valley, CA",earthquake,0.1,0.17,,4,reviewed,ci,ci
2019-07-09T18:37:37.340Z,35.7278333,-117.5421667,10.39,3.43,ml,72,42,0.02479,0.15,ci,ci38505679,2021-12-01T21:50:08.710Z,"13km WSW of Searles Valley, CA",earthquake,0.11,0.18,0.163,56,reviewed,ci,ci
2019-07-09T19:49:50.550Z,35.9018333,-117.7191667,2.66,3.11,ml,61,25,0.07232,0.14,ci,ci38506343,2021-12-01T22:32:43.470Z,"17km ESE of Little Lake, CA",earthquake,0.09,0.19,0.139,85,reviewed,ci,ci
2019-07-09T21:52:49.310Z,35.8885,-117.7018333,5.22,3.28,ml,63,27,0.07251,0.14,ci,ci38507623,2021-12-01T21:57:14.960Z,"19km ESE of Little Lake, CA",earthquake,0.09,0.39,0.182,42,reviewed,ci,ci
2019-07-10T00:48:17.580Z,36.0571667,-117.8471667,1.69,4.07,mw,64,51,0.0605,0.16,ci,ci38509663,2021-12-01T23:44:14.940Z,"9km E of Coso Junction, CA",earthquake,0.12,0.19,,6,reviewed,ci,ci
2019-07-10T01:43:02.630Z,35.9015,-117.6901667,2.4,3.96,mw,64,25,0.05645,0.16,ci,ci38510319,2020-03-23T23:59:30.126Z,"20km ESE of Little Lake, CA",earthquake,0.1,0.19,,6,reviewed,ci,ci
2019-07-10T03:42:54.900Z,35.6426667,-117.4493333,10.61,3.61,mlr,81,24,0.03063,0.14,ci,ci38511719,2021-12-01T23:43:06.810Z,"14km SSW of Searles Valley, CA",earthquake,0.1,0.16,0.253,50,reviewed,ci,ci
2019-07-10T04:14:11.760Z,35.9433333,-117.6818333,3.65,3.06,ml,63,30,0.02593,0.17,ci,ci38512103,2021-12-01T22:34:47.060Z,"20km E of Little Lake, CA",earthquake,0.11,0.25,0.166,57,reviewed,ci,ci
2019-07-10T06:24:16.010Z,36.0508333,-117.8571667,1.75,2.98,ml,56,53,0.05074,0.16,ci,ci38513511,2021-12-01T22:40:54.980Z,"8km E of Coso Junction, CA",earthquake,0.12,0.2,0.142,71,reviewed,ci,ci
2019-07-10T07:05:26.260Z,36.0561667,-117.849,1.87,3.69,mw,65,52,0.05883,0.16,ci,ci38513943,2021-12-01T23:43:09.010Z,"9km E of Coso Junction, CA",earthquake,0.11,0.18,,6,reviewed,ci,ci
2019-07-10T07:22:42.980Z,35.9405,-117.7208333,2.78,3.08,ml,61,28,0.05764,0.14,ci,ci38514151,2021-12-01T22:36:52.200Z,"17km E of Little Lake, CA",earthquake,0.1,0.28,0.103,62,reviewed,ci,ci
2019-07-10T09:32:08.290Z,35.6626667,-117.4973333,4.42,3.25,ml,69,21,0.06003,0.13,ci,ci38515519,2021-12-01T22:20:45.171Z,"14km SW of Searles Valley, CA",earthquake,0.09,0.2,0.155,186,reviewed,ci,ci
2019-07-10T10:04:20.840Z,36.0306667,-117.7613333,3.62,3.16,ml,61,36,0.006307,0.14,ci,ci38515863,2022-06-16T17:46:02.313Z,"17km NE of Little Lake, CA",earthquake,0.11,0.21,0.16,54,reviewed,ci,ci
2019-07-10T10:58:04.970Z,35.865,-117.6865,2.95,3.45,ml,67,27,0.08502,0.16,ci,ci38516463,2021-12-01T21:48:03.690Z,"21km ESE of Little Lake, CA",earthquake,0.1,0.21,0.176,47,reviewed,ci,ci
2019-07-10T12:00:05.090Z,35.8758333,-117.7076667,5.02,3.81,mw,71,24,0.08165,0.16,ci,ci38517119,2021-12-01T23:44:11.820Z,"19km ESE of Little Lake, CA",earthquake,0.09,0.44,,6,reviewed,ci,ci
2019-07-10T12:28:56.960Z,36.0495,-117.8566667,1.91,4.18,mw,66,53,0.04984,0.16,ci,ci38517471,2021-12-14T18:18:25.122Z,"8km E of Coso Junction, CA",earthquake,0.11,0.16,,6,reviewed,ci,ci
2019-07-10T12:49:26.810Z,36.0536667,-117.8496667,2.03,3.05,ml,60,53,0.05649,0.16,ci,ci38517703,2021-12-01T22:45:05.960Z,"9km E of Coso Junction, CA",earthquake,0.12,0.17,0.158,56,reviewed,ci,ci
2019-07-10T13:02:18.690Z,35.7235,-117.5323333,9.29,3.2,ml,70,44,0.03221,0.13,ci,ci38517847,2022-08-08T14:50:38.818Z,"13km WSW of Searles Valley, CA",earthquake,0.09,0.18,0.164,77,reviewed,ci,ci
2019-07-10T13:23:09.190Z,35.643,-117.4868333,3.86,3.43,ml,67,29,0.05597,0.13,ci,ci38518087,2021-12-01T21:49:06.865Z,"16km SSW of Searles Valley, CA",earthquake,0.09,0.25,0.18,141,reviewed,ci,ci
2019-07-10T13:38:57.360Z,35.7668333,-117.5573333,9.9,3.26,ml,74,44,0.03465,0.15,ci,ci38518287,2021-12-01T22:09:19.570Z,"14km W of Searles Valley, CA",earthquake,0.1,0.19,0.111,25,reviewed,ci,ci
2019-07-10T14:53:06.080Z,36.046,-117.8598333,1.8,3.52,mw,64,52,0.04552,0.16,ci,ci38519135,2021-12-03T15:30:10.738Z,"8km E of Coso Junction, CA",earthquake,0.11,0.16,,6,reviewed,ci,ci
2019-07-10T14:54:00.380Z,36.049,-117.8658333,1.92,2.96,ml,44,55,0.04574,0.15,ci,ci38519143,2021-12-01T22:43:58.140Z,"7km E of Coso Junction, CA",earthquake,0.14,0.16,0.102,19,reviewed,ci,ci
2019-07-10T15:01:56.140Z,35.8796667,-117.6806667,4.99,3.33,ml,50,28,0.07239,0.14,ci,ci38519223,2021-12-01T21:52:11.170Z,"21km ESE of Little Lake, CA",earthquake,0.14,0.35,0.142,12,reviewed,ci,ci
2019-07-10T15:02:04.290Z,35.877,-117.6816667,4.86,3.56,mw,47,39,0.07517,0.15,ci,ci38519231,2021-12-01T23:43:02.260Z,"21km ESE of Little Lake, CA",earthquake,0.11,0.27,,4,reviewed,ci,ci
2019-07-10T15:09:24.600Z,35.6698333,-117.513,8.75,3.21,ml,72,20,0.06605,0.13,ci,ci38519287,2021-12-01T22:27:34.050Z,"15km SW of Searles Valley, CA",earthquake,0.09,0.2,0.129,117,reviewed,ci,ci
2019-07-10T16:01:38.210Z,35.8265,-117.6516667,3.37,3.49,ml,67,23,0.0453,0.17,ci,ci38519951,2021-12-01T22:16:26.030Z,"23km N of Ridgecrest, CA",earthquake,0.1,0.34,0.141,239,reviewed,ci,ci
2019-07-10T17:43:21.520Z,35.9846667,-117.7806667,7.46,3.24,ml,11,91,0.02296,0.11,ci,ci38521047,2019-09-28T20:01:07.040Z,"12km ENE of Little Lake, CA",earthquake,0.28,31.61,0.136,4,reviewed,ci,ci
2019-07-10T18:49:01.420Z,36.1661667,-117.8825,1.12,4.09,mw,67,52,0.0534,0.16,ci,ci38521799,2021-12-08T22:34:39.730Z,"15km NNE of Coso Junction, CA",earthquake,0.12,0.21,,4,reviewed,ci,ci
2019-07-10T18:51:35.250Z,36.1695,-117.875,2.27,3.7,mw,66,51,0.05432,0.15,ci,ci38521815,2021-12-08T22:33:50.443Z,"15km NNE of Coso Junction, CA",earthquake,0.11,0.25,,4,reviewed,ci,ci
2019-07-10T18:51:43.830Z,36.0553333,-117.8541667,7.76,3.51,ml,10,127,0.05584,0.12,ci,ci37265572,2021-12-08T23:26:24.337Z,"8km E of Coso Junction, CA",earthquake,0.38,0.71,0.078,2,reviewed,ci,ci
2019-07-10T19:15:02.530Z,36.1213333,-117.8286667,2.65,3.25,ml,42,51,0.02154,0.15,ci,ci38522055,2021-12-08T23:50:06.720Z,"14km NE of Coso Junction, CA",earthquake,0.15,0.38,0.161,21,reviewed,ci,ci
2019-07-10T19:15:14.920Z,35.3466667,-117.9205,4.62,3.18,ml,32,58,0.09992,0.2,ci,ci37248948,2021-12-08T23:59:16.989Z,"25km NNE of California City, CA",earthquake,0.23,0.76,0.216,80,reviewed,ci,ci
2019-07-10T20:09:51.950Z,35.6646667,-117.5248333,9.19,4.17,mw,84,18,0.05577,0.17,ci,ci38522647,2021-12-08T21:47:27.300Z,"14km ENE of Ridgecrest, CA",earthquake,0.12,0.25,,4,reviewed,ci,ci
2019-07-10T21:40:58.420Z,35.5731667,-117.5211667,10.09,3.09,ml,70,24,0.04987,0.14,ci,ci38523567,2021-12-09T15:52:19.490Z,"15km ESE of Ridgecrest, CA",earthquake,0.1,0.2,0.202,114,reviewed,ci,ci
2019-07-10T22:15:48.260Z,36.1731667,-117.8835,0.98,3.87,mw,65,52,0.06012,0.16,ci,ci38523943,2021-12-08T21:42:13.040Z,"15km NNE of Coso Junction, CA",earthquake,0.12,0.24,,4,reviewed,ci,ci
2019-07-10T22:15:53.250Z,36.1713333,-117.8856667,2.05,3.66,mlr,21,170,0.05915,0.19,ci,ci37265580,2020-03-25T21:11:38.544Z,"15km NNE of Coso Junction, CA",earthquake,0.42,0.23,0.112,13,reviewed,ci,ci
2019-07-10T23:35:43.530Z,35.9561667,-117.281,4.82,3.01,ml,59,32,0.06511,0.15,ci,ci38524831,2021-12-09T16:07:47.490Z,"23km NNE of Trona, CA",earthquake,0.13,0.39,0.138,73,reviewed,ci,ci
2019-07-10T23:48:43.270Z,35.6181667,-117.4398333,6.8,3.29,ml,77,24,0.03648,0.14,ci,ci38524935,2021-12-08T23:46:03.800Z,"17km S of Searles Valley, CA",earthquake,0.1,0.18,0.158,289,reviewed,ci,ci
2019-07-10T23:58:59.200Z,35.6723333,-117.4891667,4.36,3.62,mw,90,21,0.02838,0.13,ci,ci38525047,2021-12-08T22:34:41.890Z,"13km SW of Searles Valley, CA",earthquake,0.08,0.16,,4,reviewed,ci,ci
2019-07-11T00:08:54.490Z,36.175,-117.8811667,1.66,3.05,ml,63,51,0.06113,0.16,ci,ci38525143,2021-12-09T16:05:21.648Z,"16km NNE of Coso Junction, CA",earthquake,0.12,0.25,0.138,71,reviewed,ci,ci
2019-07-11T00:14:37.320Z,36.1766667,-117.884,0.93,4.52,mw,71,51,0.06351,0.17,ci,ci38525207,2021-12-08T21:44:21.960Z,"16km NNE of Coso Junction, CA",earthquake,0.11,0.22,,6,reviewed,ci,ci
2019-07-11T00:15:39.220Z,36.1536667,-117.8763333,2.11,4.37,mw,68,52,0.03999,0.19,ci,ci38525215,2021-12-08T21:55:31.320Z,"14km NNE of Coso Junction, CA",earthquake,0.14,0.23,,4,reviewed,ci,ci
2019-07-11T00:20:19.930Z,36.179,-117.8851667,0.77,3.45,ml,63,51,0.06602,0.16,ci,ci38525247,2021-12-08T23:37:55.884Z,"16km SE of Olancha, CA",earthquake,0.12,0.23,0.117,171,reviewed,ci,ci
2019-07-11T00:35:44.320Z,35.8851667,-117.7173333,3.58,3.01,ml,66,25,0.0829,0.14,ci,ci38525407,2021-12-09T16:30:16.330Z,"18km ESE of Little Lake, CA",earthquake,0.1,0.33,0.145,128,reviewed,ci,ci
2019-07-11T00:42:53.270Z,36.1781667,-117.8776667,2.29,3.07,ml,60,55,0.06322,0.14,ci,ci38525479,2021-12-09T15:54:22.090Z,"16km NNE of Coso Junction, CA",earthquake,0.11,0.25,0.108,67,reviewed,ci,ci
2019-07-11T00:46:09.530Z,36.0456667,-117.7243333,1.37,3.21,ml,63,29,0.03895,0.16,ci,ci38525495,2021-12-08T23:57:42.190Z,"20km E of Coso Junction, CA",earthquake,0.11,0.16,0.197,107,reviewed,ci,ci
2019-07-11T01:21:50.780Z,36.0331667,-117.8548333,2.2,3.16,ml,62,52,0.03841,0.14,ci,ci38525895,2021-12-09T15:44:19.121Z,"8km E of Coso Junction, CA",earthquake,0.1,0.14,0.133,140,reviewed,ci,ci
2019-07-11T02:35:22.450Z,35.9411667,-117.721,2.44,3.51,mw,73,28,0.0577,0.17,ci,ci38526799,2021-12-08T23:25:21.240Z,"17km E of Little Lake, CA",earthquake,0.1,0.19,,6,reviewed,ci,ci
2019-07-11T04:10:01.370Z,36.0563333,-117.8488333,2.07,4.3,mw,73,52,0.05905,0.16,ci,ci38527863,2021-12-08T21:45:26.863Z,"9km E of Coso Junction, CA",earthquake,0.11,0.17,,6,reviewed,ci,ci
2019-07-11T04:18:49.390Z,36.0595,-117.8483333,2,3.45,mw,65,51,0.0582,0.16,ci,ci38527943,2021-12-08T23:34:31.550Z,"9km E of Coso Junction, CA",earthquake,0.11,0.18,,4,reviewed,ci,ci
2019-07-11T04:45:31.010Z,35.9558333,-117.2788333,4.66,3.57,mw,64,32,0.06485,0.17,ci,ci38528167,2021-12-08T22:47:56.241Z,"23km NNE of Trona, CA",earthquake,0.12,0.41,,4,reviewed,ci,ci
2019-07-11T05:03:46.140Z,35.9538333,-117.2803333,4.86,3.55,mw,63,29,0.0628,0.17,ci,ci38528383,2021-12-08T23:22:17.080Z,"23km NNE of Trona, CA",earthquake,0.13,0.46,,4,reviewed,ci,ci
2019-07-11T07:04:05.960Z,36.1793333,-117.883,1.46,4.02,mw,71,51,0.0657,0.19,ci,ci38529591,2022-03-19T23:49:27.331Z,"16km SE of Olancha, CA",earthquake,0.13,0.34,,6,reviewed,ci,ci
2019-07-11T07:19:49.980Z,36.1795,-117.8843333,1.97,3.53,mw,69,51,0.06624,0.16,ci,ci38529711,2021-12-08T23:11:58.390Z,"16km SE of Olancha, CA",earthquake,0.12,0.29,,6,reviewed,ci,ci
2019-07-11T07:55:56.460Z,35.6603333,-117.4666667,5.62,3.37,ml,77,22,0.01727,0.14,ci,ci38530047,2021-12-08T23:40:57.240Z,"13km SSW of Searles Valley, CA",earthquake,0.09,0.24,0.121,171,reviewed,ci,ci
2019-07-11T08:48:02.340Z,35.895,-117.7051667,8.49,3.44,ml,68,26,0.06902,0.15,ci,ci38530495,2021-12-08T23:54:12.100Z,"19km ESE of Little Lake, CA",earthquake,0.11,0.29,0.147,42,reviewed,ci,ci
2019-07-11T10:26:29.870Z,36.0465,-117.7188333,1.13,3.48,mw,65,29,0.04321,0.18,ci,ci38531487,2021-12-08T23:29:25.380Z,"21km E of Coso Junction, CA",earthquake,0.11,0.2,,6,reviewed,ci,ci
2019-07-11T10:27:24.390Z,36.0471667,-117.7171667,1.38,3.13,ml,59,29,0.04472,0.15,ci,ci38531503,2021-12-09T15:47:37.321Z,"21km E of Coso Junction, CA",earthquake,0.11,0.18,0.166,21,reviewed,ci,ci
2019-07-11T10:43:35.390Z,36.0441667,-117.7231667,1.48,3.55,mw,66,24,0.03901,0.16,ci,ci38531663,2021-12-08T22:50:49.220Z,"20km E of Coso Junction, CA",earthquake,0.11,0.18,,6,reviewed,ci,ci
2019-07-11T10:59:45.820Z,35.9423333,-117.3773333,1.71,3.67,mw,70,20,0.09194,0.17,ci,ci38531775,2021-12-08T22:33:28.552Z,"20km N of Searles Valley, CA",earthquake,0.11,0.25,,6,reviewed,ci,ci
2019-07-11T11:17:27.630Z,36.1553333,-117.8805,1.38,3.17,ml,52,52,0.04301,0.17,ci,ci38531903,2021-12-09T15:41:08.860Z,"14km NNE of Coso Junction, CA",earthquake,0.14,0.23,0.138,69,reviewed,ci,ci
2019-07-11T11:36:16.600Z,35.618,-117.4206667,4.76,3.53,mw,69,26,0.03634,0.16,ci,ci38532079,2021-12-08T23:07:45.957Z,"17km SSW of Trona, CA",earthquake,0.11,0.15,,6,reviewed,ci,ci
2019-07-11T12:20:04.630Z,36.0833333,-117.8783333,1.49,3,ml,53,56,0.03911,0.15,ci,ci38532479,2021-12-09T16:26:14.169Z,"8km NE of Coso Junction, CA",earthquake,0.14,0.2,0.132,40,reviewed,ci,ci
2019-07-11T12:20:42.280Z,35.9403333,-117.3803333,2.16,3.52,mw,67,20,0.0929,0.17,ci,ci38532487,2021-12-08T23:15:01.070Z,"19km N of Searles Valley, CA",earthquake,0.11,0.27,,6,reviewed,ci,ci
2019-07-11T13:13:13.510Z,35.8163333,-117.6436667,6.3,3.11,ml,68,40,0.05805,0.14,ci,ci38532975,2021-12-09T15:51:16.610Z,"22km N of Ridgecrest, CA",earthquake,0.1,0.33,0.133,96,reviewed,ci,ci
2019-07-11T15:32:52.260Z,36.1565,-117.8768333,2.29,3.87,mw,69,51,0.04272,0.17,ci,ci38534255,2024-10-21T20:55:28.960Z,"14km NNE of Coso Junction, CA",earthquake,0.12,0.25,,6,reviewed,ci,ci
2019-07-11T15:51:06.400Z,36.1828333,-117.8813333,1.63,3.31,ml,64,52,0.06855,0.17,ci,ci38534415,2021-12-08T23:43:35.810Z,"16km SE of Olancha, CA",earthquake,0.12,0.29,0.126,84,reviewed,ci,ci
2019-07-11T16:19:08.760Z,36.1823333,-117.8841667,0.96,3.72,mw,67,52,0.06884,0.17,ci,ci38534591,2021-12-08T22:34:37.600Z,"16km SE of Olancha, CA",earthquake,0.13,0.26,,4,reviewed,ci,ci
2019-07-11T16:41:08.500Z,35.7033333,-117.5061667,2.48,3.53,mw,84,23,0.05678,0.15,ci,ci38534735,2022-08-08T14:53:25.343Z,"12km SW of Searles Valley, CA",earthquake,0.09,0.13,,4,reviewed,ci,ci
2019-07-11T17:31:04.060Z,35.9588333,-117.4801667,1.86,3.1,ml,62,27,0.09921,0.19,ci,ci38535183,2020-03-31T17:38:48.659Z,"22km NNW of Searles Valley, CA",earthquake,0.15,0.35,0.135,81,reviewed,ci,ci
2019-07-11T23:37:27.310Z,35.9353333,-117.7446667,2.09,2.96,ml,68,21,0.04793,0.17,ci,ci38538911,2021-12-10T21:44:13.310Z,"15km E of Little Lake, CA",earthquake,0.11,0.18,0.162,26,reviewed,ci,ci
2019-07-11T23:45:18.670Z,35.95,-117.703,4.32,4.14,mw,78,33,0.04275,0.18,ci,ci38538991,2021-12-10T19:12:07.000Z,"18km E of Little Lake, CA",earthquake,0.11,0.23,,6,reviewed,ci,ci
2019-07-11T23:51:08.980Z,35.5396667,-117.3863333,5.02,3.46,ml,83,26,0.02306,0.14,ci,ci38539031,2021-12-10T18:39:53.690Z,"25km S of Trona, CA",earthquake,0.09,0.16,0.151,237,reviewed,ci,ci
2019-07-11T23:52:32.220Z,35.9463333,-117.6985,4.8,3.64,mw,72,32,0.03908,0.15,ci,ci38539039,2021-12-10T18:48:06.860Z,"19km E of Little Lake, CA",earthquake,0.1,0.19,,4,reviewed,ci,ci
2019-07-12T00:08:06.690Z,35.9448333,-117.3726667,2.7,3.21,ml,68,28,0.09028,0.15,ci,ci38539215,2021-08-16T20:01:08.480Z,"20km N of Searles Valley, CA",earthquake,0.11,0.32,0.135,242,reviewed,ci,ci
2019-07-12T02:18:30.090Z,36.1815,-117.8843333,1.54,3.65,mw,67,51,0.0681,0.18,ci,ci38540647,2021-08-16T20:21:41.110Z,"16km SE of Olancha, CA",earthquake,0.14,0.33,,4,reviewed,ci,ci
2019-07-12T03:26:23.510Z,35.8681667,-117.7043333,5.62,3.05,ml,60,36,0.0173,0.15,ci,ci38541351,2021-08-16T19:47:53.650Z,"20km ESE of Little Lake, CA",earthquake,0.11,0.34,0.15,89,reviewed,ci,ci
2019-07-12T03:27:53.690Z,35.9395,-117.3788333,1.9,3.94,mw,72,20,0.09142,0.19,ci,ci38541359,2021-08-16T20:25:45.830Z,"19km N of Searles Valley, CA",earthquake,0.12,0.29,,6,reviewed,ci,ci
2019-07-12T03:32:17.420Z,35.8881667,-117.724,4.92,3.21,ml,72,26,0.01582,0.16,ci,ci38541391,2021-08-16T20:06:20.820Z,"17km ESE of Little Lake, CA",earthquake,0.1,0.21,0.157,250,reviewed,ci,ci
2019-07-12T04:11:59.860Z,36.183,-117.8855,1.92,3.24,ml,66,52,0.06984,0.17,ci,ci38541743,2021-08-16T20:09:26.050Z,"15km SE of Olancha, CA",earthquake,0.12,0.27,0.131,87,reviewed,ci,ci
2019-07-12T07:56:02.970Z,35.5485,-117.3745,4.81,3.03,ml,75,27,0.02487,0.15,ci,ci38544311,2021-08-16T19:31:41.580Z,"24km S of Trona, CA",earthquake,0.11,0.18,0.141,26,reviewed,ci,ci
2019-07-12T13:11:37.990Z,35.6368333,-117.5861667,9.48,4.9,mw,103,16,0.02027,0.16,ci,ci38548295,2021-08-16T20:18:35.990Z,"8km ENE of Ridgecrest, CA",earthquake,0.09,0.18,,6,reviewed,ci,ci
2019-07-12T13:12:11.930Z,35.629,-117.597,9.43,3.49,mlr,25,47,0.02376,0.13,ci,ci37266364,2021-08-16T20:13:46.469Z,"7km E of Ridgecrest, CA",earthquake,0.22,0.46,0.134,4,reviewed,ci,ci
2019-07-12T13:12:22.020Z,35.6391667,-117.5825,9.8,3.22,ml,21,40,0.02027,0.15,ci,ci37266372,2021-08-16T19:51:53.328Z,"9km ENE of Ridgecrest, CA",earthquake,0.28,0.58,0.098,2,reviewed,ci,ci
2019-07-12T13:12:44.260Z,35.6303333,-117.5861667,9.26,2.96,ml,23,68,0.01617,0.15,ci,ci37266380,2021-08-16T19:24:51.713Z,"8km E of Ridgecrest, CA",earthquake,0.31,0.58,0.307,2,reviewed,ci,ci
2019-07-12T23:23:38.830Z,35.6855,-117.5218333,8.04,3.18,ml,75,27,0.05376,0.14,ci,ci38553255,2021-08-16T19:58:02.440Z,"14km SW of Searles Valley, CA",earthquake,0.09,0.22,0.164,249,reviewed,ci,ci
2019-07-13T01:16:52.480Z,35.7518333,-117.5673333,8.8,3.28,ml,78,42,0.0296,0.14,ci,ci38553919,2020-04-01T23:58:31.830Z,"15km W of Searles Valley, CA",earthquake,0.09,0.21,0.155,270,reviewed,ci,ci
2019-07-13T10:25:19.030Z,35.9421667,-117.3736667,3.07,3.83,mw,75,20,0.08939,0.16,ci,ci38557895,2020-04-02T17:36:51.100Z,"20km N of Searles Valley, CA",earthquake,0.12,0.47,,6,reviewed,ci,ci
2019-07-13T11:45:20.980Z,35.6348333,-117.429,4.72,3.16,ml,82,25,0.03053,0.14,ci,ci38558295,2022-06-16T17:46:17.986Z,"15km S of Searles Valley, CA",earthquake,0.09,0.15,0.154,147,reviewed,ci,ci
2019-07-13T12:44:25.810Z,35.9275,-117.694,4.54,3.08,ml,67,25,0.02593,0.15,ci,ci38558607,2020-04-02T19:49:34.970Z,"19km E of Little Lake, CA",earthquake,0.1,0.18,0.15,148,reviewed,ci,ci
2019-07-13T14:34:41.540Z,35.917,-117.6705,3.55,3.17,ml,64,26,0.02934,0.15,ci,ci38559263,2020-04-02T20:03:04.055Z,"21km E of Little Lake, CA",earthquake,0.12,0.26,0.143,235,reviewed,ci,ci
2019-07-13T14:54:30.430Z,35.6083333,-117.4166667,8.67,3.2,ml,76,25,0.02984,0.14,ci,ci38559367,2022-08-08T14:57:48.950Z,"18km S of Trona, CA",earthquake,0.1,0.18,0.157,265,reviewed,ci,ci
2019-07-13T19:06:15.510Z,35.6941667,-117.535,9.21,3.34,ml,89,29,0.04118,0.15,ci,ci38560831,2022-08-08T14:58:27.953Z,"14km SW of Searles Valley, CA",earthquake,0.08,0.18,0.136,281,reviewed,ci,ci
2019-07-13T22:05:12.400Z,35.5243333,-117.38,8.43,3.08,ml,68,22,0.01263,0.15,ci,ci38561631,2020-04-02T21:21:08.120Z,"27km S of Trona, CA",earthquake,0.12,0.23,0.15,142,reviewed,ci,ci
2019-07-13T22:58:40.480Z,35.6865,-117.5435,5.39,3.49,mlr,85,25,0.04263,0.14,ci,ci38561839,2020-04-02T21:35:13.400Z,"14km ENE of Ridgecrest, CA",earthquake,0.09,0.24,0.169,178,reviewed,ci,ci
2019-07-13T23:03:35.850Z,35.9363333,-117.6963333,3.53,3.24,ml,72,28,0.03425,0.16,ci,ci38561855,2020-04-02T21:41:18.100Z,"19km E of Little Lake, CA",earthquake,0.1,0.24,0.22,25,reviewed,ci,ci
2019-07-14T05:26:24.300Z,35.9751667,-117.669,3.03,3.09,ml,69,25,0.03112,0.16,ci,ci38563839,2021-08-17T21:49:58.100Z,"22km ENE of Little Lake, CA",earthquake,0.11,0.18,0.148,161,reviewed,ci,ci
2019-07-14T06:03:17.280Z,35.9781667,-117.668,3.02,3.4,ml,71,24,0.03341,0.16,ci,ci38564023,2021-08-17T22:24:46.350Z,"22km ENE of Little Lake, CA",earthquake,0.1,0.18,0.163,203,reviewed,ci,ci
2019-07-14T06:06:39.280Z,35.8865,-117.7203333,4.58,3.36,ml,71,18,0.01265,0.14,ci,ci38564031,2021-08-17T22:18:37.380Z,"18km ESE of Little Lake, CA",earthquake,0.09,0.19,0.146,98,reviewed,ci,ci
2019-07-14T11:00:08.690Z,36.1951667,-117.8936667,1.39,3.26,ml,68,52,0.08355,0.18,ci,ci38565431,2021-08-17T22:13:30.290Z,"14km SE of Olancha, CA",earthquake,0.12,0.32,0.12,163,reviewed,ci,ci
2019-07-14T12:27:03.880Z,35.6603333,-117.4903333,2.68,3.1,ml,79,21,0.01807,0.13,ci,ci38565791,2021-08-17T22:00:06.440Z,"14km SSW of Searles Valley, CA",earthquake,0.09,0.12,0.127,153,reviewed,ci,ci
2019-07-14T12:29:33.710Z,35.3363333,-117.9133333,6.88,3.1,ml,87,23,0.08819,0.18,ci,ci38565815,2021-08-17T22:04:15.260Z,"24km NNE of California City, CA",earthquake,0.12,0.63,0.171,207,reviewed,ci,ci
2019-07-14T14:00:17.240Z,35.5935,-117.3865,6.59,3.05,ml,80,23,0.008854,0.14,ci,ci38566311,2021-08-17T21:46:52.490Z,"19km S of Trona, CA",earthquake,0.1,0.19,0.167,205,reviewed,ci,ci
2019-07-14T20:37:06.640Z,35.7641667,-117.579,6.27,3.14,ml,64,37,0.04208,0.13,ci,ci38568471,2021-08-17T22:10:23.230Z,"16km W of Searles Valley, CA",earthquake,0.1,0.31,0.153,188,reviewed,ci,ci
2019-07-14T20:40:15.740Z,36.1046667,-117.881,0.97,3.36,ml,65,54,0.02478,0.17,ci,ci38568511,2021-08-17T22:21:41.290Z,"9km NE of Coso Junction, CA",earthquake,0.15,0.21,0.123,141,reviewed,ci,ci
2019-07-14T22:38:05.780Z,35.5941667,-117.3811667,6.13,3.4,ml,58,29,0.007018,0.14,ci,ci38569055,2021-08-17T23:58:23.740Z,"19km S of Trona, CA",earthquake,0.13,0.23,0.164,124,reviewed,ci,ci
2019-07-14T23:15:55.070Z,36.0915,-117.8618333,5.29,2.96,ml,67,53,0.02663,0.16,ci,ci38569191,2021-08-17T21:42:44.880Z,"9km ENE of Coso Junction, CA",earthquake,0.13,0.3,0.164,129,reviewed,ci,ci
2019-07-15T02:54:39.630Z,35.6643333,-117.5035,9.22,3.64,mw,77,31,0.02825,0.14,ci,ci38570271,2021-08-20T21:55:35.390Z,"15km SW of Searles Valley, CA",earthquake,0.1,0.17,,4,reviewed,ci,ci
2019-07-15T04:55:56.370Z,35.6176667,-117.6001667,8.81,3.07,ml,75,22,0.02568,0.14,ci,ci38570919,2021-08-20T20:49:55.660Z,"7km E of Ridgecrest, CA",earthquake,0.09,0.24,0.161,193,reviewed,ci,ci
2019-07-15T06:39:55.780Z,35.371,-117.8421667,4.01,3.33,ml,89,27,0.1034,0.16,ci,ci38571423,2021-08-20T21:47:35.666Z,"19km W of Johannesburg, CA",earthquake,0.11,0.52,0.165,235,reviewed,ci,ci
2019-07-15T08:38:45.240Z,36.056,-117.8506667,2.26,4.21,mw,74,52,0.05794,0.16,ci,ci38572055,2021-08-20T22:01:48.280Z,"9km E of Coso Junction, CA",earthquake,0.11,0.18,,4,reviewed,ci,ci
2019-07-15T15:43:36.550Z,35.6701667,-117.4141667,8.43,3.61,mw,85,25,0.009239,0.15,ci,ci38574407,2021-08-20T21:53:30.570Z,"11km S of Searles Valley, CA",earthquake,0.1,0.21,,6,reviewed,ci,ci
2019-07-15T18:34:49.130Z,35.9056667,-117.692,2.83,3.05,ml,64,20,0.05401,0.16,ci,ci38575455,2021-08-20T20:43:49.180Z,"20km E of Little Lake, CA",earthquake,0.1,0.26,0.162,114,reviewed,ci,ci
2019-07-15T21:13:55.750Z,35.6723333,-117.5233333,8.2,3.22,ml,74,19,0.04587,0.13,ci,ci38576223,2021-08-20T21:46:18.870Z,"15km ENE of Ridgecrest, CA",earthquake,0.09,0.19,0.181,118,reviewed,ci,ci
2019-07-15T21:29:53.010Z,35.6785,-117.506,9.21,3.69,mw,84,23,0.04024,0.16,ci,ci38576311,2021-08-20T21:57:40.550Z,"14km SW of Searles Valley, CA",earthquake,0.1,0.19,,6,reviewed,ci,ci
2019-07-16T00:50:22.040Z,35.9446667,-117.7006667,2.96,3.12,ml,67,31,0.04093,0.14,ci,ci38577303,2021-09-01T21:51:39.232Z,"19km E of Little Lake, CA",earthquake,0.1,0.31,0.214,25,reviewed,ci,ci
2019-07-16T02:35:52.600Z,35.8683333,-117.7006667,7.74,3.05,ml,67,19,0.07925,0.15,ci,ci38577799,2022-08-08T15:03:37.559Z,"20km ESE of Little Lake, CA",earthquake,0.11,0.36,0.141,198,reviewed,ci,ci
2019-07-16T02:47:05.040Z,35.6323333,-117.432,4.99,3.8,mw,80,36,0.03341,0.14,ci,ci38577831,2021-09-01T22:20:58.290Z,"15km S of Searles Valley, CA",earthquake,0.09,0.15,,6,reviewed,ci,ci
